

================================================================
== Vitis HLS Report for 'write_arg'
================================================================
* Date:           Wed Apr  1 19:51:40 2026

* Version:        2025.1 (Build 6135595 on May 21 2025)
* Project:        vertex_map
* Solution:       hls (Vivado IP Flow Target)
* Product family: virtexuplusHBM
* Target device:  xcu55c-fsvh2892-2LV-e


================================================================
== Performance Estimates
================================================================
+ Timing: 
    * Summary: 
    +--------+---------+----------+------------+
    |  Clock |  Target | Estimated| Uncertainty|
    +--------+---------+----------+------------+
    |ap_clk  |  4.00 ns|  2.920 ns|     1.08 ns|
    +--------+---------+----------+------------+

+ Latency: 
    * Summary: 
    +---------+---------+----------+----------+-----+-----+---------+
    |  Latency (cycles) |  Latency (absolute) |  Interval | Pipeline|
    |   min   |   max   |    min   |    max   | min | max |   Type  |
    +---------+---------+----------+----------+-----+-----+---------+
    |       97|       97|  0.388 us|  0.388 us|   97|   97|       no|
    +---------+---------+----------+----------+-----+-----+---------+

    + Detail: 
        * Instance: 
        N/A

        * Loop: 
        N/A

============================================================
+ Verbose Summary: Synthesis Manager
============================================================
InlineROM: 1
ExposeGlobal: 0
============================================================
+ Verbose Summary: CDFG Model
============================================================
IsTopModel: 0
ResetActiveHigh: 1
IsCombinational: 2
IsDatapathOnly: 0
HasWiredReturn: 1
HasMFsm: 0
HasVarLatency: 1
IsPipeline: 0
IsRtlPipelined: 0
IsInstanceOverlapped: 0
IsDontTouch: 0
HasImplIP: 0
IsGatedGlobalClock: 0


============================================================
+ Verbose Summary: Schedule
============================================================
* Number of FSM states : 98
* Pipeline : 0
* Dataflow Pipeline: 0

* FSM state transitions: 
1 --> 2 
2 --> 3 
3 --> 4 
4 --> 5 
5 --> 6 
6 --> 7 
7 --> 8 
8 --> 9 
9 --> 10 
10 --> 11 
11 --> 12 
12 --> 13 
13 --> 14 
14 --> 15 
15 --> 16 
16 --> 17 
17 --> 18 
18 --> 19 
19 --> 20 
20 --> 21 
21 --> 22 
22 --> 23 
23 --> 24 
24 --> 25 
25 --> 26 
26 --> 27 
27 --> 28 
28 --> 29 
29 --> 30 
30 --> 31 
31 --> 32 
32 --> 33 
33 --> 34 
34 --> 35 
35 --> 36 
36 --> 37 
37 --> 38 
38 --> 39 
39 --> 40 
40 --> 41 
41 --> 42 
42 --> 43 
43 --> 44 
44 --> 45 
45 --> 46 
46 --> 47 
47 --> 48 
48 --> 49 
49 --> 50 
50 --> 51 
51 --> 52 
52 --> 53 
53 --> 54 
54 --> 55 
55 --> 56 
56 --> 57 
57 --> 58 
58 --> 59 
59 --> 60 
60 --> 61 
61 --> 62 
62 --> 63 
63 --> 64 
64 --> 65 
65 --> 66 
66 --> 67 
67 --> 68 
68 --> 69 
69 --> 70 
70 --> 71 
71 --> 72 
72 --> 73 
73 --> 74 
74 --> 75 
75 --> 76 
76 --> 77 
77 --> 78 
78 --> 79 
79 --> 80 
80 --> 81 
81 --> 82 
82 --> 83 
83 --> 84 
84 --> 85 
85 --> 86 
86 --> 87 
87 --> 88 
88 --> 89 
89 --> 90 
90 --> 91 
91 --> 92 
92 --> 93 
93 --> 94 
94 --> 95 
95 --> 96 
96 --> 97 
97 --> 98 
98 --> 

* FSM state operations: 

State 1 <SV = 0> <Delay = 2.25>
ST_1 : Operation 99 [1/1] ( I:1.40ns O:1.40ns )   --->   "%mem_1 = read i64 @_ssdm_op_Read.ap_fifo.i64P0A, i64 %mem"   --->   Operation 99 'read' 'mem_1' <Predicate = true> <Delay = 1.40> <CoreInst = "FIFO_SRL">   --->   Core 80 'FIFO_SRL' <Latency = 0> <II = 1> <Delay = 1.40> <Storage> <Opcode : 'read' 'write' 'nbread' 'nbwrite'> <Ports = 0> <Width = 64> <Depth = 5> <FIFO>
ST_1 : Operation 100 [1/1] (0.00ns)   --->   "%val = alloca i64 1"   --->   Operation 100 'alloca' 'val' <Predicate = true> <Delay = 0.00>
ST_1 : Operation 101 [1/1] ( I:1.43ns O:1.43ns )   --->   "%sums_stream_read = read i32 @_ssdm_op_Read.ap_fifo.volatile.i32P0A, i32 %sums_stream" [../pageRankReduce/pageRank.cpp:189]   --->   Operation 101 'read' 'sums_stream_read' <Predicate = true> <Delay = 1.43> <CoreInst = "FIFO_SRL">   --->   Core 80 'FIFO_SRL' <Latency = 0> <II = 1> <Delay = 1.43> <Storage> <Opcode : 'read' 'write' 'nbread' 'nbwrite'> <Ports = 0> <Width = 32> <Depth = 9> <FIFO>
ST_1 : Operation 102 [1/1] ( I:1.23ns O:1.23ns )   --->   "%taskToWrite_read = read i480 @_ssdm_op_Read.ap_fifo.volatile.i480P0A, i480 %taskToWrite" [../pageRankReduce/pageRank.cpp:191]   --->   Operation 102 'read' 'taskToWrite_read' <Predicate = true> <Delay = 1.23> <CoreInst = "FIFO">   --->   Core 77 'FIFO' <Latency = 0> <II = 1> <Delay = 1.23> <Storage> <Opcode : 'read' 'write' 'nbread' 'nbwrite'> <Ports = 0> <Width = 480> <Depth = 9> <FIFO>
ST_1 : Operation 103 [1/1] (0.00ns)   --->   "%task_pPrNext = partselect i64 @_ssdm_op_PartSelect.i64.i480.i32.i32, i480 %taskToWrite_read, i32 64, i32 127" [../pageRankReduce/pageRank.cpp:191]   --->   Operation 103 'partselect' 'task_pPrNext' <Predicate = true> <Delay = 0.00>
ST_1 : Operation 104 [1/1] (0.00ns)   --->   "%task_cont = partselect i64 @_ssdm_op_PartSelect.i64.i480.i32.i32, i480 %taskToWrite_read, i32 128, i32 191" [../pageRankReduce/pageRank.cpp:191]   --->   Operation 104 'partselect' 'task_cont' <Predicate = true> <Delay = 0.00>
ST_1 : Operation 105 [1/1] (0.00ns)   --->   "%task_vertex_count = partselect i32 @_ssdm_op_PartSelect.i32.i480.i32.i32, i480 %taskToWrite_read, i32 288, i32 319" [../pageRankReduce/pageRank.cpp:191]   --->   Operation 105 'partselect' 'task_vertex_count' <Predicate = true> <Delay = 0.00>
ST_1 : Operation 106 [1/1] (0.00ns)   --->   "%trunc_ln191_4 = partselect i32 @_ssdm_op_PartSelect.i32.i480.i32.i32, i480 %taskToWrite_read, i32 320, i32 351" [../pageRankReduce/pageRank.cpp:191]   --->   Operation 106 'partselect' 'trunc_ln191_4' <Predicate = true> <Delay = 0.00>
ST_1 : Operation 107 [1/1] (0.00ns)   --->   "%tmp_3 = partselect i32 @_ssdm_op_PartSelect.i32.i480.i32.i32, i480 %taskToWrite_read, i32 256, i32 287" [../pageRankReduce/pageRank.cpp:203]   --->   Operation 107 'partselect' 'tmp_3' <Predicate = true> <Delay = 0.00>
ST_1 : Operation 108 [1/1] (0.00ns)   --->   "%and_ln = bitconcatenate i34 @_ssdm_op_BitConcatenate.i34.i32.i2, i32 %tmp_3, i2 0" [../pageRankReduce/pageRank.cpp:203]   --->   Operation 108 'bitconcatenate' 'and_ln' <Predicate = true> <Delay = 0.00>
ST_1 : Operation 109 [1/1] (0.00ns)   --->   "%zext_ln203 = zext i34 %and_ln" [../pageRankReduce/pageRank.cpp:203]   --->   Operation 109 'zext' 'zext_ln203' <Predicate = true> <Delay = 0.00>
ST_1 : Operation 110 [1/1] (0.00ns) (grouped into TernaryAdder)   --->   "%add_ln203 = add i64 %task_pPrNext, i64 %zext_ln203" [../pageRankReduce/pageRank.cpp:203]   --->   Operation 110 'add' 'add_ln203' <Predicate = true> <Delay = 0.00> <CoreInst = "TAddSub">   --->   Core 10 'TAddSub' <Latency = 0> <II = 1> <Delay = 0.42> <IPBlock> <Opcode : 'add' 'sub'> <InPorts = 3> <OutPorts = 1> <Sync> <CReg>
ST_1 : Operation 111 [1/1] (0.84ns) (root node of TernaryAdder)   --->   "%add_ln203_1 = add i64 %add_ln203, i64 %mem_1" [../pageRankReduce/pageRank.cpp:203]   --->   Operation 111 'add' 'add_ln203_1' <Predicate = true> <Delay = 0.84> <CoreInst = "TAddSub">   --->   Core 10 'TAddSub' <Latency = 0> <II = 1> <Delay = 0.42> <IPBlock> <Opcode : 'add' 'sub'> <InPorts = 3> <OutPorts = 1> <Sync> <CReg>
ST_1 : Operation 112 [1/1] (0.00ns)   --->   "%trunc_ln203 = trunc i64 %add_ln203_1" [../pageRankReduce/pageRank.cpp:203]   --->   Operation 112 'trunc' 'trunc_ln203' <Predicate = true> <Delay = 0.00>
ST_1 : Operation 113 [1/1] (0.00ns)   --->   "%trunc_ln203_1 = partselect i61 @_ssdm_op_PartSelect.i61.i64.i32.i32, i64 %add_ln203_1, i32 3, i32 63" [../pageRankReduce/pageRank.cpp:203]   --->   Operation 113 'partselect' 'trunc_ln203_1' <Predicate = true> <Delay = 0.00>

State 2 <SV = 1> <Delay = 2.34>
ST_2 : Operation 114 [1/1] (0.00ns)   --->   "%sum = bitcast i32 %sums_stream_read" [../pageRankReduce/pageRank.cpp:189]   --->   Operation 114 'bitcast' 'sum' <Predicate = true> <Delay = 0.00>
ST_2 : Operation 115 [1/1] (0.00ns)   --->   "%task_gamma = bitcast i32 %trunc_ln191_4" [../pageRankReduce/pageRank.cpp:191]   --->   Operation 115 'bitcast' 'task_gamma' <Predicate = true> <Delay = 0.00>
ST_2 : Operation 116 [7/7] (2.34ns)   --->   "%sub = fsub i32 1, i32 %task_gamma" [../pageRankReduce/pageRank.cpp:198]   --->   Operation 116 'fsub' 'sub' <Predicate = true> <Delay = 2.34> <CoreInst = "FAddSub_fulldsp">   --->   Core 18 'FAddSub_fulldsp' <Latency = 6> <II = 1> <Delay = 2.34> <FuncUnit> <Opcode : 'fadd' 'fsub'> <InPorts = 2> <OutPorts = 1>
ST_2 : Operation 117 [4/4] (2.32ns)   --->   "%mul = fmul i32 %task_gamma, i32 %sum" [../pageRankReduce/pageRank.cpp:198]   --->   Operation 117 'fmul' 'mul' <Predicate = true> <Delay = 2.32> <CoreInst = "FMul_maxdsp">   --->   Core 30 'FMul_maxdsp' <Latency = 3> <II = 1> <Delay = 2.32> <FuncUnit> <Opcode : 'fmul'> <InPorts = 2> <OutPorts = 1>

State 3 <SV = 2> <Delay = 2.34>
ST_3 : Operation 118 [6/7] (2.34ns)   --->   "%sub = fsub i32 1, i32 %task_gamma" [../pageRankReduce/pageRank.cpp:198]   --->   Operation 118 'fsub' 'sub' <Predicate = true> <Delay = 2.34> <CoreInst = "FAddSub_fulldsp">   --->   Core 18 'FAddSub_fulldsp' <Latency = 6> <II = 1> <Delay = 2.34> <FuncUnit> <Opcode : 'fadd' 'fsub'> <InPorts = 2> <OutPorts = 1>
ST_3 : Operation 119 [3/4] (2.32ns)   --->   "%mul = fmul i32 %task_gamma, i32 %sum" [../pageRankReduce/pageRank.cpp:198]   --->   Operation 119 'fmul' 'mul' <Predicate = true> <Delay = 2.32> <CoreInst = "FMul_maxdsp">   --->   Core 30 'FMul_maxdsp' <Latency = 3> <II = 1> <Delay = 2.32> <FuncUnit> <Opcode : 'fmul'> <InPorts = 2> <OutPorts = 1>

State 4 <SV = 3> <Delay = 2.34>
ST_4 : Operation 120 [5/7] (2.34ns)   --->   "%sub = fsub i32 1, i32 %task_gamma" [../pageRankReduce/pageRank.cpp:198]   --->   Operation 120 'fsub' 'sub' <Predicate = true> <Delay = 2.34> <CoreInst = "FAddSub_fulldsp">   --->   Core 18 'FAddSub_fulldsp' <Latency = 6> <II = 1> <Delay = 2.34> <FuncUnit> <Opcode : 'fadd' 'fsub'> <InPorts = 2> <OutPorts = 1>
ST_4 : Operation 121 [2/4] (2.32ns)   --->   "%mul = fmul i32 %task_gamma, i32 %sum" [../pageRankReduce/pageRank.cpp:198]   --->   Operation 121 'fmul' 'mul' <Predicate = true> <Delay = 2.32> <CoreInst = "FMul_maxdsp">   --->   Core 30 'FMul_maxdsp' <Latency = 3> <II = 1> <Delay = 2.32> <FuncUnit> <Opcode : 'fmul'> <InPorts = 2> <OutPorts = 1>

State 5 <SV = 4> <Delay = 2.66>
ST_5 : Operation 122 [4/7] (2.34ns)   --->   "%sub = fsub i32 1, i32 %task_gamma" [../pageRankReduce/pageRank.cpp:198]   --->   Operation 122 'fsub' 'sub' <Predicate = true> <Delay = 2.34> <CoreInst = "FAddSub_fulldsp">   --->   Core 18 'FAddSub_fulldsp' <Latency = 6> <II = 1> <Delay = 2.34> <FuncUnit> <Opcode : 'fadd' 'fsub'> <InPorts = 2> <OutPorts = 1>
ST_5 : Operation 123 [4/4] (2.66ns)   --->   "%conv = uitofp i32 %task_vertex_count" [../pageRankReduce/pageRank.cpp:198]   --->   Operation 123 'uitofp' 'conv' <Predicate = true> <Delay = 2.66> <CoreInst = "Int2Float">   --->   Core 62 'Int2Float' <Latency = 3> <II = 1> <Delay = 2.66> <FuncUnit> <Opcode : 'uitofp' 'sitofp'> <InPorts = 1> <OutPorts = 1>
ST_5 : Operation 124 [1/4] (2.32ns)   --->   "%mul = fmul i32 %task_gamma, i32 %sum" [../pageRankReduce/pageRank.cpp:198]   --->   Operation 124 'fmul' 'mul' <Predicate = true> <Delay = 2.32> <CoreInst = "FMul_maxdsp">   --->   Core 30 'FMul_maxdsp' <Latency = 3> <II = 1> <Delay = 2.32> <FuncUnit> <Opcode : 'fmul'> <InPorts = 2> <OutPorts = 1>

State 6 <SV = 5> <Delay = 2.66>
ST_6 : Operation 125 [3/7] (2.34ns)   --->   "%sub = fsub i32 1, i32 %task_gamma" [../pageRankReduce/pageRank.cpp:198]   --->   Operation 125 'fsub' 'sub' <Predicate = true> <Delay = 2.34> <CoreInst = "FAddSub_fulldsp">   --->   Core 18 'FAddSub_fulldsp' <Latency = 6> <II = 1> <Delay = 2.34> <FuncUnit> <Opcode : 'fadd' 'fsub'> <InPorts = 2> <OutPorts = 1>
ST_6 : Operation 126 [3/4] (2.66ns)   --->   "%conv = uitofp i32 %task_vertex_count" [../pageRankReduce/pageRank.cpp:198]   --->   Operation 126 'uitofp' 'conv' <Predicate = true> <Delay = 2.66> <CoreInst = "Int2Float">   --->   Core 62 'Int2Float' <Latency = 3> <II = 1> <Delay = 2.66> <FuncUnit> <Opcode : 'uitofp' 'sitofp'> <InPorts = 1> <OutPorts = 1>

State 7 <SV = 6> <Delay = 2.66>
ST_7 : Operation 127 [2/7] (2.34ns)   --->   "%sub = fsub i32 1, i32 %task_gamma" [../pageRankReduce/pageRank.cpp:198]   --->   Operation 127 'fsub' 'sub' <Predicate = true> <Delay = 2.34> <CoreInst = "FAddSub_fulldsp">   --->   Core 18 'FAddSub_fulldsp' <Latency = 6> <II = 1> <Delay = 2.34> <FuncUnit> <Opcode : 'fadd' 'fsub'> <InPorts = 2> <OutPorts = 1>
ST_7 : Operation 128 [2/4] (2.66ns)   --->   "%conv = uitofp i32 %task_vertex_count" [../pageRankReduce/pageRank.cpp:198]   --->   Operation 128 'uitofp' 'conv' <Predicate = true> <Delay = 2.66> <CoreInst = "Int2Float">   --->   Core 62 'Int2Float' <Latency = 3> <II = 1> <Delay = 2.66> <FuncUnit> <Opcode : 'uitofp' 'sitofp'> <InPorts = 1> <OutPorts = 1>

State 8 <SV = 7> <Delay = 2.66>
ST_8 : Operation 129 [1/7] (2.34ns)   --->   "%sub = fsub i32 1, i32 %task_gamma" [../pageRankReduce/pageRank.cpp:198]   --->   Operation 129 'fsub' 'sub' <Predicate = true> <Delay = 2.34> <CoreInst = "FAddSub_fulldsp">   --->   Core 18 'FAddSub_fulldsp' <Latency = 6> <II = 1> <Delay = 2.34> <FuncUnit> <Opcode : 'fadd' 'fsub'> <InPorts = 2> <OutPorts = 1>
ST_8 : Operation 130 [1/4] (2.66ns)   --->   "%conv = uitofp i32 %task_vertex_count" [../pageRankReduce/pageRank.cpp:198]   --->   Operation 130 'uitofp' 'conv' <Predicate = true> <Delay = 2.66> <CoreInst = "Int2Float">   --->   Core 62 'Int2Float' <Latency = 3> <II = 1> <Delay = 2.66> <FuncUnit> <Opcode : 'uitofp' 'sitofp'> <InPorts = 1> <OutPorts = 1>

State 9 <SV = 8> <Delay = 2.32>
ST_9 : Operation 131 [12/12] (2.32ns)   --->   "%div = fdiv i32 %sub, i32 %conv" [../pageRankReduce/pageRank.cpp:198]   --->   Operation 131 'fdiv' 'div' <Predicate = true> <Delay = 2.32> <CoreInst = "FDiv">   --->   Core 20 'FDiv' <Latency = 11> <II = 1> <Delay = 2.32> <FuncUnit> <Opcode : 'fdiv' 'frem'> <InPorts = 2> <OutPorts = 1>

State 10 <SV = 9> <Delay = 2.32>
ST_10 : Operation 132 [11/12] (2.32ns)   --->   "%div = fdiv i32 %sub, i32 %conv" [../pageRankReduce/pageRank.cpp:198]   --->   Operation 132 'fdiv' 'div' <Predicate = true> <Delay = 2.32> <CoreInst = "FDiv">   --->   Core 20 'FDiv' <Latency = 11> <II = 1> <Delay = 2.32> <FuncUnit> <Opcode : 'fdiv' 'frem'> <InPorts = 2> <OutPorts = 1>

State 11 <SV = 10> <Delay = 2.32>
ST_11 : Operation 133 [10/12] (2.32ns)   --->   "%div = fdiv i32 %sub, i32 %conv" [../pageRankReduce/pageRank.cpp:198]   --->   Operation 133 'fdiv' 'div' <Predicate = true> <Delay = 2.32> <CoreInst = "FDiv">   --->   Core 20 'FDiv' <Latency = 11> <II = 1> <Delay = 2.32> <FuncUnit> <Opcode : 'fdiv' 'frem'> <InPorts = 2> <OutPorts = 1>

State 12 <SV = 11> <Delay = 2.32>
ST_12 : Operation 134 [9/12] (2.32ns)   --->   "%div = fdiv i32 %sub, i32 %conv" [../pageRankReduce/pageRank.cpp:198]   --->   Operation 134 'fdiv' 'div' <Predicate = true> <Delay = 2.32> <CoreInst = "FDiv">   --->   Core 20 'FDiv' <Latency = 11> <II = 1> <Delay = 2.32> <FuncUnit> <Opcode : 'fdiv' 'frem'> <InPorts = 2> <OutPorts = 1>

State 13 <SV = 12> <Delay = 2.32>
ST_13 : Operation 135 [8/12] (2.32ns)   --->   "%div = fdiv i32 %sub, i32 %conv" [../pageRankReduce/pageRank.cpp:198]   --->   Operation 135 'fdiv' 'div' <Predicate = true> <Delay = 2.32> <CoreInst = "FDiv">   --->   Core 20 'FDiv' <Latency = 11> <II = 1> <Delay = 2.32> <FuncUnit> <Opcode : 'fdiv' 'frem'> <InPorts = 2> <OutPorts = 1>

State 14 <SV = 13> <Delay = 2.32>
ST_14 : Operation 136 [7/12] (2.32ns)   --->   "%div = fdiv i32 %sub, i32 %conv" [../pageRankReduce/pageRank.cpp:198]   --->   Operation 136 'fdiv' 'div' <Predicate = true> <Delay = 2.32> <CoreInst = "FDiv">   --->   Core 20 'FDiv' <Latency = 11> <II = 1> <Delay = 2.32> <FuncUnit> <Opcode : 'fdiv' 'frem'> <InPorts = 2> <OutPorts = 1>

State 15 <SV = 14> <Delay = 2.32>
ST_15 : Operation 137 [6/12] (2.32ns)   --->   "%div = fdiv i32 %sub, i32 %conv" [../pageRankReduce/pageRank.cpp:198]   --->   Operation 137 'fdiv' 'div' <Predicate = true> <Delay = 2.32> <CoreInst = "FDiv">   --->   Core 20 'FDiv' <Latency = 11> <II = 1> <Delay = 2.32> <FuncUnit> <Opcode : 'fdiv' 'frem'> <InPorts = 2> <OutPorts = 1>

State 16 <SV = 15> <Delay = 2.32>
ST_16 : Operation 138 [5/12] (2.32ns)   --->   "%div = fdiv i32 %sub, i32 %conv" [../pageRankReduce/pageRank.cpp:198]   --->   Operation 138 'fdiv' 'div' <Predicate = true> <Delay = 2.32> <CoreInst = "FDiv">   --->   Core 20 'FDiv' <Latency = 11> <II = 1> <Delay = 2.32> <FuncUnit> <Opcode : 'fdiv' 'frem'> <InPorts = 2> <OutPorts = 1>

State 17 <SV = 16> <Delay = 2.32>
ST_17 : Operation 139 [4/12] (2.32ns)   --->   "%div = fdiv i32 %sub, i32 %conv" [../pageRankReduce/pageRank.cpp:198]   --->   Operation 139 'fdiv' 'div' <Predicate = true> <Delay = 2.32> <CoreInst = "FDiv">   --->   Core 20 'FDiv' <Latency = 11> <II = 1> <Delay = 2.32> <FuncUnit> <Opcode : 'fdiv' 'frem'> <InPorts = 2> <OutPorts = 1>

State 18 <SV = 17> <Delay = 2.32>
ST_18 : Operation 140 [3/12] (2.32ns)   --->   "%div = fdiv i32 %sub, i32 %conv" [../pageRankReduce/pageRank.cpp:198]   --->   Operation 140 'fdiv' 'div' <Predicate = true> <Delay = 2.32> <CoreInst = "FDiv">   --->   Core 20 'FDiv' <Latency = 11> <II = 1> <Delay = 2.32> <FuncUnit> <Opcode : 'fdiv' 'frem'> <InPorts = 2> <OutPorts = 1>

State 19 <SV = 18> <Delay = 2.32>
ST_19 : Operation 141 [2/12] (2.32ns)   --->   "%div = fdiv i32 %sub, i32 %conv" [../pageRankReduce/pageRank.cpp:198]   --->   Operation 141 'fdiv' 'div' <Predicate = true> <Delay = 2.32> <CoreInst = "FDiv">   --->   Core 20 'FDiv' <Latency = 11> <II = 1> <Delay = 2.32> <FuncUnit> <Opcode : 'fdiv' 'frem'> <InPorts = 2> <OutPorts = 1>

State 20 <SV = 19> <Delay = 2.32>
ST_20 : Operation 142 [1/12] (2.32ns)   --->   "%div = fdiv i32 %sub, i32 %conv" [../pageRankReduce/pageRank.cpp:198]   --->   Operation 142 'fdiv' 'div' <Predicate = true> <Delay = 2.32> <CoreInst = "FDiv">   --->   Core 20 'FDiv' <Latency = 11> <II = 1> <Delay = 2.32> <FuncUnit> <Opcode : 'fdiv' 'frem'> <InPorts = 2> <OutPorts = 1>

State 21 <SV = 20> <Delay = 2.34>
ST_21 : Operation 143 [7/7] (2.34ns)   --->   "%Pnext_v = fadd i32 %div, i32 %mul" [../pageRankReduce/pageRank.cpp:198]   --->   Operation 143 'fadd' 'Pnext_v' <Predicate = true> <Delay = 2.34> <CoreInst = "FAddSub_fulldsp">   --->   Core 18 'FAddSub_fulldsp' <Latency = 6> <II = 1> <Delay = 2.34> <FuncUnit> <Opcode : 'fadd' 'fsub'> <InPorts = 2> <OutPorts = 1>

State 22 <SV = 21> <Delay = 2.34>
ST_22 : Operation 144 [6/7] (2.34ns)   --->   "%Pnext_v = fadd i32 %div, i32 %mul" [../pageRankReduce/pageRank.cpp:198]   --->   Operation 144 'fadd' 'Pnext_v' <Predicate = true> <Delay = 2.34> <CoreInst = "FAddSub_fulldsp">   --->   Core 18 'FAddSub_fulldsp' <Latency = 6> <II = 1> <Delay = 2.34> <FuncUnit> <Opcode : 'fadd' 'fsub'> <InPorts = 2> <OutPorts = 1>

State 23 <SV = 22> <Delay = 2.34>
ST_23 : Operation 145 [5/7] (2.34ns)   --->   "%Pnext_v = fadd i32 %div, i32 %mul" [../pageRankReduce/pageRank.cpp:198]   --->   Operation 145 'fadd' 'Pnext_v' <Predicate = true> <Delay = 2.34> <CoreInst = "FAddSub_fulldsp">   --->   Core 18 'FAddSub_fulldsp' <Latency = 6> <II = 1> <Delay = 2.34> <FuncUnit> <Opcode : 'fadd' 'fsub'> <InPorts = 2> <OutPorts = 1>

State 24 <SV = 23> <Delay = 2.34>
ST_24 : Operation 146 [4/7] (2.34ns)   --->   "%Pnext_v = fadd i32 %div, i32 %mul" [../pageRankReduce/pageRank.cpp:198]   --->   Operation 146 'fadd' 'Pnext_v' <Predicate = true> <Delay = 2.34> <CoreInst = "FAddSub_fulldsp">   --->   Core 18 'FAddSub_fulldsp' <Latency = 6> <II = 1> <Delay = 2.34> <FuncUnit> <Opcode : 'fadd' 'fsub'> <InPorts = 2> <OutPorts = 1>

State 25 <SV = 24> <Delay = 2.34>
ST_25 : Operation 147 [3/7] (2.34ns)   --->   "%Pnext_v = fadd i32 %div, i32 %mul" [../pageRankReduce/pageRank.cpp:198]   --->   Operation 147 'fadd' 'Pnext_v' <Predicate = true> <Delay = 2.34> <CoreInst = "FAddSub_fulldsp">   --->   Core 18 'FAddSub_fulldsp' <Latency = 6> <II = 1> <Delay = 2.34> <FuncUnit> <Opcode : 'fadd' 'fsub'> <InPorts = 2> <OutPorts = 1>

State 26 <SV = 25> <Delay = 2.34>
ST_26 : Operation 148 [2/7] (2.34ns)   --->   "%Pnext_v = fadd i32 %div, i32 %mul" [../pageRankReduce/pageRank.cpp:198]   --->   Operation 148 'fadd' 'Pnext_v' <Predicate = true> <Delay = 2.34> <CoreInst = "FAddSub_fulldsp">   --->   Core 18 'FAddSub_fulldsp' <Latency = 6> <II = 1> <Delay = 2.34> <FuncUnit> <Opcode : 'fadd' 'fsub'> <InPorts = 2> <OutPorts = 1>

State 27 <SV = 26> <Delay = 2.34>
ST_27 : Operation 149 [1/7] (2.34ns)   --->   "%Pnext_v = fadd i32 %div, i32 %mul" [../pageRankReduce/pageRank.cpp:198]   --->   Operation 149 'fadd' 'Pnext_v' <Predicate = true> <Delay = 2.34> <CoreInst = "FAddSub_fulldsp">   --->   Core 18 'FAddSub_fulldsp' <Latency = 6> <II = 1> <Delay = 2.34> <FuncUnit> <Opcode : 'fadd' 'fsub'> <InPorts = 2> <OutPorts = 1>
ST_27 : Operation 150 [1/1] (0.00ns)   --->   "%store_ln204 = store i32 %Pnext_v, i32 %val" [../pageRankReduce/pageRank.cpp:204]   --->   Operation 150 'store' 'store_ln204' <Predicate = true> <Delay = 0.00>
ST_27 : Operation 151 [1/1] (0.00ns)   --->   "%store_ln205 = store i32 %Pnext_v, i32 %val" [../pageRankReduce/pageRank.cpp:205]   --->   Operation 151 'store' 'store_ln205' <Predicate = true> <Delay = 0.00>

State 28 <SV = 27> <Delay = 2.92>
ST_28 : Operation 152 [1/1] (0.00ns)   --->   "%bitcast_ln203 = bitcast i32 %Pnext_v" [../pageRankReduce/pageRank.cpp:203]   --->   Operation 152 'bitcast' 'bitcast_ln203' <Predicate = true> <Delay = 0.00>
ST_28 : Operation 153 [1/1] (0.00ns)   --->   "%zext_ln203_1 = zext i32 %bitcast_ln203" [../pageRankReduce/pageRank.cpp:203]   --->   Operation 153 'zext' 'zext_ln203_1' <Predicate = true> <Delay = 0.00>
ST_28 : Operation 154 [1/1] (0.00ns)   --->   "%zext_ln203_2 = zext i3 %trunc_ln203" [../pageRankReduce/pageRank.cpp:203]   --->   Operation 154 'zext' 'zext_ln203_2' <Predicate = true> <Delay = 0.00>
ST_28 : Operation 155 [1/1] (0.59ns)   --->   "%shl_ln203 = shl i8 15, i8 %zext_ln203_2" [../pageRankReduce/pageRank.cpp:203]   --->   Operation 155 'shl' 'shl_ln203' <Predicate = true> <Delay = 0.59> <CoreInst = "Shifter">   --->   Core 75 'Shifter' <Latency = 0> <II = 1> <Delay = 0.59> <FuncUnit> <Opcode : 'shl' 'lshr' 'ashr'> <InPorts = 2> <OutPorts = 1>
ST_28 : Operation 156 [1/1] (0.00ns)   --->   "%shl_ln203_1 = bitconcatenate i6 @_ssdm_op_BitConcatenate.i6.i3.i3, i3 %trunc_ln203, i3 0" [../pageRankReduce/pageRank.cpp:203]   --->   Operation 156 'bitconcatenate' 'shl_ln203_1' <Predicate = true> <Delay = 0.00>
ST_28 : Operation 157 [1/1] (0.00ns)   --->   "%zext_ln203_3 = zext i6 %shl_ln203_1" [../pageRankReduce/pageRank.cpp:203]   --->   Operation 157 'zext' 'zext_ln203_3' <Predicate = true> <Delay = 0.00>
ST_28 : Operation 158 [1/1] (1.05ns)   --->   "%shl_ln203_2 = shl i64 %zext_ln203_1, i64 %zext_ln203_3" [../pageRankReduce/pageRank.cpp:203]   --->   Operation 158 'shl' 'shl_ln203_2' <Predicate = true> <Delay = 1.05> <CoreInst = "Shifter">   --->   Core 75 'Shifter' <Latency = 0> <II = 1> <Delay = 1.05> <FuncUnit> <Opcode : 'shl' 'lshr' 'ashr'> <InPorts = 2> <OutPorts = 1>
ST_28 : Operation 159 [1/1] (0.00ns)   --->   "%sext_ln203 = sext i61 %trunc_ln203_1" [../pageRankReduce/pageRank.cpp:203]   --->   Operation 159 'sext' 'sext_ln203' <Predicate = true> <Delay = 0.00>
ST_28 : Operation 160 [1/1] (0.00ns)   --->   "%gmem_CHN_5_addr = getelementptr i64 %gmem_CHN_5, i64 %sext_ln203" [../pageRankReduce/pageRank.cpp:203]   --->   Operation 160 'getelementptr' 'gmem_CHN_5_addr' <Predicate = true> <Delay = 0.00>
ST_28 : Operation 161 [1/1] (2.92ns)   --->   "%empty = writereq i1 @_ssdm_op_WriteReq.m_axi.p1i64, i64 %gmem_CHN_5_addr, i64 1" [../pageRankReduce/pageRank.cpp:203]   --->   Operation 161 'writereq' 'empty' <Predicate = true> <Delay = 2.92> <CoreInst = "m_axi">   --->   Core 119 'm_axi' <Latency = 9> <II = 1> <Delay = 1.00> <Adapter> <Opcode : 'read' 'write' 'readreq' 'writereq' 'writeresp'>
ST_28 : Operation 162 [1/1] (0.00ns)   --->   "%val_load = load i32 %val" [../pageRankReduce/pageRank.cpp:206]   --->   Operation 162 'load' 'val_load' <Predicate = true> <Delay = 0.00>
ST_28 : Operation 163 [1/1] (0.00ns)   --->   "%bitcast_ln206 = bitcast i32 %val_load" [../pageRankReduce/pageRank.cpp:206]   --->   Operation 163 'bitcast' 'bitcast_ln206' <Predicate = true> <Delay = 0.00>
ST_28 : Operation 164 [1/1] (0.00ns)   --->   "%tmp = partselect i8 @_ssdm_op_PartSelect.i8.i32.i32.i32, i32 %bitcast_ln206, i32 23, i32 30" [../pageRankReduce/pageRank.cpp:206]   --->   Operation 164 'partselect' 'tmp' <Predicate = true> <Delay = 0.00>
ST_28 : Operation 165 [1/1] (0.00ns)   --->   "%trunc_ln206 = trunc i32 %bitcast_ln206" [../pageRankReduce/pageRank.cpp:206]   --->   Operation 165 'trunc' 'trunc_ln206' <Predicate = true> <Delay = 0.00>
ST_28 : Operation 166 [1/1] (0.00ns)   --->   "%tmp_1 = partselect i8 @_ssdm_op_PartSelect.i8.i32.i32.i32, i32 %bitcast_ln203, i32 23, i32 30" [../pageRankReduce/pageRank.cpp:206]   --->   Operation 166 'partselect' 'tmp_1' <Predicate = true> <Delay = 0.00>
ST_28 : Operation 167 [1/1] (0.00ns)   --->   "%trunc_ln206_1 = trunc i32 %bitcast_ln203" [../pageRankReduce/pageRank.cpp:206]   --->   Operation 167 'trunc' 'trunc_ln206_1' <Predicate = true> <Delay = 0.00>
ST_28 : Operation 168 [1/1] (0.70ns)   --->   "%icmp_ln206 = icmp_ne  i8 %tmp, i8 255" [../pageRankReduce/pageRank.cpp:206]   --->   Operation 168 'icmp' 'icmp_ln206' <Predicate = true> <Delay = 0.70> <CoreInst = "Cmp">   --->   Core 9 'Cmp' <Latency = 0> <II = 1> <Delay = 0.70> <FuncUnit> <Opcode : 'seteq' 'setne' 'setle' 'setge' 'setlt' 'setgt'> <InPorts = 2> <OutPorts = 1>
ST_28 : Operation 169 [1/1] (0.82ns)   --->   "%icmp_ln206_1 = icmp_eq  i23 %trunc_ln206, i23 0" [../pageRankReduce/pageRank.cpp:206]   --->   Operation 169 'icmp' 'icmp_ln206_1' <Predicate = true> <Delay = 0.82> <CoreInst = "Cmp">   --->   Core 9 'Cmp' <Latency = 0> <II = 1> <Delay = 0.82> <FuncUnit> <Opcode : 'seteq' 'setne' 'setle' 'setge' 'setlt' 'setgt'> <InPorts = 2> <OutPorts = 1>
ST_28 : Operation 170 [1/1] (0.70ns)   --->   "%icmp_ln206_2 = icmp_ne  i8 %tmp_1, i8 255" [../pageRankReduce/pageRank.cpp:206]   --->   Operation 170 'icmp' 'icmp_ln206_2' <Predicate = true> <Delay = 0.70> <CoreInst = "Cmp">   --->   Core 9 'Cmp' <Latency = 0> <II = 1> <Delay = 0.70> <FuncUnit> <Opcode : 'seteq' 'setne' 'setle' 'setge' 'setlt' 'setgt'> <InPorts = 2> <OutPorts = 1>
ST_28 : Operation 171 [1/1] (0.82ns)   --->   "%icmp_ln206_3 = icmp_eq  i23 %trunc_ln206_1, i23 0" [../pageRankReduce/pageRank.cpp:206]   --->   Operation 171 'icmp' 'icmp_ln206_3' <Predicate = true> <Delay = 0.82> <CoreInst = "Cmp">   --->   Core 9 'Cmp' <Latency = 0> <II = 1> <Delay = 0.82> <FuncUnit> <Opcode : 'seteq' 'setne' 'setle' 'setge' 'setlt' 'setgt'> <InPorts = 2> <OutPorts = 1>
ST_28 : Operation 172 [2/2] (1.64ns)   --->   "%tmp_2 = fcmp_oeq  i32 %val_load, i32 %Pnext_v" [../pageRankReduce/pageRank.cpp:206]   --->   Operation 172 'fcmp' 'tmp_2' <Predicate = true> <Delay = 1.64> <CoreInst = "FCompare">   --->   Core 19 'FCompare' <Latency = 1> <II = 1> <Delay = 1.64> <FuncUnit> <Opcode : 'fcmp'> <InPorts = 2> <OutPorts = 1>

State 29 <SV = 28> <Delay = 2.92>
ST_29 : Operation 173 [1/1] (2.92ns)   --->   "%write_ln203 = write void @_ssdm_op_Write.m_axi.p1i64, i64 %gmem_CHN_5_addr, i64 %shl_ln203_2, i8 %shl_ln203" [../pageRankReduce/pageRank.cpp:203]   --->   Operation 173 'write' 'write_ln203' <Predicate = true> <Delay = 2.92> <CoreInst = "m_axi">   --->   Core 119 'm_axi' <Latency = 3> <II = 1> <Delay = 1.00> <Adapter> <Opcode : 'read' 'write' 'readreq' 'writereq' 'writeresp'>
ST_29 : Operation 174 [1/1] (0.00ns) (grouped into LUT with out node and_ln206_1)   --->   "%or_ln206 = or i1 %icmp_ln206_1, i1 %icmp_ln206" [../pageRankReduce/pageRank.cpp:206]   --->   Operation 174 'or' 'or_ln206' <Predicate = true> <Delay = 0.00> <CoreInst = "LogicGate">   --->   Core 74 'LogicGate' <Latency = 0> <II = 1> <Delay = 0.12> <FuncUnit> <Opcode : 'and' 'or' 'xor'> <InPorts = 2> <OutPorts = 1>
ST_29 : Operation 175 [1/1] (0.00ns) (grouped into LUT with out node and_ln206_1)   --->   "%or_ln206_1 = or i1 %icmp_ln206_3, i1 %icmp_ln206_2" [../pageRankReduce/pageRank.cpp:206]   --->   Operation 175 'or' 'or_ln206_1' <Predicate = true> <Delay = 0.00> <CoreInst = "LogicGate">   --->   Core 74 'LogicGate' <Latency = 0> <II = 1> <Delay = 0.12> <FuncUnit> <Opcode : 'and' 'or' 'xor'> <InPorts = 2> <OutPorts = 1>
ST_29 : Operation 176 [1/1] (0.00ns) (grouped into LUT with out node and_ln206_1)   --->   "%and_ln206 = and i1 %or_ln206, i1 %or_ln206_1" [../pageRankReduce/pageRank.cpp:206]   --->   Operation 176 'and' 'and_ln206' <Predicate = true> <Delay = 0.00> <CoreInst = "LogicGate">   --->   Core 74 'LogicGate' <Latency = 0> <II = 1> <Delay = 0.12> <FuncUnit> <Opcode : 'and' 'or' 'xor'> <InPorts = 2> <OutPorts = 1>
ST_29 : Operation 177 [1/2] (1.64ns)   --->   "%tmp_2 = fcmp_oeq  i32 %val_load, i32 %Pnext_v" [../pageRankReduce/pageRank.cpp:206]   --->   Operation 177 'fcmp' 'tmp_2' <Predicate = true> <Delay = 1.64> <CoreInst = "FCompare">   --->   Core 19 'FCompare' <Latency = 1> <II = 1> <Delay = 1.64> <FuncUnit> <Opcode : 'fcmp'> <InPorts = 2> <OutPorts = 1>
ST_29 : Operation 178 [1/1] (0.12ns) (out node of the LUT)   --->   "%and_ln206_1 = and i1 %and_ln206, i1 %tmp_2" [../pageRankReduce/pageRank.cpp:206]   --->   Operation 178 'and' 'and_ln206_1' <Predicate = true> <Delay = 0.12> <CoreInst = "LogicGate">   --->   Core 74 'LogicGate' <Latency = 0> <II = 1> <Delay = 0.12> <FuncUnit> <Opcode : 'and' 'or' 'xor'> <InPorts = 2> <OutPorts = 1>

State 30 <SV = 29> <Delay = 2.92>
ST_30 : Operation 179 [68/68] (2.92ns)   --->   "%empty_35 = writeresp i1 @_ssdm_op_WriteResp.m_axi.p1i64, i64 %gmem_CHN_5_addr" [../pageRankReduce/pageRank.cpp:203]   --->   Operation 179 'writeresp' 'empty_35' <Predicate = true> <Delay = 2.92> <CoreInst = "m_axi">   --->   Core 119 'm_axi' <Latency = 3> <II = 1> <Delay = 1.00> <Adapter> <Opcode : 'read' 'write' 'readreq' 'writereq' 'writeresp'>

State 31 <SV = 30> <Delay = 2.92>
ST_31 : Operation 180 [67/68] (2.92ns)   --->   "%empty_35 = writeresp i1 @_ssdm_op_WriteResp.m_axi.p1i64, i64 %gmem_CHN_5_addr" [../pageRankReduce/pageRank.cpp:203]   --->   Operation 180 'writeresp' 'empty_35' <Predicate = true> <Delay = 2.92> <CoreInst = "m_axi">   --->   Core 119 'm_axi' <Latency = 3> <II = 1> <Delay = 1.00> <Adapter> <Opcode : 'read' 'write' 'readreq' 'writereq' 'writeresp'>

State 32 <SV = 31> <Delay = 2.92>
ST_32 : Operation 181 [66/68] (2.92ns)   --->   "%empty_35 = writeresp i1 @_ssdm_op_WriteResp.m_axi.p1i64, i64 %gmem_CHN_5_addr" [../pageRankReduce/pageRank.cpp:203]   --->   Operation 181 'writeresp' 'empty_35' <Predicate = true> <Delay = 2.92> <CoreInst = "m_axi">   --->   Core 119 'm_axi' <Latency = 3> <II = 1> <Delay = 1.00> <Adapter> <Opcode : 'read' 'write' 'readreq' 'writereq' 'writeresp'>

State 33 <SV = 32> <Delay = 2.92>
ST_33 : Operation 182 [65/68] (2.92ns)   --->   "%empty_35 = writeresp i1 @_ssdm_op_WriteResp.m_axi.p1i64, i64 %gmem_CHN_5_addr" [../pageRankReduce/pageRank.cpp:203]   --->   Operation 182 'writeresp' 'empty_35' <Predicate = true> <Delay = 2.92> <CoreInst = "m_axi">   --->   Core 119 'm_axi' <Latency = 3> <II = 1> <Delay = 1.00> <Adapter> <Opcode : 'read' 'write' 'readreq' 'writereq' 'writeresp'>

State 34 <SV = 33> <Delay = 2.92>
ST_34 : Operation 183 [64/68] (2.92ns)   --->   "%empty_35 = writeresp i1 @_ssdm_op_WriteResp.m_axi.p1i64, i64 %gmem_CHN_5_addr" [../pageRankReduce/pageRank.cpp:203]   --->   Operation 183 'writeresp' 'empty_35' <Predicate = true> <Delay = 2.92> <CoreInst = "m_axi">   --->   Core 119 'm_axi' <Latency = 3> <II = 1> <Delay = 1.00> <Adapter> <Opcode : 'read' 'write' 'readreq' 'writereq' 'writeresp'>

State 35 <SV = 34> <Delay = 2.92>
ST_35 : Operation 184 [63/68] (2.92ns)   --->   "%empty_35 = writeresp i1 @_ssdm_op_WriteResp.m_axi.p1i64, i64 %gmem_CHN_5_addr" [../pageRankReduce/pageRank.cpp:203]   --->   Operation 184 'writeresp' 'empty_35' <Predicate = true> <Delay = 2.92> <CoreInst = "m_axi">   --->   Core 119 'm_axi' <Latency = 3> <II = 1> <Delay = 1.00> <Adapter> <Opcode : 'read' 'write' 'readreq' 'writereq' 'writeresp'>

State 36 <SV = 35> <Delay = 2.92>
ST_36 : Operation 185 [62/68] (2.92ns)   --->   "%empty_35 = writeresp i1 @_ssdm_op_WriteResp.m_axi.p1i64, i64 %gmem_CHN_5_addr" [../pageRankReduce/pageRank.cpp:203]   --->   Operation 185 'writeresp' 'empty_35' <Predicate = true> <Delay = 2.92> <CoreInst = "m_axi">   --->   Core 119 'm_axi' <Latency = 3> <II = 1> <Delay = 1.00> <Adapter> <Opcode : 'read' 'write' 'readreq' 'writereq' 'writeresp'>

State 37 <SV = 36> <Delay = 2.92>
ST_37 : Operation 186 [61/68] (2.92ns)   --->   "%empty_35 = writeresp i1 @_ssdm_op_WriteResp.m_axi.p1i64, i64 %gmem_CHN_5_addr" [../pageRankReduce/pageRank.cpp:203]   --->   Operation 186 'writeresp' 'empty_35' <Predicate = true> <Delay = 2.92> <CoreInst = "m_axi">   --->   Core 119 'm_axi' <Latency = 3> <II = 1> <Delay = 1.00> <Adapter> <Opcode : 'read' 'write' 'readreq' 'writereq' 'writeresp'>

State 38 <SV = 37> <Delay = 2.92>
ST_38 : Operation 187 [60/68] (2.92ns)   --->   "%empty_35 = writeresp i1 @_ssdm_op_WriteResp.m_axi.p1i64, i64 %gmem_CHN_5_addr" [../pageRankReduce/pageRank.cpp:203]   --->   Operation 187 'writeresp' 'empty_35' <Predicate = true> <Delay = 2.92> <CoreInst = "m_axi">   --->   Core 119 'm_axi' <Latency = 3> <II = 1> <Delay = 1.00> <Adapter> <Opcode : 'read' 'write' 'readreq' 'writereq' 'writeresp'>

State 39 <SV = 38> <Delay = 2.92>
ST_39 : Operation 188 [59/68] (2.92ns)   --->   "%empty_35 = writeresp i1 @_ssdm_op_WriteResp.m_axi.p1i64, i64 %gmem_CHN_5_addr" [../pageRankReduce/pageRank.cpp:203]   --->   Operation 188 'writeresp' 'empty_35' <Predicate = true> <Delay = 2.92> <CoreInst = "m_axi">   --->   Core 119 'm_axi' <Latency = 3> <II = 1> <Delay = 1.00> <Adapter> <Opcode : 'read' 'write' 'readreq' 'writereq' 'writeresp'>

State 40 <SV = 39> <Delay = 2.92>
ST_40 : Operation 189 [58/68] (2.92ns)   --->   "%empty_35 = writeresp i1 @_ssdm_op_WriteResp.m_axi.p1i64, i64 %gmem_CHN_5_addr" [../pageRankReduce/pageRank.cpp:203]   --->   Operation 189 'writeresp' 'empty_35' <Predicate = true> <Delay = 2.92> <CoreInst = "m_axi">   --->   Core 119 'm_axi' <Latency = 3> <II = 1> <Delay = 1.00> <Adapter> <Opcode : 'read' 'write' 'readreq' 'writereq' 'writeresp'>

State 41 <SV = 40> <Delay = 2.92>
ST_41 : Operation 190 [57/68] (2.92ns)   --->   "%empty_35 = writeresp i1 @_ssdm_op_WriteResp.m_axi.p1i64, i64 %gmem_CHN_5_addr" [../pageRankReduce/pageRank.cpp:203]   --->   Operation 190 'writeresp' 'empty_35' <Predicate = true> <Delay = 2.92> <CoreInst = "m_axi">   --->   Core 119 'm_axi' <Latency = 3> <II = 1> <Delay = 1.00> <Adapter> <Opcode : 'read' 'write' 'readreq' 'writereq' 'writeresp'>

State 42 <SV = 41> <Delay = 2.92>
ST_42 : Operation 191 [56/68] (2.92ns)   --->   "%empty_35 = writeresp i1 @_ssdm_op_WriteResp.m_axi.p1i64, i64 %gmem_CHN_5_addr" [../pageRankReduce/pageRank.cpp:203]   --->   Operation 191 'writeresp' 'empty_35' <Predicate = true> <Delay = 2.92> <CoreInst = "m_axi">   --->   Core 119 'm_axi' <Latency = 3> <II = 1> <Delay = 1.00> <Adapter> <Opcode : 'read' 'write' 'readreq' 'writereq' 'writeresp'>

State 43 <SV = 42> <Delay = 2.92>
ST_43 : Operation 192 [55/68] (2.92ns)   --->   "%empty_35 = writeresp i1 @_ssdm_op_WriteResp.m_axi.p1i64, i64 %gmem_CHN_5_addr" [../pageRankReduce/pageRank.cpp:203]   --->   Operation 192 'writeresp' 'empty_35' <Predicate = true> <Delay = 2.92> <CoreInst = "m_axi">   --->   Core 119 'm_axi' <Latency = 3> <II = 1> <Delay = 1.00> <Adapter> <Opcode : 'read' 'write' 'readreq' 'writereq' 'writeresp'>

State 44 <SV = 43> <Delay = 2.92>
ST_44 : Operation 193 [54/68] (2.92ns)   --->   "%empty_35 = writeresp i1 @_ssdm_op_WriteResp.m_axi.p1i64, i64 %gmem_CHN_5_addr" [../pageRankReduce/pageRank.cpp:203]   --->   Operation 193 'writeresp' 'empty_35' <Predicate = true> <Delay = 2.92> <CoreInst = "m_axi">   --->   Core 119 'm_axi' <Latency = 3> <II = 1> <Delay = 1.00> <Adapter> <Opcode : 'read' 'write' 'readreq' 'writereq' 'writeresp'>

State 45 <SV = 44> <Delay = 2.92>
ST_45 : Operation 194 [53/68] (2.92ns)   --->   "%empty_35 = writeresp i1 @_ssdm_op_WriteResp.m_axi.p1i64, i64 %gmem_CHN_5_addr" [../pageRankReduce/pageRank.cpp:203]   --->   Operation 194 'writeresp' 'empty_35' <Predicate = true> <Delay = 2.92> <CoreInst = "m_axi">   --->   Core 119 'm_axi' <Latency = 3> <II = 1> <Delay = 1.00> <Adapter> <Opcode : 'read' 'write' 'readreq' 'writereq' 'writeresp'>

State 46 <SV = 45> <Delay = 2.92>
ST_46 : Operation 195 [52/68] (2.92ns)   --->   "%empty_35 = writeresp i1 @_ssdm_op_WriteResp.m_axi.p1i64, i64 %gmem_CHN_5_addr" [../pageRankReduce/pageRank.cpp:203]   --->   Operation 195 'writeresp' 'empty_35' <Predicate = true> <Delay = 2.92> <CoreInst = "m_axi">   --->   Core 119 'm_axi' <Latency = 3> <II = 1> <Delay = 1.00> <Adapter> <Opcode : 'read' 'write' 'readreq' 'writereq' 'writeresp'>

State 47 <SV = 46> <Delay = 2.92>
ST_47 : Operation 196 [51/68] (2.92ns)   --->   "%empty_35 = writeresp i1 @_ssdm_op_WriteResp.m_axi.p1i64, i64 %gmem_CHN_5_addr" [../pageRankReduce/pageRank.cpp:203]   --->   Operation 196 'writeresp' 'empty_35' <Predicate = true> <Delay = 2.92> <CoreInst = "m_axi">   --->   Core 119 'm_axi' <Latency = 3> <II = 1> <Delay = 1.00> <Adapter> <Opcode : 'read' 'write' 'readreq' 'writereq' 'writeresp'>

State 48 <SV = 47> <Delay = 2.92>
ST_48 : Operation 197 [50/68] (2.92ns)   --->   "%empty_35 = writeresp i1 @_ssdm_op_WriteResp.m_axi.p1i64, i64 %gmem_CHN_5_addr" [../pageRankReduce/pageRank.cpp:203]   --->   Operation 197 'writeresp' 'empty_35' <Predicate = true> <Delay = 2.92> <CoreInst = "m_axi">   --->   Core 119 'm_axi' <Latency = 3> <II = 1> <Delay = 1.00> <Adapter> <Opcode : 'read' 'write' 'readreq' 'writereq' 'writeresp'>

State 49 <SV = 48> <Delay = 2.92>
ST_49 : Operation 198 [49/68] (2.92ns)   --->   "%empty_35 = writeresp i1 @_ssdm_op_WriteResp.m_axi.p1i64, i64 %gmem_CHN_5_addr" [../pageRankReduce/pageRank.cpp:203]   --->   Operation 198 'writeresp' 'empty_35' <Predicate = true> <Delay = 2.92> <CoreInst = "m_axi">   --->   Core 119 'm_axi' <Latency = 3> <II = 1> <Delay = 1.00> <Adapter> <Opcode : 'read' 'write' 'readreq' 'writereq' 'writeresp'>

State 50 <SV = 49> <Delay = 2.92>
ST_50 : Operation 199 [48/68] (2.92ns)   --->   "%empty_35 = writeresp i1 @_ssdm_op_WriteResp.m_axi.p1i64, i64 %gmem_CHN_5_addr" [../pageRankReduce/pageRank.cpp:203]   --->   Operation 199 'writeresp' 'empty_35' <Predicate = true> <Delay = 2.92> <CoreInst = "m_axi">   --->   Core 119 'm_axi' <Latency = 3> <II = 1> <Delay = 1.00> <Adapter> <Opcode : 'read' 'write' 'readreq' 'writereq' 'writeresp'>

State 51 <SV = 50> <Delay = 2.92>
ST_51 : Operation 200 [47/68] (2.92ns)   --->   "%empty_35 = writeresp i1 @_ssdm_op_WriteResp.m_axi.p1i64, i64 %gmem_CHN_5_addr" [../pageRankReduce/pageRank.cpp:203]   --->   Operation 200 'writeresp' 'empty_35' <Predicate = true> <Delay = 2.92> <CoreInst = "m_axi">   --->   Core 119 'm_axi' <Latency = 3> <II = 1> <Delay = 1.00> <Adapter> <Opcode : 'read' 'write' 'readreq' 'writereq' 'writeresp'>

State 52 <SV = 51> <Delay = 2.92>
ST_52 : Operation 201 [46/68] (2.92ns)   --->   "%empty_35 = writeresp i1 @_ssdm_op_WriteResp.m_axi.p1i64, i64 %gmem_CHN_5_addr" [../pageRankReduce/pageRank.cpp:203]   --->   Operation 201 'writeresp' 'empty_35' <Predicate = true> <Delay = 2.92> <CoreInst = "m_axi">   --->   Core 119 'm_axi' <Latency = 3> <II = 1> <Delay = 1.00> <Adapter> <Opcode : 'read' 'write' 'readreq' 'writereq' 'writeresp'>

State 53 <SV = 52> <Delay = 2.92>
ST_53 : Operation 202 [45/68] (2.92ns)   --->   "%empty_35 = writeresp i1 @_ssdm_op_WriteResp.m_axi.p1i64, i64 %gmem_CHN_5_addr" [../pageRankReduce/pageRank.cpp:203]   --->   Operation 202 'writeresp' 'empty_35' <Predicate = true> <Delay = 2.92> <CoreInst = "m_axi">   --->   Core 119 'm_axi' <Latency = 3> <II = 1> <Delay = 1.00> <Adapter> <Opcode : 'read' 'write' 'readreq' 'writereq' 'writeresp'>

State 54 <SV = 53> <Delay = 2.92>
ST_54 : Operation 203 [44/68] (2.92ns)   --->   "%empty_35 = writeresp i1 @_ssdm_op_WriteResp.m_axi.p1i64, i64 %gmem_CHN_5_addr" [../pageRankReduce/pageRank.cpp:203]   --->   Operation 203 'writeresp' 'empty_35' <Predicate = true> <Delay = 2.92> <CoreInst = "m_axi">   --->   Core 119 'm_axi' <Latency = 3> <II = 1> <Delay = 1.00> <Adapter> <Opcode : 'read' 'write' 'readreq' 'writereq' 'writeresp'>

State 55 <SV = 54> <Delay = 2.92>
ST_55 : Operation 204 [43/68] (2.92ns)   --->   "%empty_35 = writeresp i1 @_ssdm_op_WriteResp.m_axi.p1i64, i64 %gmem_CHN_5_addr" [../pageRankReduce/pageRank.cpp:203]   --->   Operation 204 'writeresp' 'empty_35' <Predicate = true> <Delay = 2.92> <CoreInst = "m_axi">   --->   Core 119 'm_axi' <Latency = 3> <II = 1> <Delay = 1.00> <Adapter> <Opcode : 'read' 'write' 'readreq' 'writereq' 'writeresp'>

State 56 <SV = 55> <Delay = 2.92>
ST_56 : Operation 205 [42/68] (2.92ns)   --->   "%empty_35 = writeresp i1 @_ssdm_op_WriteResp.m_axi.p1i64, i64 %gmem_CHN_5_addr" [../pageRankReduce/pageRank.cpp:203]   --->   Operation 205 'writeresp' 'empty_35' <Predicate = true> <Delay = 2.92> <CoreInst = "m_axi">   --->   Core 119 'm_axi' <Latency = 3> <II = 1> <Delay = 1.00> <Adapter> <Opcode : 'read' 'write' 'readreq' 'writereq' 'writeresp'>

State 57 <SV = 56> <Delay = 2.92>
ST_57 : Operation 206 [41/68] (2.92ns)   --->   "%empty_35 = writeresp i1 @_ssdm_op_WriteResp.m_axi.p1i64, i64 %gmem_CHN_5_addr" [../pageRankReduce/pageRank.cpp:203]   --->   Operation 206 'writeresp' 'empty_35' <Predicate = true> <Delay = 2.92> <CoreInst = "m_axi">   --->   Core 119 'm_axi' <Latency = 3> <II = 1> <Delay = 1.00> <Adapter> <Opcode : 'read' 'write' 'readreq' 'writereq' 'writeresp'>

State 58 <SV = 57> <Delay = 2.92>
ST_58 : Operation 207 [40/68] (2.92ns)   --->   "%empty_35 = writeresp i1 @_ssdm_op_WriteResp.m_axi.p1i64, i64 %gmem_CHN_5_addr" [../pageRankReduce/pageRank.cpp:203]   --->   Operation 207 'writeresp' 'empty_35' <Predicate = true> <Delay = 2.92> <CoreInst = "m_axi">   --->   Core 119 'm_axi' <Latency = 3> <II = 1> <Delay = 1.00> <Adapter> <Opcode : 'read' 'write' 'readreq' 'writereq' 'writeresp'>

State 59 <SV = 58> <Delay = 2.92>
ST_59 : Operation 208 [39/68] (2.92ns)   --->   "%empty_35 = writeresp i1 @_ssdm_op_WriteResp.m_axi.p1i64, i64 %gmem_CHN_5_addr" [../pageRankReduce/pageRank.cpp:203]   --->   Operation 208 'writeresp' 'empty_35' <Predicate = true> <Delay = 2.92> <CoreInst = "m_axi">   --->   Core 119 'm_axi' <Latency = 3> <II = 1> <Delay = 1.00> <Adapter> <Opcode : 'read' 'write' 'readreq' 'writereq' 'writeresp'>

State 60 <SV = 59> <Delay = 2.92>
ST_60 : Operation 209 [38/68] (2.92ns)   --->   "%empty_35 = writeresp i1 @_ssdm_op_WriteResp.m_axi.p1i64, i64 %gmem_CHN_5_addr" [../pageRankReduce/pageRank.cpp:203]   --->   Operation 209 'writeresp' 'empty_35' <Predicate = true> <Delay = 2.92> <CoreInst = "m_axi">   --->   Core 119 'm_axi' <Latency = 3> <II = 1> <Delay = 1.00> <Adapter> <Opcode : 'read' 'write' 'readreq' 'writereq' 'writeresp'>

State 61 <SV = 60> <Delay = 2.92>
ST_61 : Operation 210 [37/68] (2.92ns)   --->   "%empty_35 = writeresp i1 @_ssdm_op_WriteResp.m_axi.p1i64, i64 %gmem_CHN_5_addr" [../pageRankReduce/pageRank.cpp:203]   --->   Operation 210 'writeresp' 'empty_35' <Predicate = true> <Delay = 2.92> <CoreInst = "m_axi">   --->   Core 119 'm_axi' <Latency = 3> <II = 1> <Delay = 1.00> <Adapter> <Opcode : 'read' 'write' 'readreq' 'writereq' 'writeresp'>

State 62 <SV = 61> <Delay = 2.92>
ST_62 : Operation 211 [36/68] (2.92ns)   --->   "%empty_35 = writeresp i1 @_ssdm_op_WriteResp.m_axi.p1i64, i64 %gmem_CHN_5_addr" [../pageRankReduce/pageRank.cpp:203]   --->   Operation 211 'writeresp' 'empty_35' <Predicate = true> <Delay = 2.92> <CoreInst = "m_axi">   --->   Core 119 'm_axi' <Latency = 3> <II = 1> <Delay = 1.00> <Adapter> <Opcode : 'read' 'write' 'readreq' 'writereq' 'writeresp'>

State 63 <SV = 62> <Delay = 2.92>
ST_63 : Operation 212 [35/68] (2.92ns)   --->   "%empty_35 = writeresp i1 @_ssdm_op_WriteResp.m_axi.p1i64, i64 %gmem_CHN_5_addr" [../pageRankReduce/pageRank.cpp:203]   --->   Operation 212 'writeresp' 'empty_35' <Predicate = true> <Delay = 2.92> <CoreInst = "m_axi">   --->   Core 119 'm_axi' <Latency = 3> <II = 1> <Delay = 1.00> <Adapter> <Opcode : 'read' 'write' 'readreq' 'writereq' 'writeresp'>

State 64 <SV = 63> <Delay = 2.92>
ST_64 : Operation 213 [34/68] (2.92ns)   --->   "%empty_35 = writeresp i1 @_ssdm_op_WriteResp.m_axi.p1i64, i64 %gmem_CHN_5_addr" [../pageRankReduce/pageRank.cpp:203]   --->   Operation 213 'writeresp' 'empty_35' <Predicate = true> <Delay = 2.92> <CoreInst = "m_axi">   --->   Core 119 'm_axi' <Latency = 3> <II = 1> <Delay = 1.00> <Adapter> <Opcode : 'read' 'write' 'readreq' 'writereq' 'writeresp'>

State 65 <SV = 64> <Delay = 2.92>
ST_65 : Operation 214 [33/68] (2.92ns)   --->   "%empty_35 = writeresp i1 @_ssdm_op_WriteResp.m_axi.p1i64, i64 %gmem_CHN_5_addr" [../pageRankReduce/pageRank.cpp:203]   --->   Operation 214 'writeresp' 'empty_35' <Predicate = true> <Delay = 2.92> <CoreInst = "m_axi">   --->   Core 119 'm_axi' <Latency = 3> <II = 1> <Delay = 1.00> <Adapter> <Opcode : 'read' 'write' 'readreq' 'writereq' 'writeresp'>

State 66 <SV = 65> <Delay = 2.92>
ST_66 : Operation 215 [32/68] (2.92ns)   --->   "%empty_35 = writeresp i1 @_ssdm_op_WriteResp.m_axi.p1i64, i64 %gmem_CHN_5_addr" [../pageRankReduce/pageRank.cpp:203]   --->   Operation 215 'writeresp' 'empty_35' <Predicate = true> <Delay = 2.92> <CoreInst = "m_axi">   --->   Core 119 'm_axi' <Latency = 3> <II = 1> <Delay = 1.00> <Adapter> <Opcode : 'read' 'write' 'readreq' 'writereq' 'writeresp'>

State 67 <SV = 66> <Delay = 2.92>
ST_67 : Operation 216 [31/68] (2.92ns)   --->   "%empty_35 = writeresp i1 @_ssdm_op_WriteResp.m_axi.p1i64, i64 %gmem_CHN_5_addr" [../pageRankReduce/pageRank.cpp:203]   --->   Operation 216 'writeresp' 'empty_35' <Predicate = true> <Delay = 2.92> <CoreInst = "m_axi">   --->   Core 119 'm_axi' <Latency = 3> <II = 1> <Delay = 1.00> <Adapter> <Opcode : 'read' 'write' 'readreq' 'writereq' 'writeresp'>

State 68 <SV = 67> <Delay = 2.92>
ST_68 : Operation 217 [30/68] (2.92ns)   --->   "%empty_35 = writeresp i1 @_ssdm_op_WriteResp.m_axi.p1i64, i64 %gmem_CHN_5_addr" [../pageRankReduce/pageRank.cpp:203]   --->   Operation 217 'writeresp' 'empty_35' <Predicate = true> <Delay = 2.92> <CoreInst = "m_axi">   --->   Core 119 'm_axi' <Latency = 3> <II = 1> <Delay = 1.00> <Adapter> <Opcode : 'read' 'write' 'readreq' 'writereq' 'writeresp'>

State 69 <SV = 68> <Delay = 2.92>
ST_69 : Operation 218 [29/68] (2.92ns)   --->   "%empty_35 = writeresp i1 @_ssdm_op_WriteResp.m_axi.p1i64, i64 %gmem_CHN_5_addr" [../pageRankReduce/pageRank.cpp:203]   --->   Operation 218 'writeresp' 'empty_35' <Predicate = true> <Delay = 2.92> <CoreInst = "m_axi">   --->   Core 119 'm_axi' <Latency = 3> <II = 1> <Delay = 1.00> <Adapter> <Opcode : 'read' 'write' 'readreq' 'writereq' 'writeresp'>

State 70 <SV = 69> <Delay = 2.92>
ST_70 : Operation 219 [28/68] (2.92ns)   --->   "%empty_35 = writeresp i1 @_ssdm_op_WriteResp.m_axi.p1i64, i64 %gmem_CHN_5_addr" [../pageRankReduce/pageRank.cpp:203]   --->   Operation 219 'writeresp' 'empty_35' <Predicate = true> <Delay = 2.92> <CoreInst = "m_axi">   --->   Core 119 'm_axi' <Latency = 3> <II = 1> <Delay = 1.00> <Adapter> <Opcode : 'read' 'write' 'readreq' 'writereq' 'writeresp'>

State 71 <SV = 70> <Delay = 2.92>
ST_71 : Operation 220 [27/68] (2.92ns)   --->   "%empty_35 = writeresp i1 @_ssdm_op_WriteResp.m_axi.p1i64, i64 %gmem_CHN_5_addr" [../pageRankReduce/pageRank.cpp:203]   --->   Operation 220 'writeresp' 'empty_35' <Predicate = true> <Delay = 2.92> <CoreInst = "m_axi">   --->   Core 119 'm_axi' <Latency = 3> <II = 1> <Delay = 1.00> <Adapter> <Opcode : 'read' 'write' 'readreq' 'writereq' 'writeresp'>

State 72 <SV = 71> <Delay = 2.92>
ST_72 : Operation 221 [26/68] (2.92ns)   --->   "%empty_35 = writeresp i1 @_ssdm_op_WriteResp.m_axi.p1i64, i64 %gmem_CHN_5_addr" [../pageRankReduce/pageRank.cpp:203]   --->   Operation 221 'writeresp' 'empty_35' <Predicate = true> <Delay = 2.92> <CoreInst = "m_axi">   --->   Core 119 'm_axi' <Latency = 3> <II = 1> <Delay = 1.00> <Adapter> <Opcode : 'read' 'write' 'readreq' 'writereq' 'writeresp'>

State 73 <SV = 72> <Delay = 2.92>
ST_73 : Operation 222 [25/68] (2.92ns)   --->   "%empty_35 = writeresp i1 @_ssdm_op_WriteResp.m_axi.p1i64, i64 %gmem_CHN_5_addr" [../pageRankReduce/pageRank.cpp:203]   --->   Operation 222 'writeresp' 'empty_35' <Predicate = true> <Delay = 2.92> <CoreInst = "m_axi">   --->   Core 119 'm_axi' <Latency = 3> <II = 1> <Delay = 1.00> <Adapter> <Opcode : 'read' 'write' 'readreq' 'writereq' 'writeresp'>

State 74 <SV = 73> <Delay = 2.92>
ST_74 : Operation 223 [24/68] (2.92ns)   --->   "%empty_35 = writeresp i1 @_ssdm_op_WriteResp.m_axi.p1i64, i64 %gmem_CHN_5_addr" [../pageRankReduce/pageRank.cpp:203]   --->   Operation 223 'writeresp' 'empty_35' <Predicate = true> <Delay = 2.92> <CoreInst = "m_axi">   --->   Core 119 'm_axi' <Latency = 3> <II = 1> <Delay = 1.00> <Adapter> <Opcode : 'read' 'write' 'readreq' 'writereq' 'writeresp'>

State 75 <SV = 74> <Delay = 2.92>
ST_75 : Operation 224 [23/68] (2.92ns)   --->   "%empty_35 = writeresp i1 @_ssdm_op_WriteResp.m_axi.p1i64, i64 %gmem_CHN_5_addr" [../pageRankReduce/pageRank.cpp:203]   --->   Operation 224 'writeresp' 'empty_35' <Predicate = true> <Delay = 2.92> <CoreInst = "m_axi">   --->   Core 119 'm_axi' <Latency = 3> <II = 1> <Delay = 1.00> <Adapter> <Opcode : 'read' 'write' 'readreq' 'writereq' 'writeresp'>

State 76 <SV = 75> <Delay = 2.92>
ST_76 : Operation 225 [22/68] (2.92ns)   --->   "%empty_35 = writeresp i1 @_ssdm_op_WriteResp.m_axi.p1i64, i64 %gmem_CHN_5_addr" [../pageRankReduce/pageRank.cpp:203]   --->   Operation 225 'writeresp' 'empty_35' <Predicate = true> <Delay = 2.92> <CoreInst = "m_axi">   --->   Core 119 'm_axi' <Latency = 3> <II = 1> <Delay = 1.00> <Adapter> <Opcode : 'read' 'write' 'readreq' 'writereq' 'writeresp'>

State 77 <SV = 76> <Delay = 2.92>
ST_77 : Operation 226 [21/68] (2.92ns)   --->   "%empty_35 = writeresp i1 @_ssdm_op_WriteResp.m_axi.p1i64, i64 %gmem_CHN_5_addr" [../pageRankReduce/pageRank.cpp:203]   --->   Operation 226 'writeresp' 'empty_35' <Predicate = true> <Delay = 2.92> <CoreInst = "m_axi">   --->   Core 119 'm_axi' <Latency = 3> <II = 1> <Delay = 1.00> <Adapter> <Opcode : 'read' 'write' 'readreq' 'writereq' 'writeresp'>

State 78 <SV = 77> <Delay = 2.92>
ST_78 : Operation 227 [20/68] (2.92ns)   --->   "%empty_35 = writeresp i1 @_ssdm_op_WriteResp.m_axi.p1i64, i64 %gmem_CHN_5_addr" [../pageRankReduce/pageRank.cpp:203]   --->   Operation 227 'writeresp' 'empty_35' <Predicate = true> <Delay = 2.92> <CoreInst = "m_axi">   --->   Core 119 'm_axi' <Latency = 3> <II = 1> <Delay = 1.00> <Adapter> <Opcode : 'read' 'write' 'readreq' 'writereq' 'writeresp'>

State 79 <SV = 78> <Delay = 2.92>
ST_79 : Operation 228 [19/68] (2.92ns)   --->   "%empty_35 = writeresp i1 @_ssdm_op_WriteResp.m_axi.p1i64, i64 %gmem_CHN_5_addr" [../pageRankReduce/pageRank.cpp:203]   --->   Operation 228 'writeresp' 'empty_35' <Predicate = true> <Delay = 2.92> <CoreInst = "m_axi">   --->   Core 119 'm_axi' <Latency = 3> <II = 1> <Delay = 1.00> <Adapter> <Opcode : 'read' 'write' 'readreq' 'writereq' 'writeresp'>

State 80 <SV = 79> <Delay = 2.92>
ST_80 : Operation 229 [18/68] (2.92ns)   --->   "%empty_35 = writeresp i1 @_ssdm_op_WriteResp.m_axi.p1i64, i64 %gmem_CHN_5_addr" [../pageRankReduce/pageRank.cpp:203]   --->   Operation 229 'writeresp' 'empty_35' <Predicate = true> <Delay = 2.92> <CoreInst = "m_axi">   --->   Core 119 'm_axi' <Latency = 3> <II = 1> <Delay = 1.00> <Adapter> <Opcode : 'read' 'write' 'readreq' 'writereq' 'writeresp'>

State 81 <SV = 80> <Delay = 2.92>
ST_81 : Operation 230 [17/68] (2.92ns)   --->   "%empty_35 = writeresp i1 @_ssdm_op_WriteResp.m_axi.p1i64, i64 %gmem_CHN_5_addr" [../pageRankReduce/pageRank.cpp:203]   --->   Operation 230 'writeresp' 'empty_35' <Predicate = true> <Delay = 2.92> <CoreInst = "m_axi">   --->   Core 119 'm_axi' <Latency = 3> <II = 1> <Delay = 1.00> <Adapter> <Opcode : 'read' 'write' 'readreq' 'writereq' 'writeresp'>

State 82 <SV = 81> <Delay = 2.92>
ST_82 : Operation 231 [16/68] (2.92ns)   --->   "%empty_35 = writeresp i1 @_ssdm_op_WriteResp.m_axi.p1i64, i64 %gmem_CHN_5_addr" [../pageRankReduce/pageRank.cpp:203]   --->   Operation 231 'writeresp' 'empty_35' <Predicate = true> <Delay = 2.92> <CoreInst = "m_axi">   --->   Core 119 'm_axi' <Latency = 3> <II = 1> <Delay = 1.00> <Adapter> <Opcode : 'read' 'write' 'readreq' 'writereq' 'writeresp'>

State 83 <SV = 82> <Delay = 2.92>
ST_83 : Operation 232 [15/68] (2.92ns)   --->   "%empty_35 = writeresp i1 @_ssdm_op_WriteResp.m_axi.p1i64, i64 %gmem_CHN_5_addr" [../pageRankReduce/pageRank.cpp:203]   --->   Operation 232 'writeresp' 'empty_35' <Predicate = true> <Delay = 2.92> <CoreInst = "m_axi">   --->   Core 119 'm_axi' <Latency = 3> <II = 1> <Delay = 1.00> <Adapter> <Opcode : 'read' 'write' 'readreq' 'writereq' 'writeresp'>

State 84 <SV = 83> <Delay = 2.92>
ST_84 : Operation 233 [14/68] (2.92ns)   --->   "%empty_35 = writeresp i1 @_ssdm_op_WriteResp.m_axi.p1i64, i64 %gmem_CHN_5_addr" [../pageRankReduce/pageRank.cpp:203]   --->   Operation 233 'writeresp' 'empty_35' <Predicate = true> <Delay = 2.92> <CoreInst = "m_axi">   --->   Core 119 'm_axi' <Latency = 3> <II = 1> <Delay = 1.00> <Adapter> <Opcode : 'read' 'write' 'readreq' 'writereq' 'writeresp'>

State 85 <SV = 84> <Delay = 2.92>
ST_85 : Operation 234 [13/68] (2.92ns)   --->   "%empty_35 = writeresp i1 @_ssdm_op_WriteResp.m_axi.p1i64, i64 %gmem_CHN_5_addr" [../pageRankReduce/pageRank.cpp:203]   --->   Operation 234 'writeresp' 'empty_35' <Predicate = true> <Delay = 2.92> <CoreInst = "m_axi">   --->   Core 119 'm_axi' <Latency = 3> <II = 1> <Delay = 1.00> <Adapter> <Opcode : 'read' 'write' 'readreq' 'writereq' 'writeresp'>

State 86 <SV = 85> <Delay = 2.92>
ST_86 : Operation 235 [12/68] (2.92ns)   --->   "%empty_35 = writeresp i1 @_ssdm_op_WriteResp.m_axi.p1i64, i64 %gmem_CHN_5_addr" [../pageRankReduce/pageRank.cpp:203]   --->   Operation 235 'writeresp' 'empty_35' <Predicate = true> <Delay = 2.92> <CoreInst = "m_axi">   --->   Core 119 'm_axi' <Latency = 3> <II = 1> <Delay = 1.00> <Adapter> <Opcode : 'read' 'write' 'readreq' 'writereq' 'writeresp'>

State 87 <SV = 86> <Delay = 2.92>
ST_87 : Operation 236 [11/68] (2.92ns)   --->   "%empty_35 = writeresp i1 @_ssdm_op_WriteResp.m_axi.p1i64, i64 %gmem_CHN_5_addr" [../pageRankReduce/pageRank.cpp:203]   --->   Operation 236 'writeresp' 'empty_35' <Predicate = true> <Delay = 2.92> <CoreInst = "m_axi">   --->   Core 119 'm_axi' <Latency = 3> <II = 1> <Delay = 1.00> <Adapter> <Opcode : 'read' 'write' 'readreq' 'writereq' 'writeresp'>

State 88 <SV = 87> <Delay = 2.92>
ST_88 : Operation 237 [10/68] (2.92ns)   --->   "%empty_35 = writeresp i1 @_ssdm_op_WriteResp.m_axi.p1i64, i64 %gmem_CHN_5_addr" [../pageRankReduce/pageRank.cpp:203]   --->   Operation 237 'writeresp' 'empty_35' <Predicate = true> <Delay = 2.92> <CoreInst = "m_axi">   --->   Core 119 'm_axi' <Latency = 3> <II = 1> <Delay = 1.00> <Adapter> <Opcode : 'read' 'write' 'readreq' 'writereq' 'writeresp'>

State 89 <SV = 88> <Delay = 2.92>
ST_89 : Operation 238 [9/68] (2.92ns)   --->   "%empty_35 = writeresp i1 @_ssdm_op_WriteResp.m_axi.p1i64, i64 %gmem_CHN_5_addr" [../pageRankReduce/pageRank.cpp:203]   --->   Operation 238 'writeresp' 'empty_35' <Predicate = true> <Delay = 2.92> <CoreInst = "m_axi">   --->   Core 119 'm_axi' <Latency = 3> <II = 1> <Delay = 1.00> <Adapter> <Opcode : 'read' 'write' 'readreq' 'writereq' 'writeresp'>

State 90 <SV = 89> <Delay = 2.92>
ST_90 : Operation 239 [8/68] (2.92ns)   --->   "%empty_35 = writeresp i1 @_ssdm_op_WriteResp.m_axi.p1i64, i64 %gmem_CHN_5_addr" [../pageRankReduce/pageRank.cpp:203]   --->   Operation 239 'writeresp' 'empty_35' <Predicate = true> <Delay = 2.92> <CoreInst = "m_axi">   --->   Core 119 'm_axi' <Latency = 3> <II = 1> <Delay = 1.00> <Adapter> <Opcode : 'read' 'write' 'readreq' 'writereq' 'writeresp'>

State 91 <SV = 90> <Delay = 2.92>
ST_91 : Operation 240 [7/68] (2.92ns)   --->   "%empty_35 = writeresp i1 @_ssdm_op_WriteResp.m_axi.p1i64, i64 %gmem_CHN_5_addr" [../pageRankReduce/pageRank.cpp:203]   --->   Operation 240 'writeresp' 'empty_35' <Predicate = true> <Delay = 2.92> <CoreInst = "m_axi">   --->   Core 119 'm_axi' <Latency = 3> <II = 1> <Delay = 1.00> <Adapter> <Opcode : 'read' 'write' 'readreq' 'writereq' 'writeresp'>

State 92 <SV = 91> <Delay = 2.92>
ST_92 : Operation 241 [6/68] (2.92ns)   --->   "%empty_35 = writeresp i1 @_ssdm_op_WriteResp.m_axi.p1i64, i64 %gmem_CHN_5_addr" [../pageRankReduce/pageRank.cpp:203]   --->   Operation 241 'writeresp' 'empty_35' <Predicate = true> <Delay = 2.92> <CoreInst = "m_axi">   --->   Core 119 'm_axi' <Latency = 3> <II = 1> <Delay = 1.00> <Adapter> <Opcode : 'read' 'write' 'readreq' 'writereq' 'writeresp'>

State 93 <SV = 92> <Delay = 2.92>
ST_93 : Operation 242 [5/68] (2.92ns)   --->   "%empty_35 = writeresp i1 @_ssdm_op_WriteResp.m_axi.p1i64, i64 %gmem_CHN_5_addr" [../pageRankReduce/pageRank.cpp:203]   --->   Operation 242 'writeresp' 'empty_35' <Predicate = true> <Delay = 2.92> <CoreInst = "m_axi">   --->   Core 119 'm_axi' <Latency = 3> <II = 1> <Delay = 1.00> <Adapter> <Opcode : 'read' 'write' 'readreq' 'writereq' 'writeresp'>

State 94 <SV = 93> <Delay = 2.92>
ST_94 : Operation 243 [4/68] (2.92ns)   --->   "%empty_35 = writeresp i1 @_ssdm_op_WriteResp.m_axi.p1i64, i64 %gmem_CHN_5_addr" [../pageRankReduce/pageRank.cpp:203]   --->   Operation 243 'writeresp' 'empty_35' <Predicate = true> <Delay = 2.92> <CoreInst = "m_axi">   --->   Core 119 'm_axi' <Latency = 3> <II = 1> <Delay = 1.00> <Adapter> <Opcode : 'read' 'write' 'readreq' 'writereq' 'writeresp'>

State 95 <SV = 94> <Delay = 2.92>
ST_95 : Operation 244 [3/68] (2.92ns)   --->   "%empty_35 = writeresp i1 @_ssdm_op_WriteResp.m_axi.p1i64, i64 %gmem_CHN_5_addr" [../pageRankReduce/pageRank.cpp:203]   --->   Operation 244 'writeresp' 'empty_35' <Predicate = true> <Delay = 2.92> <CoreInst = "m_axi">   --->   Core 119 'm_axi' <Latency = 3> <II = 1> <Delay = 1.00> <Adapter> <Opcode : 'read' 'write' 'readreq' 'writereq' 'writeresp'>

State 96 <SV = 95> <Delay = 2.92>
ST_96 : Operation 245 [2/68] (2.92ns)   --->   "%empty_35 = writeresp i1 @_ssdm_op_WriteResp.m_axi.p1i64, i64 %gmem_CHN_5_addr" [../pageRankReduce/pageRank.cpp:203]   --->   Operation 245 'writeresp' 'empty_35' <Predicate = true> <Delay = 2.92> <CoreInst = "m_axi">   --->   Core 119 'm_axi' <Latency = 3> <II = 1> <Delay = 1.00> <Adapter> <Opcode : 'read' 'write' 'readreq' 'writereq' 'writeresp'>

State 97 <SV = 96> <Delay = 2.92>
ST_97 : Operation 246 [1/1] (0.00ns)   --->   "%specinterface_ln0 = specinterface void @_ssdm_op_SpecInterface, i64 %mem, void @ap_fifo_str, i32 0, i32 0, void @p_str, i32 0, i32 0, void @p_str, void @p_str, void @p_str, i32 2, i32 2, i32 16, i32 16, void @p_str, void @ScalarProp_str, i32 4294967295, i32 0, i32 0"   --->   Operation 246 'specinterface' 'specinterface_ln0' <Predicate = true> <Delay = 0.00>
ST_97 : Operation 247 [1/1] (0.00ns)   --->   "%specinterface_ln0 = specinterface void @_ssdm_op_SpecInterface, i480 %taskToWrite, void @empty_4, i32 0, i32 0, void @empty_16, i32 0, i32 0, void @empty_16, void @empty_16, void @empty_16, i32 0, i32 0, i32 0, i32 0, void @empty_16, void @empty_16, i32 4294967295, i32 0, i32 0"   --->   Operation 247 'specinterface' 'specinterface_ln0' <Predicate = true> <Delay = 0.00>
ST_97 : Operation 248 [1/1] (0.00ns)   --->   "%specinterface_ln0 = specinterface void @_ssdm_op_SpecInterface, i32 %sums_stream, void @empty_4, i32 0, i32 0, void @empty_16, i32 0, i32 0, void @empty_16, void @empty_16, void @empty_16, i32 0, i32 0, i32 0, i32 0, void @empty_16, void @empty_16, i32 4294967295, i32 0, i32 0"   --->   Operation 248 'specinterface' 'specinterface_ln0' <Predicate = true> <Delay = 0.00>
ST_97 : Operation 249 [1/1] (0.00ns)   --->   "%specinterface_ln0 = specinterface void @_ssdm_op_SpecInterface, i64 %argOut, void @empty_6, i32 1, i32 1, void @empty_5, i32 0, i32 0, void @empty_16, void @empty_16, void @empty_16, i32 0, i32 0, i32 0, i32 0, void @empty_16, void @empty_16, i32 4294967295, i32 0, i32 0"   --->   Operation 249 'specinterface' 'specinterface_ln0' <Predicate = true> <Delay = 0.00>
ST_97 : Operation 250 [1/1] (0.00ns)   --->   "%specinterface_ln0 = specinterface void @_ssdm_op_SpecInterface, i64 %gmem_CHN_5, void @empty_17, i32 0, i32 0, void @empty_16, i32 64, i32 0, void @empty_15, void @empty_14, void @empty_16, i32 64, i32 1, i32 16, i32 16, void @empty_16, void @empty_16, i32 4294967295, i32 0, i32 5"   --->   Operation 250 'specinterface' 'specinterface_ln0' <Predicate = true> <Delay = 0.00>
ST_97 : Operation 251 [1/68] (2.92ns)   --->   "%empty_35 = writeresp i1 @_ssdm_op_WriteResp.m_axi.p1i64, i64 %gmem_CHN_5_addr" [../pageRankReduce/pageRank.cpp:203]   --->   Operation 251 'writeresp' 'empty_35' <Predicate = true> <Delay = 2.92> <CoreInst = "m_axi">   --->   Core 119 'm_axi' <Latency = 3> <II = 1> <Delay = 1.00> <Adapter> <Opcode : 'read' 'write' 'readreq' 'writereq' 'writeresp'>
ST_97 : Operation 252 [1/1] (0.00ns)   --->   "%br_ln206 = br i1 %and_ln206_1, void %if.end, void %if.then" [../pageRankReduce/pageRank.cpp:206]   --->   Operation 252 'br' 'br_ln206' <Predicate = true> <Delay = 0.00>
ST_97 : Operation 253 [2/2] (0.59ns)   --->   "%write_ln207 = write void @_ssdm_op_Write.axis.volatile.i64P128A, i64 %argOut, i64 %task_cont" [../pageRankReduce/pageRank.cpp:207]   --->   Operation 253 'write' 'write_ln207' <Predicate = (and_ln206_1)> <Delay = 0.59> <CoreInst = "regslice">   --->   Core 147 'regslice' <Latency = 0> <II = 1> <Delay = 0.72> <Adapter> <Opcode : 'read' 'write'>

State 98 <SV = 97> <Delay = 0.59>
ST_98 : Operation 254 [1/2] (0.59ns)   --->   "%write_ln207 = write void @_ssdm_op_Write.axis.volatile.i64P128A, i64 %argOut, i64 %task_cont" [../pageRankReduce/pageRank.cpp:207]   --->   Operation 254 'write' 'write_ln207' <Predicate = (and_ln206_1)> <Delay = 0.59> <CoreInst = "regslice">   --->   Core 147 'regslice' <Latency = 0> <II = 1> <Delay = 0.72> <Adapter> <Opcode : 'read' 'write'>
ST_98 : Operation 255 [1/1] (0.00ns)   --->   "%br_ln208 = br void %if.end" [../pageRankReduce/pageRank.cpp:208]   --->   Operation 255 'br' 'br_ln208' <Predicate = (and_ln206_1)> <Delay = 0.00>
ST_98 : Operation 256 [1/1] (0.00ns)   --->   "%ret_ln210 = ret" [../pageRankReduce/pageRank.cpp:210]   --->   Operation 256 'ret' 'ret_ln210' <Predicate = true> <Delay = 0.00>


============================================================
+ Verbose Summary: Binding
============================================================
STG Binding: 
---------------- STG Properties BEGIN ----------------
- Is combinational: 0
- Is one-state seq: 0
- Is datapath-only: 0
- Is pipelined: 0
- Is top level: 0
Port [ Return ] is wired: 1; IO mode=ap_ctrl_hs:ce=0
Port [ gmem_CHN_5]:  wired=1; compound=1; hidden=0; nouse=0; global=0; static=0; extern=0; dir=1; type=4; pingpong=0; private_global=0; IO mode=m_axi:ce=0
Port [ mem]:  wired=1; compound=1; hidden=0; nouse=0; global=0; static=0; extern=0; dir=0; type=3; pingpong=0; private_global=0; IO mode=ap_fifo:ce=0
Port [ argOut]:  wired=1; compound=1; hidden=0; nouse=0; global=0; static=0; extern=0; dir=1; type=0; pingpong=0; private_global=0; IO mode=axis:ce=0
Port [ taskToWrite]:  wired=1; compound=1; hidden=0; nouse=0; global=0; static=0; extern=0; dir=0; type=3; pingpong=0; private_global=0; IO mode=ap_fifo:ce=0
Port [ sums_stream]:  wired=1; compound=1; hidden=0; nouse=0; global=0; static=0; extern=0; dir=0; type=3; pingpong=0; private_global=0; IO mode=ap_fifo:ce=0
---------------- STG Properties END ------------------

---------------- Datapath Model BEGIN ----------------

<LifeTime>
<method=bitvector/>
mem_1             (read          ) [ 000000000000000000000000000000000000000000000000000000000000000000000000000000000000000000000000000]
val               (alloca        ) [ 001111111111111111111111111110000000000000000000000000000000000000000000000000000000000000000000000]
sums_stream_read  (read          ) [ 001000000000000000000000000000000000000000000000000000000000000000000000000000000000000000000000000]
taskToWrite_read  (read          ) [ 000000000000000000000000000000000000000000000000000000000000000000000000000000000000000000000000000]
task_pPrNext      (partselect    ) [ 000000000000000000000000000000000000000000000000000000000000000000000000000000000000000000000000000]
task_cont         (partselect    ) [ 001111111111111111111111111111111111111111111111111111111111111111111111111111111111111111111111111]
task_vertex_count (partselect    ) [ 001111111000000000000000000000000000000000000000000000000000000000000000000000000000000000000000000]
trunc_ln191_4     (partselect    ) [ 001000000000000000000000000000000000000000000000000000000000000000000000000000000000000000000000000]
tmp_3             (partselect    ) [ 000000000000000000000000000000000000000000000000000000000000000000000000000000000000000000000000000]
and_ln            (bitconcatenate) [ 000000000000000000000000000000000000000000000000000000000000000000000000000000000000000000000000000]
zext_ln203        (zext          ) [ 000000000000000000000000000000000000000000000000000000000000000000000000000000000000000000000000000]
add_ln203         (add           ) [ 000000000000000000000000000000000000000000000000000000000000000000000000000000000000000000000000000]
add_ln203_1       (add           ) [ 000000000000000000000000000000000000000000000000000000000000000000000000000000000000000000000000000]
trunc_ln203       (trunc         ) [ 001111111111111111111111111110000000000000000000000000000000000000000000000000000000000000000000000]
trunc_ln203_1     (partselect    ) [ 001111111111111111111111111110000000000000000000000000000000000000000000000000000000000000000000000]
sum               (bitcast       ) [ 000111000000000000000000000000000000000000000000000000000000000000000000000000000000000000000000000]
task_gamma        (bitcast       ) [ 000111111000000000000000000000000000000000000000000000000000000000000000000000000000000000000000000]
mul               (fmul          ) [ 000000111111111111111111111100000000000000000000000000000000000000000000000000000000000000000000000]
sub               (fsub          ) [ 000000000111111111111000000000000000000000000000000000000000000000000000000000000000000000000000000]
conv              (uitofp        ) [ 000000000111111111111000000000000000000000000000000000000000000000000000000000000000000000000000000]
div               (fdiv          ) [ 000000000000000000000111111100000000000000000000000000000000000000000000000000000000000000000000000]
Pnext_v           (fadd          ) [ 000000000000000000000000000011000000000000000000000000000000000000000000000000000000000000000000000]
store_ln204       (store         ) [ 000000000000000000000000000000000000000000000000000000000000000000000000000000000000000000000000000]
store_ln205       (store         ) [ 000000000000000000000000000000000000000000000000000000000000000000000000000000000000000000000000000]
bitcast_ln203     (bitcast       ) [ 000000000000000000000000000000000000000000000000000000000000000000000000000000000000000000000000000]
zext_ln203_1      (zext          ) [ 000000000000000000000000000000000000000000000000000000000000000000000000000000000000000000000000000]
zext_ln203_2      (zext          ) [ 000000000000000000000000000000000000000000000000000000000000000000000000000000000000000000000000000]
shl_ln203         (shl           ) [ 000000000000000000000000000001000000000000000000000000000000000000000000000000000000000000000000000]
shl_ln203_1       (bitconcatenate) [ 000000000000000000000000000000000000000000000000000000000000000000000000000000000000000000000000000]
zext_ln203_3      (zext          ) [ 000000000000000000000000000000000000000000000000000000000000000000000000000000000000000000000000000]
shl_ln203_2       (shl           ) [ 000000000000000000000000000001000000000000000000000000000000000000000000000000000000000000000000000]
sext_ln203        (sext          ) [ 000000000000000000000000000000000000000000000000000000000000000000000000000000000000000000000000000]
gmem_CHN_5_addr   (getelementptr ) [ 000000000000000000000000000001111111111111111111111111111111111111111111111111111111111111111111110]
empty             (writereq      ) [ 000000000000000000000000000000000000000000000000000000000000000000000000000000000000000000000000000]
val_load          (load          ) [ 000000000000000000000000000001000000000000000000000000000000000000000000000000000000000000000000000]
bitcast_ln206     (bitcast       ) [ 000000000000000000000000000000000000000000000000000000000000000000000000000000000000000000000000000]
tmp               (partselect    ) [ 000000000000000000000000000000000000000000000000000000000000000000000000000000000000000000000000000]
trunc_ln206       (trunc         ) [ 000000000000000000000000000000000000000000000000000000000000000000000000000000000000000000000000000]
tmp_1             (partselect    ) [ 000000000000000000000000000000000000000000000000000000000000000000000000000000000000000000000000000]
trunc_ln206_1     (trunc         ) [ 000000000000000000000000000000000000000000000000000000000000000000000000000000000000000000000000000]
icmp_ln206        (icmp          ) [ 000000000000000000000000000001000000000000000000000000000000000000000000000000000000000000000000000]
icmp_ln206_1      (icmp          ) [ 000000000000000000000000000001000000000000000000000000000000000000000000000000000000000000000000000]
icmp_ln206_2      (icmp          ) [ 000000000000000000000000000001000000000000000000000000000000000000000000000000000000000000000000000]
icmp_ln206_3      (icmp          ) [ 000000000000000000000000000001000000000000000000000000000000000000000000000000000000000000000000000]
write_ln203       (write         ) [ 000000000000000000000000000000000000000000000000000000000000000000000000000000000000000000000000000]
or_ln206          (or            ) [ 000000000000000000000000000000000000000000000000000000000000000000000000000000000000000000000000000]
or_ln206_1        (or            ) [ 000000000000000000000000000000000000000000000000000000000000000000000000000000000000000000000000000]
and_ln206         (and           ) [ 000000000000000000000000000000000000000000000000000000000000000000000000000000000000000000000000000]
tmp_2             (fcmp          ) [ 000000000000000000000000000000000000000000000000000000000000000000000000000000000000000000000000000]
and_ln206_1       (and           ) [ 000000000000000000000000000000111111111111111111111111111111111111111111111111111111111111111111111]
specinterface_ln0 (specinterface ) [ 000000000000000000000000000000000000000000000000000000000000000000000000000000000000000000000000000]
specinterface_ln0 (specinterface ) [ 000000000000000000000000000000000000000000000000000000000000000000000000000000000000000000000000000]
specinterface_ln0 (specinterface ) [ 000000000000000000000000000000000000000000000000000000000000000000000000000000000000000000000000000]
specinterface_ln0 (specinterface ) [ 000000000000000000000000000000000000000000000000000000000000000000000000000000000000000000000000000]
specinterface_ln0 (specinterface ) [ 000000000000000000000000000000000000000000000000000000000000000000000000000000000000000000000000000]
empty_35          (writeresp     ) [ 000000000000000000000000000000000000000000000000000000000000000000000000000000000000000000000000000]
br_ln206          (br            ) [ 000000000000000000000000000000000000000000000000000000000000000000000000000000000000000000000000000]
write_ln207       (write         ) [ 000000000000000000000000000000000000000000000000000000000000000000000000000000000000000000000000000]
br_ln208          (br            ) [ 000000000000000000000000000000000000000000000000000000000000000000000000000000000000000000000000000]
ret_ln210         (ret           ) [ 000000000000000000000000000000000000000000000000000000000000000000000000000000000000000000000000000]
</LifeTime>

<model>

<comp_list>
<comp id="0" class="1000" name="gmem_CHN_5">
<pin_list>
<pin id="1" dir="1" index="0" bw="1" slack="0"/>
</pin_list>
<bind>
<StgValue><ssdm name="gmem_CHN_5"/><MemPortTyVec>1 </MemPortTyVec>
</StgValue>
</bind>
</comp>

<comp id="2" class="1000" name="mem">
<pin_list>
<pin id="3" dir="1" index="0" bw="1" slack="0"/>
</pin_list>
<bind>
<StgValue><ssdm name="mem"/></StgValue>
</bind>
</comp>

<comp id="4" class="1000" name="argOut">
<pin_list>
<pin id="5" dir="1" index="0" bw="1" slack="0"/>
</pin_list>
<bind>
<StgValue><ssdm name="argOut"/></StgValue>
</bind>
</comp>

<comp id="6" class="1000" name="taskToWrite">
<pin_list>
<pin id="7" dir="1" index="0" bw="1" slack="0"/>
</pin_list>
<bind>
<StgValue><ssdm name="taskToWrite"/></StgValue>
</bind>
</comp>

<comp id="8" class="1000" name="sums_stream">
<pin_list>
<pin id="9" dir="1" index="0" bw="1" slack="0"/>
</pin_list>
<bind>
<StgValue><ssdm name="sums_stream"/></StgValue>
</bind>
</comp>

<comp id="10" class="1001" name="const_10">
<pin_list>
<pin id="11" dir="1" index="0" bw="1" slack="0"/>
</pin_list>
<bind>
<StgValue><ssdm name="_ssdm_op_Read.ap_fifo.i64P0A"/></StgValue>
</bind>
</comp>

<comp id="12" class="1001" name="const_12">
<pin_list>
<pin id="13" dir="1" index="0" bw="1" slack="0"/>
</pin_list>
<bind>
<StgValue><ssdm name=""/></StgValue>
</bind>
</comp>

<comp id="14" class="1001" name="const_14">
<pin_list>
<pin id="15" dir="1" index="0" bw="1" slack="0"/>
</pin_list>
<bind>
<StgValue><ssdm name="_ssdm_op_Read.ap_fifo.volatile.i32P0A"/></StgValue>
</bind>
</comp>

<comp id="16" class="1001" name="const_16">
<pin_list>
<pin id="17" dir="1" index="0" bw="1" slack="0"/>
</pin_list>
<bind>
<StgValue><ssdm name="_ssdm_op_Read.ap_fifo.volatile.i480P0A"/></StgValue>
</bind>
</comp>

<comp id="18" class="1001" name="const_18">
<pin_list>
<pin id="19" dir="1" index="0" bw="1" slack="0"/>
</pin_list>
<bind>
<StgValue><ssdm name="_ssdm_op_PartSelect.i64.i480.i32.i32"/></StgValue>
</bind>
</comp>

<comp id="20" class="1001" name="const_20">
<pin_list>
<pin id="21" dir="1" index="0" bw="1" slack="0"/>
</pin_list>
<bind>
<StgValue><ssdm name=""/></StgValue>
</bind>
</comp>

<comp id="22" class="1001" name="const_22">
<pin_list>
<pin id="23" dir="1" index="0" bw="1" slack="0"/>
</pin_list>
<bind>
<StgValue><ssdm name=""/></StgValue>
</bind>
</comp>

<comp id="24" class="1001" name="const_24">
<pin_list>
<pin id="25" dir="1" index="0" bw="1" slack="0"/>
</pin_list>
<bind>
<StgValue><ssdm name=""/></StgValue>
</bind>
</comp>

<comp id="26" class="1001" name="const_26">
<pin_list>
<pin id="27" dir="1" index="0" bw="1" slack="0"/>
</pin_list>
<bind>
<StgValue><ssdm name=""/></StgValue>
</bind>
</comp>

<comp id="28" class="1001" name="const_28">
<pin_list>
<pin id="29" dir="1" index="0" bw="1" slack="0"/>
</pin_list>
<bind>
<StgValue><ssdm name="_ssdm_op_PartSelect.i32.i480.i32.i32"/></StgValue>
</bind>
</comp>

<comp id="30" class="1001" name="const_30">
<pin_list>
<pin id="31" dir="1" index="0" bw="1" slack="0"/>
</pin_list>
<bind>
<StgValue><ssdm name=""/></StgValue>
</bind>
</comp>

<comp id="32" class="1001" name="const_32">
<pin_list>
<pin id="33" dir="1" index="0" bw="1" slack="0"/>
</pin_list>
<bind>
<StgValue><ssdm name=""/></StgValue>
</bind>
</comp>

<comp id="34" class="1001" name="const_34">
<pin_list>
<pin id="35" dir="1" index="0" bw="1" slack="0"/>
</pin_list>
<bind>
<StgValue><ssdm name=""/></StgValue>
</bind>
</comp>

<comp id="36" class="1001" name="const_36">
<pin_list>
<pin id="37" dir="1" index="0" bw="1" slack="0"/>
</pin_list>
<bind>
<StgValue><ssdm name=""/></StgValue>
</bind>
</comp>

<comp id="38" class="1001" name="const_38">
<pin_list>
<pin id="39" dir="1" index="0" bw="1" slack="0"/>
</pin_list>
<bind>
<StgValue><ssdm name=""/></StgValue>
</bind>
</comp>

<comp id="40" class="1001" name="const_40">
<pin_list>
<pin id="41" dir="1" index="0" bw="1" slack="0"/>
</pin_list>
<bind>
<StgValue><ssdm name=""/></StgValue>
</bind>
</comp>

<comp id="42" class="1001" name="const_42">
<pin_list>
<pin id="43" dir="1" index="0" bw="1" slack="0"/>
</pin_list>
<bind>
<StgValue><ssdm name="_ssdm_op_BitConcatenate.i34.i32.i2"/></StgValue>
</bind>
</comp>

<comp id="44" class="1001" name="const_44">
<pin_list>
<pin id="45" dir="1" index="0" bw="1" slack="0"/>
</pin_list>
<bind>
<StgValue><ssdm name=""/></StgValue>
</bind>
</comp>

<comp id="46" class="1001" name="const_46">
<pin_list>
<pin id="47" dir="1" index="0" bw="1" slack="0"/>
</pin_list>
<bind>
<StgValue><ssdm name="_ssdm_op_PartSelect.i61.i64.i32.i32"/></StgValue>
</bind>
</comp>

<comp id="48" class="1001" name="const_48">
<pin_list>
<pin id="49" dir="1" index="0" bw="1" slack="0"/>
</pin_list>
<bind>
<StgValue><ssdm name=""/></StgValue>
</bind>
</comp>

<comp id="50" class="1001" name="const_50">
<pin_list>
<pin id="51" dir="1" index="0" bw="1" slack="0"/>
</pin_list>
<bind>
<StgValue><ssdm name=""/></StgValue>
</bind>
</comp>

<comp id="52" class="1001" name="const_52">
<pin_list>
<pin id="53" dir="1" index="0" bw="1" slack="0"/>
</pin_list>
<bind>
<StgValue><ssdm name=""/></StgValue>
</bind>
</comp>

<comp id="54" class="1001" name="const_54">
<pin_list>
<pin id="55" dir="1" index="0" bw="1" slack="0"/>
</pin_list>
<bind>
<StgValue><ssdm name=""/></StgValue>
</bind>
</comp>

<comp id="56" class="1001" name="const_56">
<pin_list>
<pin id="57" dir="1" index="0" bw="1" slack="0"/>
</pin_list>
<bind>
<StgValue><ssdm name="_ssdm_op_BitConcatenate.i6.i3.i3"/></StgValue>
</bind>
</comp>

<comp id="58" class="1001" name="const_58">
<pin_list>
<pin id="59" dir="1" index="0" bw="1" slack="0"/>
</pin_list>
<bind>
<StgValue><ssdm name=""/></StgValue>
</bind>
</comp>

<comp id="60" class="1001" name="const_60">
<pin_list>
<pin id="61" dir="1" index="0" bw="1" slack="0"/>
</pin_list>
<bind>
<StgValue><ssdm name="_ssdm_op_WriteReq.m_axi.p1i64"/></StgValue>
</bind>
</comp>

<comp id="62" class="1001" name="const_62">
<pin_list>
<pin id="63" dir="1" index="0" bw="1" slack="0"/>
</pin_list>
<bind>
<StgValue><ssdm name="_ssdm_op_PartSelect.i8.i32.i32.i32"/></StgValue>
</bind>
</comp>

<comp id="64" class="1001" name="const_64">
<pin_list>
<pin id="65" dir="1" index="0" bw="1" slack="0"/>
</pin_list>
<bind>
<StgValue><ssdm name=""/></StgValue>
</bind>
</comp>

<comp id="66" class="1001" name="const_66">
<pin_list>
<pin id="67" dir="1" index="0" bw="1" slack="0"/>
</pin_list>
<bind>
<StgValue><ssdm name=""/></StgValue>
</bind>
</comp>

<comp id="68" class="1001" name="const_68">
<pin_list>
<pin id="69" dir="1" index="0" bw="1" slack="0"/>
</pin_list>
<bind>
<StgValue><ssdm name=""/></StgValue>
</bind>
</comp>

<comp id="70" class="1001" name="const_70">
<pin_list>
<pin id="71" dir="1" index="0" bw="1" slack="0"/>
</pin_list>
<bind>
<StgValue><ssdm name=""/></StgValue>
</bind>
</comp>

<comp id="72" class="1001" name="const_72">
<pin_list>
<pin id="73" dir="1" index="0" bw="1" slack="0"/>
</pin_list>
<bind>
<StgValue><ssdm name="_ssdm_op_Write.m_axi.p1i64"/></StgValue>
</bind>
</comp>

<comp id="74" class="1001" name="const_74">
<pin_list>
<pin id="75" dir="1" index="0" bw="1" slack="0"/>
</pin_list>
<bind>
<StgValue><ssdm name="_ssdm_op_WriteResp.m_axi.p1i64"/></StgValue>
</bind>
</comp>

<comp id="76" class="1001" name="const_76">
<pin_list>
<pin id="77" dir="1" index="0" bw="1" slack="2147483647"/>
</pin_list>
<bind>
<StgValue><ssdm name="_ssdm_op_SpecInterface"/></StgValue>
</bind>
</comp>

<comp id="78" class="1001" name="const_78">
<pin_list>
<pin id="79" dir="1" index="0" bw="1" slack="2147483647"/>
</pin_list>
<bind>
<StgValue><ssdm name="ap_fifo_str"/></StgValue>
</bind>
</comp>

<comp id="80" class="1001" name="const_80">
<pin_list>
<pin id="81" dir="1" index="0" bw="1" slack="2147483647"/>
</pin_list>
<bind>
<StgValue><ssdm name=""/></StgValue>
</bind>
</comp>

<comp id="82" class="1001" name="const_82">
<pin_list>
<pin id="83" dir="1" index="0" bw="1" slack="2147483647"/>
</pin_list>
<bind>
<StgValue><ssdm name="p_str"/></StgValue>
</bind>
</comp>

<comp id="84" class="1001" name="const_84">
<pin_list>
<pin id="85" dir="1" index="0" bw="1" slack="2147483647"/>
</pin_list>
<bind>
<StgValue><ssdm name=""/></StgValue>
</bind>
</comp>

<comp id="86" class="1001" name="const_86">
<pin_list>
<pin id="87" dir="1" index="0" bw="1" slack="2147483647"/>
</pin_list>
<bind>
<StgValue><ssdm name=""/></StgValue>
</bind>
</comp>

<comp id="88" class="1001" name="const_88">
<pin_list>
<pin id="89" dir="1" index="0" bw="1" slack="2147483647"/>
</pin_list>
<bind>
<StgValue><ssdm name="ScalarProp_str"/></StgValue>
</bind>
</comp>

<comp id="90" class="1001" name="const_90">
<pin_list>
<pin id="91" dir="1" index="0" bw="1" slack="2147483647"/>
</pin_list>
<bind>
<StgValue><ssdm name=""/></StgValue>
</bind>
</comp>

<comp id="92" class="1001" name="const_92">
<pin_list>
<pin id="93" dir="1" index="0" bw="1" slack="2147483647"/>
</pin_list>
<bind>
<StgValue><ssdm name="empty_4"/></StgValue>
</bind>
</comp>

<comp id="94" class="1001" name="const_94">
<pin_list>
<pin id="95" dir="1" index="0" bw="1" slack="2147483647"/>
</pin_list>
<bind>
<StgValue><ssdm name="empty_16"/></StgValue>
</bind>
</comp>

<comp id="96" class="1001" name="const_96">
<pin_list>
<pin id="97" dir="1" index="0" bw="1" slack="2147483647"/>
</pin_list>
<bind>
<StgValue><ssdm name="empty_6"/></StgValue>
</bind>
</comp>

<comp id="98" class="1001" name="const_98">
<pin_list>
<pin id="99" dir="1" index="0" bw="1" slack="2147483647"/>
</pin_list>
<bind>
<StgValue><ssdm name=""/></StgValue>
</bind>
</comp>

<comp id="100" class="1001" name="const_100">
<pin_list>
<pin id="101" dir="1" index="0" bw="1" slack="2147483647"/>
</pin_list>
<bind>
<StgValue><ssdm name="empty_5"/></StgValue>
</bind>
</comp>

<comp id="102" class="1001" name="const_102">
<pin_list>
<pin id="103" dir="1" index="0" bw="1" slack="2147483647"/>
</pin_list>
<bind>
<StgValue><ssdm name="empty_17"/></StgValue>
</bind>
</comp>

<comp id="104" class="1001" name="const_104">
<pin_list>
<pin id="105" dir="1" index="0" bw="1" slack="2147483647"/>
</pin_list>
<bind>
<StgValue><ssdm name="empty_15"/></StgValue>
</bind>
</comp>

<comp id="106" class="1001" name="const_106">
<pin_list>
<pin id="107" dir="1" index="0" bw="1" slack="2147483647"/>
</pin_list>
<bind>
<StgValue><ssdm name="empty_14"/></StgValue>
</bind>
</comp>

<comp id="108" class="1001" name="const_108">
<pin_list>
<pin id="109" dir="1" index="0" bw="1" slack="2147483647"/>
</pin_list>
<bind>
<StgValue><ssdm name=""/></StgValue>
</bind>
</comp>

<comp id="110" class="1001" name="const_110">
<pin_list>
<pin id="111" dir="1" index="0" bw="1" slack="0"/>
</pin_list>
<bind>
<StgValue><ssdm name="_ssdm_op_Write.axis.volatile.i64P128A"/></StgValue>
</bind>
</comp>

<comp id="112" class="1004" name="val_fu_112">
<pin_list>
<pin id="113" dir="0" index="0" bw="1" slack="0"/>
<pin id="114" dir="1" index="1" bw="32" slack="26"/>
</pin_list>
<bind>
<opcode="alloca(26) " fcode="alloca"/>
<opset="val/1 "/>
</bind>
</comp>

<comp id="116" class="1004" name="mem_1_read_fu_116">
<pin_list>
<pin id="117" dir="0" index="0" bw="64" slack="0"/>
<pin id="118" dir="0" index="1" bw="64" slack="0"/>
<pin id="119" dir="1" index="2" bw="64" slack="0"/>
</pin_list>
<bind>
<opcode="read(1150) " fcode="read"/>
<opset="mem_1/1 "/>
</bind>
</comp>

<comp id="122" class="1004" name="sums_stream_read_read_fu_122">
<pin_list>
<pin id="123" dir="0" index="0" bw="32" slack="0"/>
<pin id="124" dir="0" index="1" bw="32" slack="0"/>
<pin id="125" dir="1" index="2" bw="32" slack="1"/>
</pin_list>
<bind>
<opcode="read(1150) " fcode="read"/>
<opset="sums_stream_read/1 "/>
</bind>
</comp>

<comp id="128" class="1004" name="taskToWrite_read_read_fu_128">
<pin_list>
<pin id="129" dir="0" index="0" bw="480" slack="0"/>
<pin id="130" dir="0" index="1" bw="480" slack="0"/>
<pin id="131" dir="1" index="2" bw="480" slack="0"/>
</pin_list>
<bind>
<opcode="read(1150) " fcode="read"/>
<opset="taskToWrite_read/1 "/>
</bind>
</comp>

<comp id="134" class="1004" name="grp_write_fu_134">
<pin_list>
<pin id="135" dir="0" index="0" bw="0" slack="0"/>
<pin id="136" dir="0" index="1" bw="64" slack="0"/>
<pin id="137" dir="0" index="2" bw="64" slack="96"/>
<pin id="138" dir="1" index="3" bw="0" slack="2147483647"/>
</pin_list>
<bind>
<opcode="write(1151) " fcode="write"/>
<opset="write_ln207/97 "/>
</bind>
</comp>

<comp id="141" class="1004" name="empty_writereq_fu_141">
<pin_list>
<pin id="142" dir="0" index="0" bw="1" slack="0"/>
<pin id="143" dir="0" index="1" bw="64" slack="0"/>
<pin id="144" dir="0" index="2" bw="1" slack="0"/>
<pin id="145" dir="1" index="3" bw="1" slack="2147483647"/>
</pin_list>
<bind>
<opcode="writereq(1155) " fcode="writereq"/>
<opset="empty/28 "/>
</bind>
</comp>

<comp id="148" class="1004" name="write_ln203_write_fu_148">
<pin_list>
<pin id="149" dir="0" index="0" bw="0" slack="0"/>
<pin id="150" dir="0" index="1" bw="64" slack="1"/>
<pin id="151" dir="0" index="2" bw="64" slack="1"/>
<pin id="152" dir="0" index="3" bw="8" slack="1"/>
<pin id="153" dir="1" index="4" bw="0" slack="2147483647"/>
</pin_list>
<bind>
<opcode="write(1151) " fcode="write"/>
<opset="write_ln203/29 "/>
</bind>
</comp>

<comp id="155" class="1004" name="grp_writeresp_fu_155">
<pin_list>
<pin id="156" dir="0" index="0" bw="1" slack="0"/>
<pin id="157" dir="0" index="1" bw="64" slack="2"/>
<pin id="158" dir="1" index="2" bw="1" slack="2147483647"/>
</pin_list>
<bind>
<opcode="writeresp(1158) " fcode="writeresp"/>
<opset="empty_35/30 "/>
</bind>
</comp>

<comp id="160" class="1004" name="grp_fu_160">
<pin_list>
<pin id="161" dir="0" index="0" bw="32" slack="0"/>
<pin id="162" dir="0" index="1" bw="32" slack="0"/>
<pin id="163" dir="1" index="2" bw="32" slack="0"/>
</pin_list>
<bind>
<opcode="fadd(9) fsub(11) " fcode="fadd"/>
<opset="sub/2 Pnext_v/21 "/>
</bind>
</comp>

<comp id="165" class="1004" name="grp_fu_165">
<pin_list>
<pin id="166" dir="0" index="0" bw="32" slack="0"/>
<pin id="167" dir="0" index="1" bw="32" slack="0"/>
<pin id="168" dir="1" index="2" bw="32" slack="16"/>
</pin_list>
<bind>
<opcode="fmul(13) " fcode="fmul"/>
<opset="mul/2 "/>
</bind>
</comp>

<comp id="169" class="1004" name="grp_fu_169">
<pin_list>
<pin id="170" dir="0" index="0" bw="32" slack="1"/>
<pin id="171" dir="0" index="1" bw="32" slack="1"/>
<pin id="172" dir="1" index="2" bw="32" slack="1"/>
</pin_list>
<bind>
<opcode="fdiv(16) " fcode="fdiv"/>
<opset="div/9 "/>
</bind>
</comp>

<comp id="173" class="1004" name="grp_fu_173">
<pin_list>
<pin id="174" dir="0" index="0" bw="32" slack="4"/>
<pin id="175" dir="1" index="1" bw="32" slack="1"/>
</pin_list>
<bind>
<opcode="uitofp(38) " fcode="uitofp"/>
<opset="conv/5 "/>
</bind>
</comp>

<comp id="176" class="1004" name="grp_fu_176">
<pin_list>
<pin id="177" dir="0" index="0" bw="32" slack="0"/>
<pin id="178" dir="0" index="1" bw="32" slack="1"/>
<pin id="179" dir="1" index="2" bw="1" slack="0"/>
</pin_list>
<bind>
<opcode="fcmp(46) " fcode="fcmp"/>
<opset="tmp_2/28 "/>
</bind>
</comp>

<comp id="180" class="1005" name="reg_180">
<pin_list>
<pin id="181" dir="0" index="0" bw="32" slack="1"/>
<pin id="182" dir="1" index="1" bw="32" slack="1"/>
</pin_list>
<bind>
<opset="sub Pnext_v "/>
</bind>
</comp>

<comp id="186" class="1004" name="task_pPrNext_fu_186">
<pin_list>
<pin id="187" dir="0" index="0" bw="64" slack="0"/>
<pin id="188" dir="0" index="1" bw="480" slack="0"/>
<pin id="189" dir="0" index="2" bw="8" slack="0"/>
<pin id="190" dir="0" index="3" bw="8" slack="0"/>
<pin id="191" dir="1" index="4" bw="64" slack="0"/>
</pin_list>
<bind>
<opcode="partselect(1002) " fcode="partselect"/>
<opset="task_pPrNext/1 "/>
</bind>
</comp>

<comp id="196" class="1004" name="task_cont_fu_196">
<pin_list>
<pin id="197" dir="0" index="0" bw="64" slack="0"/>
<pin id="198" dir="0" index="1" bw="480" slack="0"/>
<pin id="199" dir="0" index="2" bw="9" slack="0"/>
<pin id="200" dir="0" index="3" bw="9" slack="0"/>
<pin id="201" dir="1" index="4" bw="64" slack="96"/>
</pin_list>
<bind>
<opcode="partselect(1002) " fcode="partselect"/>
<opset="task_cont/1 "/>
</bind>
</comp>

<comp id="206" class="1004" name="task_vertex_count_fu_206">
<pin_list>
<pin id="207" dir="0" index="0" bw="32" slack="0"/>
<pin id="208" dir="0" index="1" bw="480" slack="0"/>
<pin id="209" dir="0" index="2" bw="10" slack="0"/>
<pin id="210" dir="0" index="3" bw="10" slack="0"/>
<pin id="211" dir="1" index="4" bw="32" slack="4"/>
</pin_list>
<bind>
<opcode="partselect(1002) " fcode="partselect"/>
<opset="task_vertex_count/1 "/>
</bind>
</comp>

<comp id="216" class="1004" name="trunc_ln191_4_fu_216">
<pin_list>
<pin id="217" dir="0" index="0" bw="32" slack="0"/>
<pin id="218" dir="0" index="1" bw="480" slack="0"/>
<pin id="219" dir="0" index="2" bw="10" slack="0"/>
<pin id="220" dir="0" index="3" bw="10" slack="0"/>
<pin id="221" dir="1" index="4" bw="32" slack="1"/>
</pin_list>
<bind>
<opcode="partselect(1002) " fcode="partselect"/>
<opset="trunc_ln191_4/1 "/>
</bind>
</comp>

<comp id="226" class="1004" name="tmp_3_fu_226">
<pin_list>
<pin id="227" dir="0" index="0" bw="32" slack="0"/>
<pin id="228" dir="0" index="1" bw="480" slack="0"/>
<pin id="229" dir="0" index="2" bw="10" slack="0"/>
<pin id="230" dir="0" index="3" bw="10" slack="0"/>
<pin id="231" dir="1" index="4" bw="32" slack="0"/>
</pin_list>
<bind>
<opcode="partselect(1002) " fcode="partselect"/>
<opset="tmp_3/1 "/>
</bind>
</comp>

<comp id="236" class="1004" name="and_ln_fu_236">
<pin_list>
<pin id="237" dir="0" index="0" bw="34" slack="0"/>
<pin id="238" dir="0" index="1" bw="32" slack="0"/>
<pin id="239" dir="0" index="2" bw="1" slack="0"/>
<pin id="240" dir="1" index="3" bw="34" slack="0"/>
</pin_list>
<bind>
<opcode="bitconcatenate(1004) " fcode="bitconcatenate"/>
<opset="and_ln/1 "/>
</bind>
</comp>

<comp id="244" class="1004" name="zext_ln203_fu_244">
<pin_list>
<pin id="245" dir="0" index="0" bw="34" slack="0"/>
<pin id="246" dir="1" index="1" bw="64" slack="0"/>
</pin_list>
<bind>
<opcode="zext(34) " fcode="zext"/>
<opset="zext_ln203/1 "/>
</bind>
</comp>

<comp id="248" class="1004" name="add_ln203_fu_248">
<pin_list>
<pin id="249" dir="0" index="0" bw="64" slack="0"/>
<pin id="250" dir="0" index="1" bw="34" slack="0"/>
<pin id="251" dir="1" index="2" bw="64" slack="0"/>
</pin_list>
<bind>
<opcode="add(8) " fcode="add"/>
<opset="add_ln203/1 "/>
</bind>
</comp>

<comp id="254" class="1004" name="add_ln203_1_fu_254">
<pin_list>
<pin id="255" dir="0" index="0" bw="64" slack="0"/>
<pin id="256" dir="0" index="1" bw="64" slack="0"/>
<pin id="257" dir="1" index="2" bw="64" slack="0"/>
</pin_list>
<bind>
<opcode="add(8) " fcode="add"/>
<opset="add_ln203_1/1 "/>
</bind>
</comp>

<comp id="260" class="1004" name="trunc_ln203_fu_260">
<pin_list>
<pin id="261" dir="0" index="0" bw="64" slack="0"/>
<pin id="262" dir="1" index="1" bw="3" slack="27"/>
</pin_list>
<bind>
<opcode="trunc(33) " fcode="trunc"/>
<opset="trunc_ln203/1 "/>
</bind>
</comp>

<comp id="264" class="1004" name="trunc_ln203_1_fu_264">
<pin_list>
<pin id="265" dir="0" index="0" bw="61" slack="0"/>
<pin id="266" dir="0" index="1" bw="64" slack="0"/>
<pin id="267" dir="0" index="2" bw="3" slack="0"/>
<pin id="268" dir="0" index="3" bw="7" slack="0"/>
<pin id="269" dir="1" index="4" bw="61" slack="27"/>
</pin_list>
<bind>
<opcode="partselect(1002) " fcode="partselect"/>
<opset="trunc_ln203_1/1 "/>
</bind>
</comp>

<comp id="274" class="1004" name="sum_fu_274">
<pin_list>
<pin id="275" dir="0" index="0" bw="32" slack="1"/>
<pin id="276" dir="1" index="1" bw="32" slack="0"/>
</pin_list>
<bind>
<opcode="bitcast(44) " fcode="bitcast"/>
<opset="sum/2 "/>
</bind>
</comp>

<comp id="278" class="1004" name="task_gamma_fu_278">
<pin_list>
<pin id="279" dir="0" index="0" bw="32" slack="1"/>
<pin id="280" dir="1" index="1" bw="32" slack="0"/>
</pin_list>
<bind>
<opcode="bitcast(44) " fcode="bitcast"/>
<opset="task_gamma/2 "/>
</bind>
</comp>

<comp id="283" class="1004" name="store_ln204_store_fu_283">
<pin_list>
<pin id="284" dir="0" index="0" bw="32" slack="0"/>
<pin id="285" dir="0" index="1" bw="32" slack="26"/>
<pin id="286" dir="1" index="2" bw="0" slack="2147483647"/>
</pin_list>
<bind>
<opcode="store(28) " fcode="store"/>
<opset="store_ln204/27 "/>
</bind>
</comp>

<comp id="288" class="1004" name="store_ln205_store_fu_288">
<pin_list>
<pin id="289" dir="0" index="0" bw="32" slack="0"/>
<pin id="290" dir="0" index="1" bw="32" slack="26"/>
<pin id="291" dir="1" index="2" bw="0" slack="2147483647"/>
</pin_list>
<bind>
<opcode="store(28) " fcode="store"/>
<opset="store_ln205/27 "/>
</bind>
</comp>

<comp id="293" class="1004" name="bitcast_ln203_fu_293">
<pin_list>
<pin id="294" dir="0" index="0" bw="32" slack="1"/>
<pin id="295" dir="1" index="1" bw="32" slack="0"/>
</pin_list>
<bind>
<opcode="bitcast(44) " fcode="bitcast"/>
<opset="bitcast_ln203/28 "/>
</bind>
</comp>

<comp id="297" class="1004" name="zext_ln203_1_fu_297">
<pin_list>
<pin id="298" dir="0" index="0" bw="32" slack="0"/>
<pin id="299" dir="1" index="1" bw="64" slack="0"/>
</pin_list>
<bind>
<opcode="zext(34) " fcode="zext"/>
<opset="zext_ln203_1/28 "/>
</bind>
</comp>

<comp id="301" class="1004" name="zext_ln203_2_fu_301">
<pin_list>
<pin id="302" dir="0" index="0" bw="3" slack="27"/>
<pin id="303" dir="1" index="1" bw="8" slack="0"/>
</pin_list>
<bind>
<opcode="zext(34) " fcode="zext"/>
<opset="zext_ln203_2/28 "/>
</bind>
</comp>

<comp id="304" class="1004" name="shl_ln203_fu_304">
<pin_list>
<pin id="305" dir="0" index="0" bw="5" slack="0"/>
<pin id="306" dir="0" index="1" bw="3" slack="0"/>
<pin id="307" dir="1" index="2" bw="8" slack="1"/>
</pin_list>
<bind>
<opcode="shl(20) " fcode="shl"/>
<opset="shl_ln203/28 "/>
</bind>
</comp>

<comp id="310" class="1004" name="shl_ln203_1_fu_310">
<pin_list>
<pin id="311" dir="0" index="0" bw="6" slack="0"/>
<pin id="312" dir="0" index="1" bw="3" slack="27"/>
<pin id="313" dir="0" index="2" bw="1" slack="0"/>
<pin id="314" dir="1" index="3" bw="6" slack="0"/>
</pin_list>
<bind>
<opcode="bitconcatenate(1004) " fcode="bitconcatenate"/>
<opset="shl_ln203_1/28 "/>
</bind>
</comp>

<comp id="317" class="1004" name="zext_ln203_3_fu_317">
<pin_list>
<pin id="318" dir="0" index="0" bw="6" slack="0"/>
<pin id="319" dir="1" index="1" bw="64" slack="0"/>
</pin_list>
<bind>
<opcode="zext(34) " fcode="zext"/>
<opset="zext_ln203_3/28 "/>
</bind>
</comp>

<comp id="321" class="1004" name="shl_ln203_2_fu_321">
<pin_list>
<pin id="322" dir="0" index="0" bw="32" slack="0"/>
<pin id="323" dir="0" index="1" bw="6" slack="0"/>
<pin id="324" dir="1" index="2" bw="64" slack="1"/>
</pin_list>
<bind>
<opcode="shl(20) " fcode="shl"/>
<opset="shl_ln203_2/28 "/>
</bind>
</comp>

<comp id="327" class="1004" name="sext_ln203_fu_327">
<pin_list>
<pin id="328" dir="0" index="0" bw="61" slack="27"/>
<pin id="329" dir="1" index="1" bw="64" slack="0"/>
</pin_list>
<bind>
<opcode="sext(35) " fcode="sext"/>
<opset="sext_ln203/28 "/>
</bind>
</comp>

<comp id="330" class="1004" name="gmem_CHN_5_addr_fu_330">
<pin_list>
<pin id="331" dir="0" index="0" bw="64" slack="0"/>
<pin id="332" dir="0" index="1" bw="61" slack="0"/>
<pin id="333" dir="1" index="2" bw="64" slack="0"/>
</pin_list>
<bind>
<opcode="getelementptr(29) " fcode="getelementptr"/>
<opset="gmem_CHN_5_addr/28 "/>
</bind>
</comp>

<comp id="337" class="1004" name="val_load_load_fu_337">
<pin_list>
<pin id="338" dir="0" index="0" bw="32" slack="27"/>
<pin id="339" dir="1" index="1" bw="32" slack="0"/>
</pin_list>
<bind>
<opcode="load(27) " fcode="load"/>
<opset="val_load/28 "/>
</bind>
</comp>

<comp id="341" class="1004" name="bitcast_ln206_fu_341">
<pin_list>
<pin id="342" dir="0" index="0" bw="32" slack="0"/>
<pin id="343" dir="1" index="1" bw="32" slack="0"/>
</pin_list>
<bind>
<opcode="bitcast(44) " fcode="bitcast"/>
<opset="bitcast_ln206/28 "/>
</bind>
</comp>

<comp id="345" class="1004" name="tmp_fu_345">
<pin_list>
<pin id="346" dir="0" index="0" bw="8" slack="0"/>
<pin id="347" dir="0" index="1" bw="32" slack="0"/>
<pin id="348" dir="0" index="2" bw="6" slack="0"/>
<pin id="349" dir="0" index="3" bw="6" slack="0"/>
<pin id="350" dir="1" index="4" bw="8" slack="0"/>
</pin_list>
<bind>
<opcode="partselect(1002) " fcode="partselect"/>
<opset="tmp/28 "/>
</bind>
</comp>

<comp id="355" class="1004" name="trunc_ln206_fu_355">
<pin_list>
<pin id="356" dir="0" index="0" bw="32" slack="0"/>
<pin id="357" dir="1" index="1" bw="23" slack="0"/>
</pin_list>
<bind>
<opcode="trunc(33) " fcode="trunc"/>
<opset="trunc_ln206/28 "/>
</bind>
</comp>

<comp id="359" class="1004" name="tmp_1_fu_359">
<pin_list>
<pin id="360" dir="0" index="0" bw="8" slack="0"/>
<pin id="361" dir="0" index="1" bw="32" slack="0"/>
<pin id="362" dir="0" index="2" bw="6" slack="0"/>
<pin id="363" dir="0" index="3" bw="6" slack="0"/>
<pin id="364" dir="1" index="4" bw="8" slack="0"/>
</pin_list>
<bind>
<opcode="partselect(1002) " fcode="partselect"/>
<opset="tmp_1/28 "/>
</bind>
</comp>

<comp id="369" class="1004" name="trunc_ln206_1_fu_369">
<pin_list>
<pin id="370" dir="0" index="0" bw="32" slack="0"/>
<pin id="371" dir="1" index="1" bw="23" slack="0"/>
</pin_list>
<bind>
<opcode="trunc(33) " fcode="trunc"/>
<opset="trunc_ln206_1/28 "/>
</bind>
</comp>

<comp id="373" class="1004" name="icmp_ln206_fu_373">
<pin_list>
<pin id="374" dir="0" index="0" bw="8" slack="0"/>
<pin id="375" dir="0" index="1" bw="1" slack="0"/>
<pin id="376" dir="1" index="2" bw="1" slack="1"/>
</pin_list>
<bind>
<opcode="icmp(45) " fcode="icmp"/>
<opset="icmp_ln206/28 "/>
</bind>
</comp>

<comp id="379" class="1004" name="icmp_ln206_1_fu_379">
<pin_list>
<pin id="380" dir="0" index="0" bw="23" slack="0"/>
<pin id="381" dir="0" index="1" bw="1" slack="0"/>
<pin id="382" dir="1" index="2" bw="1" slack="1"/>
</pin_list>
<bind>
<opcode="icmp(45) " fcode="icmp"/>
<opset="icmp_ln206_1/28 "/>
</bind>
</comp>

<comp id="385" class="1004" name="icmp_ln206_2_fu_385">
<pin_list>
<pin id="386" dir="0" index="0" bw="8" slack="0"/>
<pin id="387" dir="0" index="1" bw="1" slack="0"/>
<pin id="388" dir="1" index="2" bw="1" slack="1"/>
</pin_list>
<bind>
<opcode="icmp(45) " fcode="icmp"/>
<opset="icmp_ln206_2/28 "/>
</bind>
</comp>

<comp id="391" class="1004" name="icmp_ln206_3_fu_391">
<pin_list>
<pin id="392" dir="0" index="0" bw="23" slack="0"/>
<pin id="393" dir="0" index="1" bw="1" slack="0"/>
<pin id="394" dir="1" index="2" bw="1" slack="1"/>
</pin_list>
<bind>
<opcode="icmp(45) " fcode="icmp"/>
<opset="icmp_ln206_3/28 "/>
</bind>
</comp>

<comp id="397" class="1004" name="or_ln206_fu_397">
<pin_list>
<pin id="398" dir="0" index="0" bw="1" slack="1"/>
<pin id="399" dir="0" index="1" bw="1" slack="1"/>
<pin id="400" dir="1" index="2" bw="1" slack="0"/>
</pin_list>
<bind>
<opcode="or(24) " fcode="or"/>
<opset="or_ln206/29 "/>
</bind>
</comp>

<comp id="401" class="1004" name="or_ln206_1_fu_401">
<pin_list>
<pin id="402" dir="0" index="0" bw="1" slack="1"/>
<pin id="403" dir="0" index="1" bw="1" slack="1"/>
<pin id="404" dir="1" index="2" bw="1" slack="0"/>
</pin_list>
<bind>
<opcode="or(24) " fcode="or"/>
<opset="or_ln206_1/29 "/>
</bind>
</comp>

<comp id="405" class="1004" name="and_ln206_fu_405">
<pin_list>
<pin id="406" dir="0" index="0" bw="1" slack="0"/>
<pin id="407" dir="0" index="1" bw="1" slack="0"/>
<pin id="408" dir="1" index="2" bw="1" slack="0"/>
</pin_list>
<bind>
<opcode="and(23) " fcode="and"/>
<opset="and_ln206/29 "/>
</bind>
</comp>

<comp id="411" class="1004" name="and_ln206_1_fu_411">
<pin_list>
<pin id="412" dir="0" index="0" bw="1" slack="0"/>
<pin id="413" dir="0" index="1" bw="1" slack="0"/>
<pin id="414" dir="1" index="2" bw="1" slack="68"/>
</pin_list>
<bind>
<opcode="and(23) " fcode="and"/>
<opset="and_ln206_1/29 "/>
</bind>
</comp>

<comp id="417" class="1005" name="val_reg_417">
<pin_list>
<pin id="418" dir="0" index="0" bw="32" slack="26"/>
<pin id="419" dir="1" index="1" bw="32" slack="26"/>
</pin_list>
<bind>
<opset="val "/>
</bind>
</comp>

<comp id="424" class="1005" name="sums_stream_read_reg_424">
<pin_list>
<pin id="425" dir="0" index="0" bw="32" slack="1"/>
<pin id="426" dir="1" index="1" bw="32" slack="1"/>
</pin_list>
<bind>
<opset="sums_stream_read "/>
</bind>
</comp>

<comp id="429" class="1005" name="task_cont_reg_429">
<pin_list>
<pin id="430" dir="0" index="0" bw="64" slack="96"/>
<pin id="431" dir="1" index="1" bw="64" slack="96"/>
</pin_list>
<bind>
<opset="task_cont "/>
</bind>
</comp>

<comp id="434" class="1005" name="task_vertex_count_reg_434">
<pin_list>
<pin id="435" dir="0" index="0" bw="32" slack="4"/>
<pin id="436" dir="1" index="1" bw="32" slack="4"/>
</pin_list>
<bind>
<opset="task_vertex_count "/>
</bind>
</comp>

<comp id="439" class="1005" name="trunc_ln191_4_reg_439">
<pin_list>
<pin id="440" dir="0" index="0" bw="32" slack="1"/>
<pin id="441" dir="1" index="1" bw="32" slack="1"/>
</pin_list>
<bind>
<opset="trunc_ln191_4 "/>
</bind>
</comp>

<comp id="444" class="1005" name="trunc_ln203_reg_444">
<pin_list>
<pin id="445" dir="0" index="0" bw="3" slack="27"/>
<pin id="446" dir="1" index="1" bw="3" slack="27"/>
</pin_list>
<bind>
<opset="trunc_ln203 "/>
</bind>
</comp>

<comp id="450" class="1005" name="trunc_ln203_1_reg_450">
<pin_list>
<pin id="451" dir="0" index="0" bw="61" slack="27"/>
<pin id="452" dir="1" index="1" bw="61" slack="27"/>
</pin_list>
<bind>
<opset="trunc_ln203_1 "/>
</bind>
</comp>

<comp id="455" class="1005" name="sum_reg_455">
<pin_list>
<pin id="456" dir="0" index="0" bw="32" slack="1"/>
<pin id="457" dir="1" index="1" bw="32" slack="1"/>
</pin_list>
<bind>
<opset="sum "/>
</bind>
</comp>

<comp id="460" class="1005" name="task_gamma_reg_460">
<pin_list>
<pin id="461" dir="0" index="0" bw="32" slack="1"/>
<pin id="462" dir="1" index="1" bw="32" slack="1"/>
</pin_list>
<bind>
<opset="task_gamma "/>
</bind>
</comp>

<comp id="466" class="1005" name="mul_reg_466">
<pin_list>
<pin id="467" dir="0" index="0" bw="32" slack="16"/>
<pin id="468" dir="1" index="1" bw="32" slack="16"/>
</pin_list>
<bind>
<opset="mul "/>
</bind>
</comp>

<comp id="471" class="1005" name="conv_reg_471">
<pin_list>
<pin id="472" dir="0" index="0" bw="32" slack="1"/>
<pin id="473" dir="1" index="1" bw="32" slack="1"/>
</pin_list>
<bind>
<opset="conv "/>
</bind>
</comp>

<comp id="476" class="1005" name="div_reg_476">
<pin_list>
<pin id="477" dir="0" index="0" bw="32" slack="1"/>
<pin id="478" dir="1" index="1" bw="32" slack="1"/>
</pin_list>
<bind>
<opset="div "/>
</bind>
</comp>

<comp id="481" class="1005" name="shl_ln203_reg_481">
<pin_list>
<pin id="482" dir="0" index="0" bw="8" slack="1"/>
<pin id="483" dir="1" index="1" bw="8" slack="1"/>
</pin_list>
<bind>
<opset="shl_ln203 "/>
</bind>
</comp>

<comp id="486" class="1005" name="shl_ln203_2_reg_486">
<pin_list>
<pin id="487" dir="0" index="0" bw="64" slack="1"/>
<pin id="488" dir="1" index="1" bw="64" slack="1"/>
</pin_list>
<bind>
<opset="shl_ln203_2 "/>
</bind>
</comp>

<comp id="491" class="1005" name="gmem_CHN_5_addr_reg_491">
<pin_list>
<pin id="492" dir="0" index="0" bw="64" slack="1"/>
<pin id="493" dir="1" index="1" bw="64" slack="1"/>
</pin_list>
<bind>
<opset="gmem_CHN_5_addr "/>
</bind>
</comp>

<comp id="500" class="1005" name="icmp_ln206_reg_500">
<pin_list>
<pin id="501" dir="0" index="0" bw="1" slack="1"/>
<pin id="502" dir="1" index="1" bw="1" slack="1"/>
</pin_list>
<bind>
<opset="icmp_ln206 "/>
</bind>
</comp>

<comp id="505" class="1005" name="icmp_ln206_1_reg_505">
<pin_list>
<pin id="506" dir="0" index="0" bw="1" slack="1"/>
<pin id="507" dir="1" index="1" bw="1" slack="1"/>
</pin_list>
<bind>
<opset="icmp_ln206_1 "/>
</bind>
</comp>

<comp id="510" class="1005" name="icmp_ln206_2_reg_510">
<pin_list>
<pin id="511" dir="0" index="0" bw="1" slack="1"/>
<pin id="512" dir="1" index="1" bw="1" slack="1"/>
</pin_list>
<bind>
<opset="icmp_ln206_2 "/>
</bind>
</comp>

<comp id="515" class="1005" name="icmp_ln206_3_reg_515">
<pin_list>
<pin id="516" dir="0" index="0" bw="1" slack="1"/>
<pin id="517" dir="1" index="1" bw="1" slack="1"/>
</pin_list>
<bind>
<opset="icmp_ln206_3 "/>
</bind>
</comp>

<comp id="520" class="1005" name="and_ln206_1_reg_520">
<pin_list>
<pin id="521" dir="0" index="0" bw="1" slack="68"/>
<pin id="522" dir="1" index="1" bw="1" slack="2147483647"/>
</pin_list>
<bind>
<opset="and_ln206_1 "/>
</bind>
</comp>

</comp_list>

<net_list>
<net id="115"><net_src comp="12" pin="0"/><net_sink comp="112" pin=0"/></net>

<net id="120"><net_src comp="10" pin="0"/><net_sink comp="116" pin=0"/></net>

<net id="121"><net_src comp="2" pin="0"/><net_sink comp="116" pin=1"/></net>

<net id="126"><net_src comp="14" pin="0"/><net_sink comp="122" pin=0"/></net>

<net id="127"><net_src comp="8" pin="0"/><net_sink comp="122" pin=1"/></net>

<net id="132"><net_src comp="16" pin="0"/><net_sink comp="128" pin=0"/></net>

<net id="133"><net_src comp="6" pin="0"/><net_sink comp="128" pin=1"/></net>

<net id="139"><net_src comp="110" pin="0"/><net_sink comp="134" pin=0"/></net>

<net id="140"><net_src comp="4" pin="0"/><net_sink comp="134" pin=1"/></net>

<net id="146"><net_src comp="60" pin="0"/><net_sink comp="141" pin=0"/></net>

<net id="147"><net_src comp="12" pin="0"/><net_sink comp="141" pin=2"/></net>

<net id="154"><net_src comp="72" pin="0"/><net_sink comp="148" pin=0"/></net>

<net id="159"><net_src comp="74" pin="0"/><net_sink comp="155" pin=0"/></net>

<net id="164"><net_src comp="52" pin="0"/><net_sink comp="160" pin=0"/></net>

<net id="183"><net_src comp="160" pin="2"/><net_sink comp="180" pin=0"/></net>

<net id="184"><net_src comp="180" pin="1"/><net_sink comp="169" pin=0"/></net>

<net id="185"><net_src comp="180" pin="1"/><net_sink comp="176" pin=1"/></net>

<net id="192"><net_src comp="18" pin="0"/><net_sink comp="186" pin=0"/></net>

<net id="193"><net_src comp="128" pin="2"/><net_sink comp="186" pin=1"/></net>

<net id="194"><net_src comp="20" pin="0"/><net_sink comp="186" pin=2"/></net>

<net id="195"><net_src comp="22" pin="0"/><net_sink comp="186" pin=3"/></net>

<net id="202"><net_src comp="18" pin="0"/><net_sink comp="196" pin=0"/></net>

<net id="203"><net_src comp="128" pin="2"/><net_sink comp="196" pin=1"/></net>

<net id="204"><net_src comp="24" pin="0"/><net_sink comp="196" pin=2"/></net>

<net id="205"><net_src comp="26" pin="0"/><net_sink comp="196" pin=3"/></net>

<net id="212"><net_src comp="28" pin="0"/><net_sink comp="206" pin=0"/></net>

<net id="213"><net_src comp="128" pin="2"/><net_sink comp="206" pin=1"/></net>

<net id="214"><net_src comp="30" pin="0"/><net_sink comp="206" pin=2"/></net>

<net id="215"><net_src comp="32" pin="0"/><net_sink comp="206" pin=3"/></net>

<net id="222"><net_src comp="28" pin="0"/><net_sink comp="216" pin=0"/></net>

<net id="223"><net_src comp="128" pin="2"/><net_sink comp="216" pin=1"/></net>

<net id="224"><net_src comp="34" pin="0"/><net_sink comp="216" pin=2"/></net>

<net id="225"><net_src comp="36" pin="0"/><net_sink comp="216" pin=3"/></net>

<net id="232"><net_src comp="28" pin="0"/><net_sink comp="226" pin=0"/></net>

<net id="233"><net_src comp="128" pin="2"/><net_sink comp="226" pin=1"/></net>

<net id="234"><net_src comp="38" pin="0"/><net_sink comp="226" pin=2"/></net>

<net id="235"><net_src comp="40" pin="0"/><net_sink comp="226" pin=3"/></net>

<net id="241"><net_src comp="42" pin="0"/><net_sink comp="236" pin=0"/></net>

<net id="242"><net_src comp="226" pin="4"/><net_sink comp="236" pin=1"/></net>

<net id="243"><net_src comp="44" pin="0"/><net_sink comp="236" pin=2"/></net>

<net id="247"><net_src comp="236" pin="3"/><net_sink comp="244" pin=0"/></net>

<net id="252"><net_src comp="186" pin="4"/><net_sink comp="248" pin=0"/></net>

<net id="253"><net_src comp="244" pin="1"/><net_sink comp="248" pin=1"/></net>

<net id="258"><net_src comp="248" pin="2"/><net_sink comp="254" pin=0"/></net>

<net id="259"><net_src comp="116" pin="2"/><net_sink comp="254" pin=1"/></net>

<net id="263"><net_src comp="254" pin="2"/><net_sink comp="260" pin=0"/></net>

<net id="270"><net_src comp="46" pin="0"/><net_sink comp="264" pin=0"/></net>

<net id="271"><net_src comp="254" pin="2"/><net_sink comp="264" pin=1"/></net>

<net id="272"><net_src comp="48" pin="0"/><net_sink comp="264" pin=2"/></net>

<net id="273"><net_src comp="50" pin="0"/><net_sink comp="264" pin=3"/></net>

<net id="277"><net_src comp="274" pin="1"/><net_sink comp="165" pin=1"/></net>

<net id="281"><net_src comp="278" pin="1"/><net_sink comp="160" pin=1"/></net>

<net id="282"><net_src comp="278" pin="1"/><net_sink comp="165" pin=0"/></net>

<net id="287"><net_src comp="160" pin="2"/><net_sink comp="283" pin=0"/></net>

<net id="292"><net_src comp="160" pin="2"/><net_sink comp="288" pin=0"/></net>

<net id="296"><net_src comp="180" pin="1"/><net_sink comp="293" pin=0"/></net>

<net id="300"><net_src comp="293" pin="1"/><net_sink comp="297" pin=0"/></net>

<net id="308"><net_src comp="54" pin="0"/><net_sink comp="304" pin=0"/></net>

<net id="309"><net_src comp="301" pin="1"/><net_sink comp="304" pin=1"/></net>

<net id="315"><net_src comp="56" pin="0"/><net_sink comp="310" pin=0"/></net>

<net id="316"><net_src comp="58" pin="0"/><net_sink comp="310" pin=2"/></net>

<net id="320"><net_src comp="310" pin="3"/><net_sink comp="317" pin=0"/></net>

<net id="325"><net_src comp="297" pin="1"/><net_sink comp="321" pin=0"/></net>

<net id="326"><net_src comp="317" pin="1"/><net_sink comp="321" pin=1"/></net>

<net id="334"><net_src comp="0" pin="0"/><net_sink comp="330" pin=0"/></net>

<net id="335"><net_src comp="327" pin="1"/><net_sink comp="330" pin=1"/></net>

<net id="336"><net_src comp="330" pin="2"/><net_sink comp="141" pin=1"/></net>

<net id="340"><net_src comp="337" pin="1"/><net_sink comp="176" pin=0"/></net>

<net id="344"><net_src comp="337" pin="1"/><net_sink comp="341" pin=0"/></net>

<net id="351"><net_src comp="62" pin="0"/><net_sink comp="345" pin=0"/></net>

<net id="352"><net_src comp="341" pin="1"/><net_sink comp="345" pin=1"/></net>

<net id="353"><net_src comp="64" pin="0"/><net_sink comp="345" pin=2"/></net>

<net id="354"><net_src comp="66" pin="0"/><net_sink comp="345" pin=3"/></net>

<net id="358"><net_src comp="341" pin="1"/><net_sink comp="355" pin=0"/></net>

<net id="365"><net_src comp="62" pin="0"/><net_sink comp="359" pin=0"/></net>

<net id="366"><net_src comp="293" pin="1"/><net_sink comp="359" pin=1"/></net>

<net id="367"><net_src comp="64" pin="0"/><net_sink comp="359" pin=2"/></net>

<net id="368"><net_src comp="66" pin="0"/><net_sink comp="359" pin=3"/></net>

<net id="372"><net_src comp="293" pin="1"/><net_sink comp="369" pin=0"/></net>

<net id="377"><net_src comp="345" pin="4"/><net_sink comp="373" pin=0"/></net>

<net id="378"><net_src comp="68" pin="0"/><net_sink comp="373" pin=1"/></net>

<net id="383"><net_src comp="355" pin="1"/><net_sink comp="379" pin=0"/></net>

<net id="384"><net_src comp="70" pin="0"/><net_sink comp="379" pin=1"/></net>

<net id="389"><net_src comp="359" pin="4"/><net_sink comp="385" pin=0"/></net>

<net id="390"><net_src comp="68" pin="0"/><net_sink comp="385" pin=1"/></net>

<net id="395"><net_src comp="369" pin="1"/><net_sink comp="391" pin=0"/></net>

<net id="396"><net_src comp="70" pin="0"/><net_sink comp="391" pin=1"/></net>

<net id="409"><net_src comp="397" pin="2"/><net_sink comp="405" pin=0"/></net>

<net id="410"><net_src comp="401" pin="2"/><net_sink comp="405" pin=1"/></net>

<net id="415"><net_src comp="405" pin="2"/><net_sink comp="411" pin=0"/></net>

<net id="416"><net_src comp="176" pin="2"/><net_sink comp="411" pin=1"/></net>

<net id="420"><net_src comp="112" pin="1"/><net_sink comp="417" pin=0"/></net>

<net id="421"><net_src comp="417" pin="1"/><net_sink comp="283" pin=1"/></net>

<net id="422"><net_src comp="417" pin="1"/><net_sink comp="288" pin=1"/></net>

<net id="423"><net_src comp="417" pin="1"/><net_sink comp="337" pin=0"/></net>

<net id="427"><net_src comp="122" pin="2"/><net_sink comp="424" pin=0"/></net>

<net id="428"><net_src comp="424" pin="1"/><net_sink comp="274" pin=0"/></net>

<net id="432"><net_src comp="196" pin="4"/><net_sink comp="429" pin=0"/></net>

<net id="433"><net_src comp="429" pin="1"/><net_sink comp="134" pin=2"/></net>

<net id="437"><net_src comp="206" pin="4"/><net_sink comp="434" pin=0"/></net>

<net id="438"><net_src comp="434" pin="1"/><net_sink comp="173" pin=0"/></net>

<net id="442"><net_src comp="216" pin="4"/><net_sink comp="439" pin=0"/></net>

<net id="443"><net_src comp="439" pin="1"/><net_sink comp="278" pin=0"/></net>

<net id="447"><net_src comp="260" pin="1"/><net_sink comp="444" pin=0"/></net>

<net id="448"><net_src comp="444" pin="1"/><net_sink comp="301" pin=0"/></net>

<net id="449"><net_src comp="444" pin="1"/><net_sink comp="310" pin=1"/></net>

<net id="453"><net_src comp="264" pin="4"/><net_sink comp="450" pin=0"/></net>

<net id="454"><net_src comp="450" pin="1"/><net_sink comp="327" pin=0"/></net>

<net id="458"><net_src comp="274" pin="1"/><net_sink comp="455" pin=0"/></net>

<net id="459"><net_src comp="455" pin="1"/><net_sink comp="165" pin=1"/></net>

<net id="463"><net_src comp="278" pin="1"/><net_sink comp="460" pin=0"/></net>

<net id="464"><net_src comp="460" pin="1"/><net_sink comp="160" pin=1"/></net>

<net id="465"><net_src comp="460" pin="1"/><net_sink comp="165" pin=0"/></net>

<net id="469"><net_src comp="165" pin="2"/><net_sink comp="466" pin=0"/></net>

<net id="470"><net_src comp="466" pin="1"/><net_sink comp="160" pin=1"/></net>

<net id="474"><net_src comp="173" pin="1"/><net_sink comp="471" pin=0"/></net>

<net id="475"><net_src comp="471" pin="1"/><net_sink comp="169" pin=1"/></net>

<net id="479"><net_src comp="169" pin="2"/><net_sink comp="476" pin=0"/></net>

<net id="480"><net_src comp="476" pin="1"/><net_sink comp="160" pin=0"/></net>

<net id="484"><net_src comp="304" pin="2"/><net_sink comp="481" pin=0"/></net>

<net id="485"><net_src comp="481" pin="1"/><net_sink comp="148" pin=3"/></net>

<net id="489"><net_src comp="321" pin="2"/><net_sink comp="486" pin=0"/></net>

<net id="490"><net_src comp="486" pin="1"/><net_sink comp="148" pin=2"/></net>

<net id="494"><net_src comp="330" pin="2"/><net_sink comp="491" pin=0"/></net>

<net id="495"><net_src comp="491" pin="1"/><net_sink comp="148" pin=1"/></net>

<net id="496"><net_src comp="491" pin="1"/><net_sink comp="155" pin=1"/></net>

<net id="503"><net_src comp="373" pin="2"/><net_sink comp="500" pin=0"/></net>

<net id="504"><net_src comp="500" pin="1"/><net_sink comp="397" pin=1"/></net>

<net id="508"><net_src comp="379" pin="2"/><net_sink comp="505" pin=0"/></net>

<net id="509"><net_src comp="505" pin="1"/><net_sink comp="397" pin=0"/></net>

<net id="513"><net_src comp="385" pin="2"/><net_sink comp="510" pin=0"/></net>

<net id="514"><net_src comp="510" pin="1"/><net_sink comp="401" pin=1"/></net>

<net id="518"><net_src comp="391" pin="2"/><net_sink comp="515" pin=0"/></net>

<net id="519"><net_src comp="515" pin="1"/><net_sink comp="401" pin=0"/></net>

<net id="523"><net_src comp="411" pin="2"/><net_sink comp="520" pin=0"/></net>

</net_list>

</model> 
---------------- Datapath Model END ------------------

* FSMD analyzer results:
  - Output states:
	Port: gmem_CHN_5 | {28 29 30 31 32 33 34 35 36 37 38 39 40 41 42 43 44 45 46 47 48 49 50 51 52 53 54 55 56 57 58 59 60 61 62 63 64 65 66 67 68 69 70 71 72 73 74 75 76 77 78 79 80 81 82 83 84 85 86 87 88 89 90 91 92 93 94 95 96 97 }
	Port: argOut | {98 }
 - Input state : 
	Port: write_arg : mem | {1 }
	Port: write_arg : taskToWrite | {1 }
	Port: write_arg : sums_stream | {1 }
  - Chain level:
	State 1
		and_ln : 1
		zext_ln203 : 2
		add_ln203 : 3
		add_ln203_1 : 4
		trunc_ln203 : 5
		trunc_ln203_1 : 5
	State 2
		sub : 1
		mul : 1
	State 3
	State 4
	State 5
	State 6
	State 7
	State 8
	State 9
	State 10
	State 11
	State 12
	State 13
	State 14
	State 15
	State 16
	State 17
	State 18
	State 19
	State 20
	State 21
	State 22
	State 23
	State 24
	State 25
	State 26
	State 27
		store_ln204 : 1
		store_ln205 : 1
	State 28
		zext_ln203_1 : 1
		shl_ln203 : 1
		zext_ln203_3 : 1
		shl_ln203_2 : 2
		gmem_CHN_5_addr : 1
		empty : 2
		bitcast_ln206 : 1
		tmp : 2
		trunc_ln206 : 2
		tmp_1 : 1
		trunc_ln206_1 : 1
		icmp_ln206 : 3
		icmp_ln206_1 : 3
		icmp_ln206_2 : 2
		icmp_ln206_3 : 2
		tmp_2 : 1
	State 29
	State 30
	State 31
	State 32
	State 33
	State 34
	State 35
	State 36
	State 37
	State 38
	State 39
	State 40
	State 41
	State 42
	State 43
	State 44
	State 45
	State 46
	State 47
	State 48
	State 49
	State 50
	State 51
	State 52
	State 53
	State 54
	State 55
	State 56
	State 57
	State 58
	State 59
	State 60
	State 61
	State 62
	State 63
	State 64
	State 65
	State 66
	State 67
	State 68
	State 69
	State 70
	State 71
	State 72
	State 73
	State 74
	State 75
	State 76
	State 77
	State 78
	State 79
	State 80
	State 81
	State 82
	State 83
	State 84
	State 85
	State 86
	State 87
	State 88
	State 89
	State 90
	State 91
	State 92
	State 93
	State 94
	State 95
	State 96
	State 97
	State 98


============================================================
+ Verbose Summary: Datapath Resource usage 
============================================================

* Functional unit list:
|----------|------------------------------|---------|---------|---------|
| Operation|        Functional Unit       |   DSP   |    FF   |   LUT   |
|----------|------------------------------|---------|---------|---------|
|   fadd   |          grp_fu_160          |    2    |   318   |   198   |
|----------|------------------------------|---------|---------|---------|
|   fmul   |          grp_fu_165          |    3    |   143   |    78   |
|----------|------------------------------|---------|---------|---------|
|    add   |       add_ln203_fu_248       |    0    |    0    |    64   |
|          |      add_ln203_1_fu_254      |    0    |    0    |    64   |
|----------|------------------------------|---------|---------|---------|
|    shl   |       shl_ln203_fu_304       |    0    |    0    |    11   |
|          |      shl_ln203_2_fu_321      |    0    |    0    |    92   |
|----------|------------------------------|---------|---------|---------|
|          |       icmp_ln206_fu_373      |    0    |    0    |    15   |
|   icmp   |      icmp_ln206_1_fu_379     |    0    |    0    |    30   |
|          |      icmp_ln206_2_fu_385     |    0    |    0    |    15   |
|          |      icmp_ln206_3_fu_391     |    0    |    0    |    30   |
|----------|------------------------------|---------|---------|---------|
|    or    |        or_ln206_fu_397       |    0    |    0    |    2    |
|          |       or_ln206_1_fu_401      |    0    |    0    |    2    |
|----------|------------------------------|---------|---------|---------|
|    and   |       and_ln206_fu_405       |    0    |    0    |    2    |
|          |      and_ln206_1_fu_411      |    0    |    0    |    2    |
|----------|------------------------------|---------|---------|---------|
|          |       mem_1_read_fu_116      |    0    |    0    |    0    |
|   read   | sums_stream_read_read_fu_122 |    0    |    0    |    0    |
|          | taskToWrite_read_read_fu_128 |    0    |    0    |    0    |
|----------|------------------------------|---------|---------|---------|
|   write  |       grp_write_fu_134       |    0    |    0    |    0    |
|          |   write_ln203_write_fu_148   |    0    |    0    |    0    |
|----------|------------------------------|---------|---------|---------|
| writereq |     empty_writereq_fu_141    |    0    |    0    |    0    |
|----------|------------------------------|---------|---------|---------|
| writeresp|     grp_writeresp_fu_155     |    0    |    0    |    0    |
|----------|------------------------------|---------|---------|---------|
|   fdiv   |          grp_fu_169          |    0    |    0    |    0    |
|----------|------------------------------|---------|---------|---------|
|  uitofp  |          grp_fu_173          |    0    |    0    |    0    |
|----------|------------------------------|---------|---------|---------|
|   fcmp   |          grp_fu_176          |    0    |    0    |    0    |
|----------|------------------------------|---------|---------|---------|
|          |      task_pPrNext_fu_186     |    0    |    0    |    0    |
|          |       task_cont_fu_196       |    0    |    0    |    0    |
|          |   task_vertex_count_fu_206   |    0    |    0    |    0    |
|partselect|     trunc_ln191_4_fu_216     |    0    |    0    |    0    |
|          |         tmp_3_fu_226         |    0    |    0    |    0    |
|          |     trunc_ln203_1_fu_264     |    0    |    0    |    0    |
|          |          tmp_fu_345          |    0    |    0    |    0    |
|          |         tmp_1_fu_359         |    0    |    0    |    0    |
|----------|------------------------------|---------|---------|---------|
|bitconcatenate|         and_ln_fu_236        |    0    |    0    |    0    |
|          |      shl_ln203_1_fu_310      |    0    |    0    |    0    |
|----------|------------------------------|---------|---------|---------|
|          |       zext_ln203_fu_244      |    0    |    0    |    0    |
|   zext   |      zext_ln203_1_fu_297     |    0    |    0    |    0    |
|          |      zext_ln203_2_fu_301     |    0    |    0    |    0    |
|          |      zext_ln203_3_fu_317     |    0    |    0    |    0    |
|----------|------------------------------|---------|---------|---------|
|          |      trunc_ln203_fu_260      |    0    |    0    |    0    |
|   trunc  |      trunc_ln206_fu_355      |    0    |    0    |    0    |
|          |     trunc_ln206_1_fu_369     |    0    |    0    |    0    |
|----------|------------------------------|---------|---------|---------|
|   sext   |       sext_ln203_fu_327      |    0    |    0    |    0    |
|----------|------------------------------|---------|---------|---------|
|   Total  |                              |    5    |   461   |   605   |
|----------|------------------------------|---------|---------|---------|

Memories:
N/A

* Register list:
+-------------------------+--------+
|                         |   FF   |
+-------------------------+--------+
|   and_ln206_1_reg_520   |    1   |
|       conv_reg_471      |   32   |
|       div_reg_476       |   32   |
| gmem_CHN_5_addr_reg_491 |   64   |
|   icmp_ln206_1_reg_505  |    1   |
|   icmp_ln206_2_reg_510  |    1   |
|   icmp_ln206_3_reg_515  |    1   |
|    icmp_ln206_reg_500   |    1   |
|       mul_reg_466       |   32   |
|         reg_180         |   32   |
|   shl_ln203_2_reg_486   |   64   |
|    shl_ln203_reg_481    |    8   |
|       sum_reg_455       |   32   |
| sums_stream_read_reg_424|   32   |
|    task_cont_reg_429    |   64   |
|    task_gamma_reg_460   |   32   |
|task_vertex_count_reg_434|   32   |
|  trunc_ln191_4_reg_439  |   32   |
|  trunc_ln203_1_reg_450  |   61   |
|   trunc_ln203_reg_444   |    3   |
|       val_reg_417       |   32   |
+-------------------------+--------+
|          Total          |   589  |
+-------------------------+--------+

* Multiplexer (MUX) list: 
|------------|------|------|------|--------||---------||---------||---------|
|    Comp    |  Pin | Size |  BW  | S x BW ||  Delay  ||    FF   ||   LUT   |
|------------|------|------|------|--------||---------||---------||---------|
| grp_fu_160 |  p0  |   2  |  32  |   64   ||    0    ||    9    |
| grp_fu_160 |  p1  |   3  |  32  |   96   ||    0    ||    14   |
| grp_fu_165 |  p0  |   2  |  32  |   64   ||    0    ||    9    |
| grp_fu_165 |  p1  |   2  |  32  |   64   ||    0    ||    9    |
|------------|------|------|------|--------||---------||---------||---------|
|    Total   |      |      |      |   288  || 1.58086 ||    0    ||    41   |
|------------|------|------|------|--------||---------||---------||---------|



* Summary:
+-----------+--------+--------+--------+--------+
|           |   DSP  |  Delay |   FF   |   LUT  |
+-----------+--------+--------+--------+--------+
|  Function |    5   |    -   |   461  |   605  |
|   Memory  |    -   |    -   |    -   |    -   |
|Multiplexer|    -   |    1   |    0   |   41   |
|  Register |    -   |    -   |   589  |    -   |
+-----------+--------+--------+--------+--------+
|   Total   |    5   |    1   |  1050  |   646  |
+-----------+--------+--------+--------+--------+
