

================================================================
== Vitis HLS Report for 'readVertex_Pipeline_VITIS_LOOP_95_1'
================================================================
* Date:           Thu Apr  2 14:13:49 2026

* Version:        2025.1 (Build 6135595 on May 21 2025)
* Project:        vertex_map
* Solution:       hls (Vivado IP Flow Target)
* Product family: virtexuplusHBM
* Target device:  xcu55c-fsvh2892-2LV-e


================================================================
== Performance Estimates
================================================================
+ Timing: 
    * Summary: 
    +--------+---------+----------+------------+
    |  Clock |  Target | Estimated| Uncertainty|
    +--------+---------+----------+------------+
    |ap_clk  |  4.00 ns|  2.920 ns|     1.08 ns|
    +--------+---------+----------+------------+

+ Latency: 
    * Summary: 
    +---------+---------+----------+----------+-----+-----+------------------------------------------------+
    |  Latency (cycles) |  Latency (absolute) |  Interval |                    Pipeline                    |
    |   min   |   max   |    min   |    max   | min | max |                      Type                      |
    +---------+---------+----------+----------+-----+-----+------------------------------------------------+
    |        ?|        ?|         ?|         ?|    0|    0|  loop auto-rewind stp (delay=0 clock cycles(s))|
    +---------+---------+----------+----------+-----+-----+------------------------------------------------+

    + Detail: 
        * Instance: 
        N/A

        * Loop: 
        +-------------------+---------+---------+----------+-----------+-----------+------+----------+
        |                   |  Latency (cycles) | Iteration|  Initiation Interval  | Trip |          |
        |     Loop Name     |   min   |   max   |  Latency |  achieved |   target  | Count| Pipelined|
        +-------------------+---------+---------+----------+-----------+-----------+------+----------+
        |- VITIS_LOOP_95_1  |        ?|        ?|       163|          2|          1|     ?|       yes|
        +-------------------+---------+---------+----------+-----------+-----------+------+----------+



================================================================
== Utilization Estimates
================================================================
* Summary: 
+---------------------+---------+------+---------+---------+-----+
|         Name        | BRAM_18K|  DSP |    FF   |   LUT   | URAM|
+---------------------+---------+------+---------+---------+-----+
|DSP                  |        -|     -|        -|        -|    -|
|Expression           |        -|     -|        0|      848|    -|
|FIFO                 |        -|     -|        -|        -|    -|
|Instance             |        -|     -|        -|        -|    -|
|Memory               |        -|     -|        -|        -|    -|
|Multiplexer          |        -|     -|        0|      847|    -|
|Register             |        -|     -|      876|       96|    -|
+---------------------+---------+------+---------+---------+-----+
|Total                |        0|     0|      876|     1791|    0|
+---------------------+---------+------+---------+---------+-----+
|Available SLR        |     1344|  3008|   869120|   434560|  320|
+---------------------+---------+------+---------+---------+-----+
|Utilization SLR (%)  |        0|     0|       ~0|       ~0|    0|
+---------------------+---------+------+---------+---------+-----+
|Available            |     4032|  9024|  2607360|  1303680|  960|
+---------------------+---------+------+---------+---------+-----+
|Utilization (%)      |        0|     0|       ~0|       ~0|    0|
+---------------------+---------+------+---------+---------+-----+

+ Detail: 
    * Instance: 
    +-----------------------------------+-------------------------------+---------+----+---+----+-----+
    |              Instance             |             Module            | BRAM_18K| DSP| FF| LUT| URAM|
    +-----------------------------------+-------------------------------+---------+----+---+----+-----+
    |fdiv_32ns_32ns_32_12_no_dsp_1_U14  |fdiv_32ns_32ns_32_12_no_dsp_1  |        0|   0|  0|   0|    0|
    |uitofp_32ns_32_4_no_dsp_1_U15      |uitofp_32ns_32_4_no_dsp_1      |        0|   0|  0|   0|    0|
    +-----------------------------------+-------------------------------+---------+----+---+----+-----+
    |Total                              |                               |        0|   0|  0|   0|    0|
    +-----------------------------------+-------------------------------+---------+----+---+----+-----+

    * DSP: 
    N/A

    * Memory: 
    N/A

    * FIFO: 
    N/A

    * Expression: 
    +--------------------------------+----------+----+---+-----+------------+------------+
    |          Variable Name         | Operation| DSP| FF| LUT | Bitwidth P0| Bitwidth P1|
    +--------------------------------+----------+----+---+-----+------------+------------+
    |add_ln101_1_fu_265_p2           |         +|   0|  0|   64|          64|          64|
    |add_ln101_fu_249_p2             |         +|   0|  0|   64|          64|          64|
    |add_ln102_1_fu_302_p2           |         +|   0|  0|   64|          64|          64|
    |add_ln102_fu_297_p2             |         +|   0|  0|   64|          64|          64|
    |add_ln95_fu_170_p2              |         +|   0|  0|   39|          32|           1|
    |add_ln97_1_fu_194_p2            |         +|   0|  0|   64|          64|          64|
    |add_ln97_fu_188_p2              |         +|   0|  0|   64|          64|          64|
    |ap_block_pp0_stage0_01001_grp7  |       and|   0|  0|    2|           1|           1|
    |ap_block_pp0_stage0_11001_grp2  |       and|   0|  0|    2|           1|           1|
    |ap_block_pp0_stage0_11001_grp3  |       and|   0|  0|    2|           1|           1|
    |ap_block_pp0_stage0_11001_grp4  |       and|   0|  0|    2|           1|           1|
    |ap_block_pp0_stage1_11001_grp1  |       and|   0|  0|    2|           1|           1|
    |ap_block_pp0_stage1_11001_grp5  |       and|   0|  0|    2|           1|           1|
    |ap_block_pp0_stage1_11001_grp6  |       and|   0|  0|    2|           1|           1|
    |ap_block_state2_io_grp1         |       and|   0|  0|    2|           1|           1|
    |icmp_ln95_fu_164_p2             |      icmp|   0|  0|   39|          32|          32|
    |lshr_ln102_fu_356_p2            |      lshr|   0|  0|  182|          64|          64|
    |lshr_ln97_fu_240_p2             |      lshr|   0|  0|  182|          64|          64|
    |ap_block_pp0_stage0_11001       |        or|   0|  0|    2|           1|           1|
    |ap_block_pp0_stage1_11001       |        or|   0|  0|    2|           1|           1|
    |ap_enable_pp0                   |       xor|   0|  0|    2|           1|           2|
    +--------------------------------+----------+----+---+-----+------------+------------+
    |Total                           |          |   0|  0|  848|         587|         557|
    +--------------------------------+----------+----+---+-----+------------+------------+

    * Multiplexer: 
    +-----------------------------------+----+-----------+-----+-----------+
    |                Name               | LUT| Input Size| Bits| Total Bits|
    +-----------------------------------+----+-----------+-----+-----------+
    |adder_in_feed_1_blk_n              |   9|          2|    1|          2|
    |ap_NS_fsm                          |  14|          3|    1|          3|
    |ap_done_int                        |   9|          2|    1|          2|
    |ap_enable_reg_pp0_iter0            |   9|          2|    1|          2|
    |ap_enable_reg_pp0_iter1            |   9|          2|    1|          2|
    |ap_enable_reg_pp0_iter81           |   9|          2|    1|          2|
    |ap_loop_exit_ready_pp0_iter10_reg  |   9|          2|    1|          2|
    |ap_loop_exit_ready_pp0_iter11_reg  |   9|          2|    1|          2|
    |ap_loop_exit_ready_pp0_iter12_reg  |   9|          2|    1|          2|
    |ap_loop_exit_ready_pp0_iter13_reg  |   9|          2|    1|          2|
    |ap_loop_exit_ready_pp0_iter14_reg  |   9|          2|    1|          2|
    |ap_loop_exit_ready_pp0_iter15_reg  |   9|          2|    1|          2|
    |ap_loop_exit_ready_pp0_iter16_reg  |   9|          2|    1|          2|
    |ap_loop_exit_ready_pp0_iter17_reg  |   9|          2|    1|          2|
    |ap_loop_exit_ready_pp0_iter18_reg  |   9|          2|    1|          2|
    |ap_loop_exit_ready_pp0_iter19_reg  |   9|          2|    1|          2|
    |ap_loop_exit_ready_pp0_iter1_reg   |   9|          2|    1|          2|
    |ap_loop_exit_ready_pp0_iter20_reg  |   9|          2|    1|          2|
    |ap_loop_exit_ready_pp0_iter21_reg  |   9|          2|    1|          2|
    |ap_loop_exit_ready_pp0_iter22_reg  |   9|          2|    1|          2|
    |ap_loop_exit_ready_pp0_iter23_reg  |   9|          2|    1|          2|
    |ap_loop_exit_ready_pp0_iter24_reg  |   9|          2|    1|          2|
    |ap_loop_exit_ready_pp0_iter25_reg  |   9|          2|    1|          2|
    |ap_loop_exit_ready_pp0_iter26_reg  |   9|          2|    1|          2|
    |ap_loop_exit_ready_pp0_iter27_reg  |   9|          2|    1|          2|
    |ap_loop_exit_ready_pp0_iter28_reg  |   9|          2|    1|          2|
    |ap_loop_exit_ready_pp0_iter29_reg  |   9|          2|    1|          2|
    |ap_loop_exit_ready_pp0_iter2_reg   |   9|          2|    1|          2|
    |ap_loop_exit_ready_pp0_iter30_reg  |   9|          2|    1|          2|
    |ap_loop_exit_ready_pp0_iter31_reg  |   9|          2|    1|          2|
    |ap_loop_exit_ready_pp0_iter32_reg  |   9|          2|    1|          2|
    |ap_loop_exit_ready_pp0_iter33_reg  |   9|          2|    1|          2|
    |ap_loop_exit_ready_pp0_iter34_reg  |   9|          2|    1|          2|
    |ap_loop_exit_ready_pp0_iter35_reg  |   9|          2|    1|          2|
    |ap_loop_exit_ready_pp0_iter36_reg  |   9|          2|    1|          2|
    |ap_loop_exit_ready_pp0_iter37_reg  |   9|          2|    1|          2|
    |ap_loop_exit_ready_pp0_iter38_reg  |   9|          2|    1|          2|
    |ap_loop_exit_ready_pp0_iter39_reg  |   9|          2|    1|          2|
    |ap_loop_exit_ready_pp0_iter3_reg   |   9|          2|    1|          2|
    |ap_loop_exit_ready_pp0_iter40_reg  |   9|          2|    1|          2|
    |ap_loop_exit_ready_pp0_iter41_reg  |   9|          2|    1|          2|
    |ap_loop_exit_ready_pp0_iter42_reg  |   9|          2|    1|          2|
    |ap_loop_exit_ready_pp0_iter43_reg  |   9|          2|    1|          2|
    |ap_loop_exit_ready_pp0_iter44_reg  |   9|          2|    1|          2|
    |ap_loop_exit_ready_pp0_iter45_reg  |   9|          2|    1|          2|
    |ap_loop_exit_ready_pp0_iter46_reg  |   9|          2|    1|          2|
    |ap_loop_exit_ready_pp0_iter47_reg  |   9|          2|    1|          2|
    |ap_loop_exit_ready_pp0_iter48_reg  |   9|          2|    1|          2|
    |ap_loop_exit_ready_pp0_iter49_reg  |   9|          2|    1|          2|
    |ap_loop_exit_ready_pp0_iter4_reg   |   9|          2|    1|          2|
    |ap_loop_exit_ready_pp0_iter50_reg  |   9|          2|    1|          2|
    |ap_loop_exit_ready_pp0_iter51_reg  |   9|          2|    1|          2|
    |ap_loop_exit_ready_pp0_iter52_reg  |   9|          2|    1|          2|
    |ap_loop_exit_ready_pp0_iter53_reg  |   9|          2|    1|          2|
    |ap_loop_exit_ready_pp0_iter54_reg  |   9|          2|    1|          2|
    |ap_loop_exit_ready_pp0_iter55_reg  |   9|          2|    1|          2|
    |ap_loop_exit_ready_pp0_iter56_reg  |   9|          2|    1|          2|
    |ap_loop_exit_ready_pp0_iter57_reg  |   9|          2|    1|          2|
    |ap_loop_exit_ready_pp0_iter58_reg  |   9|          2|    1|          2|
    |ap_loop_exit_ready_pp0_iter59_reg  |   9|          2|    1|          2|
    |ap_loop_exit_ready_pp0_iter5_reg   |   9|          2|    1|          2|
    |ap_loop_exit_ready_pp0_iter60_reg  |   9|          2|    1|          2|
    |ap_loop_exit_ready_pp0_iter61_reg  |   9|          2|    1|          2|
    |ap_loop_exit_ready_pp0_iter62_reg  |   9|          2|    1|          2|
    |ap_loop_exit_ready_pp0_iter63_reg  |   9|          2|    1|          2|
    |ap_loop_exit_ready_pp0_iter64_reg  |   9|          2|    1|          2|
    |ap_loop_exit_ready_pp0_iter65_reg  |   9|          2|    1|          2|
    |ap_loop_exit_ready_pp0_iter66_reg  |   9|          2|    1|          2|
    |ap_loop_exit_ready_pp0_iter67_reg  |   9|          2|    1|          2|
    |ap_loop_exit_ready_pp0_iter68_reg  |   9|          2|    1|          2|
    |ap_loop_exit_ready_pp0_iter69_reg  |   9|          2|    1|          2|
    |ap_loop_exit_ready_pp0_iter6_reg   |   9|          2|    1|          2|
    |ap_loop_exit_ready_pp0_iter70_reg  |   9|          2|    1|          2|
    |ap_loop_exit_ready_pp0_iter71_reg  |   9|          2|    1|          2|
    |ap_loop_exit_ready_pp0_iter72_reg  |   9|          2|    1|          2|
    |ap_loop_exit_ready_pp0_iter73_reg  |   9|          2|    1|          2|
    |ap_loop_exit_ready_pp0_iter74_reg  |   9|          2|    1|          2|
    |ap_loop_exit_ready_pp0_iter75_reg  |   9|          2|    1|          2|
    |ap_loop_exit_ready_pp0_iter76_reg  |   9|          2|    1|          2|
    |ap_loop_exit_ready_pp0_iter77_reg  |   9|          2|    1|          2|
    |ap_loop_exit_ready_pp0_iter78_reg  |   9|          2|    1|          2|
    |ap_loop_exit_ready_pp0_iter79_reg  |   9|          2|    1|          2|
    |ap_loop_exit_ready_pp0_iter7_reg   |   9|          2|    1|          2|
    |ap_loop_exit_ready_pp0_iter80_reg  |   9|          2|    1|          2|
    |ap_loop_exit_ready_pp0_iter8_reg   |   9|          2|    1|          2|
    |ap_loop_exit_ready_pp0_iter9_reg   |   9|          2|    1|          2|
    |ap_sig_allocacmp_i_1               |   9|          2|   32|         64|
    |gmem_CHN_1_blk_n_AR                |   9|          2|    1|          2|
    |gmem_CHN_1_blk_n_R                 |   9|          2|    1|          2|
    |gmem_CHN_2_blk_n_AR                |   9|          2|    1|          2|
    |gmem_CHN_2_blk_n_R                 |   9|          2|    1|          2|
    |i_fu_78                            |   9|          2|   32|         64|
    |m_axi_gmem_CHN_1_0_ARADDR          |  14|          3|   64|        192|
    +-----------------------------------+----+-----------+-----+-----------+
    |Total                              | 847|        188|  218|        501|
    +-----------------------------------+----+-----------+-----+-----------+

    * Register: 
    +-------------------------------------------+----+----+-----+-----------+
    |                    Name                   | FF | LUT| Bits| Const Bits|
    +-------------------------------------------+----+----+-----+-----------+
    |ap_CS_fsm                                  |   2|   0|    2|          0|
    |ap_block_pp0_stage0_subdone_grp0_done_reg  |   1|   0|    1|          0|
    |ap_block_pp0_stage0_subdone_grp2_done_reg  |   1|   0|    1|          0|
    |ap_block_pp0_stage0_subdone_grp3_done_reg  |   1|   0|    1|          0|
    |ap_block_pp0_stage0_subdone_grp4_done_reg  |   1|   0|    1|          0|
    |ap_block_pp0_stage0_subdone_grp7_done_reg  |   1|   0|    1|          0|
    |ap_block_pp0_stage1_subdone_grp0_done_reg  |   1|   0|    1|          0|
    |ap_block_pp0_stage1_subdone_grp1_done_reg  |   1|   0|    1|          0|
    |ap_block_pp0_stage1_subdone_grp5_done_reg  |   1|   0|    1|          0|
    |ap_block_pp0_stage1_subdone_grp6_done_reg  |   1|   0|    1|          0|
    |ap_done_reg                                |   1|   0|    1|          0|
    |ap_enable_reg_pp0_iter0_reg                |   1|   0|    1|          0|
    |ap_enable_reg_pp0_iter1                    |   1|   0|    1|          0|
    |ap_enable_reg_pp0_iter10                   |   1|   0|    1|          0|
    |ap_enable_reg_pp0_iter11                   |   1|   0|    1|          0|
    |ap_enable_reg_pp0_iter12                   |   1|   0|    1|          0|
    |ap_enable_reg_pp0_iter13                   |   1|   0|    1|          0|
    |ap_enable_reg_pp0_iter14                   |   1|   0|    1|          0|
    |ap_enable_reg_pp0_iter15                   |   1|   0|    1|          0|
    |ap_enable_reg_pp0_iter16                   |   1|   0|    1|          0|
    |ap_enable_reg_pp0_iter17                   |   1|   0|    1|          0|
    |ap_enable_reg_pp0_iter18                   |   1|   0|    1|          0|
    |ap_enable_reg_pp0_iter19                   |   1|   0|    1|          0|
    |ap_enable_reg_pp0_iter2                    |   1|   0|    1|          0|
    |ap_enable_reg_pp0_iter20                   |   1|   0|    1|          0|
    |ap_enable_reg_pp0_iter21                   |   1|   0|    1|          0|
    |ap_enable_reg_pp0_iter22                   |   1|   0|    1|          0|
    |ap_enable_reg_pp0_iter23                   |   1|   0|    1|          0|
    |ap_enable_reg_pp0_iter24                   |   1|   0|    1|          0|
    |ap_enable_reg_pp0_iter25                   |   1|   0|    1|          0|
    |ap_enable_reg_pp0_iter26                   |   1|   0|    1|          0|
    |ap_enable_reg_pp0_iter27                   |   1|   0|    1|          0|
    |ap_enable_reg_pp0_iter28                   |   1|   0|    1|          0|
    |ap_enable_reg_pp0_iter29                   |   1|   0|    1|          0|
    |ap_enable_reg_pp0_iter3                    |   1|   0|    1|          0|
    |ap_enable_reg_pp0_iter30                   |   1|   0|    1|          0|
    |ap_enable_reg_pp0_iter31                   |   1|   0|    1|          0|
    |ap_enable_reg_pp0_iter32                   |   1|   0|    1|          0|
    |ap_enable_reg_pp0_iter33                   |   1|   0|    1|          0|
    |ap_enable_reg_pp0_iter34                   |   1|   0|    1|          0|
    |ap_enable_reg_pp0_iter35                   |   1|   0|    1|          0|
    |ap_enable_reg_pp0_iter36                   |   1|   0|    1|          0|
    |ap_enable_reg_pp0_iter37                   |   1|   0|    1|          0|
    |ap_enable_reg_pp0_iter38                   |   1|   0|    1|          0|
    |ap_enable_reg_pp0_iter39                   |   1|   0|    1|          0|
    |ap_enable_reg_pp0_iter4                    |   1|   0|    1|          0|
    |ap_enable_reg_pp0_iter40                   |   1|   0|    1|          0|
    |ap_enable_reg_pp0_iter41                   |   1|   0|    1|          0|
    |ap_enable_reg_pp0_iter42                   |   1|   0|    1|          0|
    |ap_enable_reg_pp0_iter43                   |   1|   0|    1|          0|
    |ap_enable_reg_pp0_iter44                   |   1|   0|    1|          0|
    |ap_enable_reg_pp0_iter45                   |   1|   0|    1|          0|
    |ap_enable_reg_pp0_iter46                   |   1|   0|    1|          0|
    |ap_enable_reg_pp0_iter47                   |   1|   0|    1|          0|
    |ap_enable_reg_pp0_iter48                   |   1|   0|    1|          0|
    |ap_enable_reg_pp0_iter49                   |   1|   0|    1|          0|
    |ap_enable_reg_pp0_iter5                    |   1|   0|    1|          0|
    |ap_enable_reg_pp0_iter50                   |   1|   0|    1|          0|
    |ap_enable_reg_pp0_iter51                   |   1|   0|    1|          0|
    |ap_enable_reg_pp0_iter52                   |   1|   0|    1|          0|
    |ap_enable_reg_pp0_iter53                   |   1|   0|    1|          0|
    |ap_enable_reg_pp0_iter54                   |   1|   0|    1|          0|
    |ap_enable_reg_pp0_iter55                   |   1|   0|    1|          0|
    |ap_enable_reg_pp0_iter56                   |   1|   0|    1|          0|
    |ap_enable_reg_pp0_iter57                   |   1|   0|    1|          0|
    |ap_enable_reg_pp0_iter58                   |   1|   0|    1|          0|
    |ap_enable_reg_pp0_iter59                   |   1|   0|    1|          0|
    |ap_enable_reg_pp0_iter6                    |   1|   0|    1|          0|
    |ap_enable_reg_pp0_iter60                   |   1|   0|    1|          0|
    |ap_enable_reg_pp0_iter61                   |   1|   0|    1|          0|
    |ap_enable_reg_pp0_iter62                   |   1|   0|    1|          0|
    |ap_enable_reg_pp0_iter63                   |   1|   0|    1|          0|
    |ap_enable_reg_pp0_iter64                   |   1|   0|    1|          0|
    |ap_enable_reg_pp0_iter65                   |   1|   0|    1|          0|
    |ap_enable_reg_pp0_iter66                   |   1|   0|    1|          0|
    |ap_enable_reg_pp0_iter67                   |   1|   0|    1|          0|
    |ap_enable_reg_pp0_iter68                   |   1|   0|    1|          0|
    |ap_enable_reg_pp0_iter69                   |   1|   0|    1|          0|
    |ap_enable_reg_pp0_iter7                    |   1|   0|    1|          0|
    |ap_enable_reg_pp0_iter70                   |   1|   0|    1|          0|
    |ap_enable_reg_pp0_iter71                   |   1|   0|    1|          0|
    |ap_enable_reg_pp0_iter72                   |   1|   0|    1|          0|
    |ap_enable_reg_pp0_iter73                   |   1|   0|    1|          0|
    |ap_enable_reg_pp0_iter74                   |   1|   0|    1|          0|
    |ap_enable_reg_pp0_iter75                   |   1|   0|    1|          0|
    |ap_enable_reg_pp0_iter76                   |   1|   0|    1|          0|
    |ap_enable_reg_pp0_iter77                   |   1|   0|    1|          0|
    |ap_enable_reg_pp0_iter78                   |   1|   0|    1|          0|
    |ap_enable_reg_pp0_iter79                   |   1|   0|    1|          0|
    |ap_enable_reg_pp0_iter8                    |   1|   0|    1|          0|
    |ap_enable_reg_pp0_iter80                   |   1|   0|    1|          0|
    |ap_enable_reg_pp0_iter81                   |   1|   0|    1|          0|
    |ap_enable_reg_pp0_iter9                    |   1|   0|    1|          0|
    |ap_loop_exit_ready_pp0_iter10_reg          |   1|   0|    1|          0|
    |ap_loop_exit_ready_pp0_iter11_reg          |   1|   0|    1|          0|
    |ap_loop_exit_ready_pp0_iter12_reg          |   1|   0|    1|          0|
    |ap_loop_exit_ready_pp0_iter13_reg          |   1|   0|    1|          0|
    |ap_loop_exit_ready_pp0_iter14_reg          |   1|   0|    1|          0|
    |ap_loop_exit_ready_pp0_iter15_reg          |   1|   0|    1|          0|
    |ap_loop_exit_ready_pp0_iter16_reg          |   1|   0|    1|          0|
    |ap_loop_exit_ready_pp0_iter17_reg          |   1|   0|    1|          0|
    |ap_loop_exit_ready_pp0_iter18_reg          |   1|   0|    1|          0|
    |ap_loop_exit_ready_pp0_iter19_reg          |   1|   0|    1|          0|
    |ap_loop_exit_ready_pp0_iter1_reg           |   1|   0|    1|          0|
    |ap_loop_exit_ready_pp0_iter20_reg          |   1|   0|    1|          0|
    |ap_loop_exit_ready_pp0_iter21_reg          |   1|   0|    1|          0|
    |ap_loop_exit_ready_pp0_iter22_reg          |   1|   0|    1|          0|
    |ap_loop_exit_ready_pp0_iter23_reg          |   1|   0|    1|          0|
    |ap_loop_exit_ready_pp0_iter24_reg          |   1|   0|    1|          0|
    |ap_loop_exit_ready_pp0_iter25_reg          |   1|   0|    1|          0|
    |ap_loop_exit_ready_pp0_iter26_reg          |   1|   0|    1|          0|
    |ap_loop_exit_ready_pp0_iter27_reg          |   1|   0|    1|          0|
    |ap_loop_exit_ready_pp0_iter28_reg          |   1|   0|    1|          0|
    |ap_loop_exit_ready_pp0_iter29_reg          |   1|   0|    1|          0|
    |ap_loop_exit_ready_pp0_iter2_reg           |   1|   0|    1|          0|
    |ap_loop_exit_ready_pp0_iter30_reg          |   1|   0|    1|          0|
    |ap_loop_exit_ready_pp0_iter31_reg          |   1|   0|    1|          0|
    |ap_loop_exit_ready_pp0_iter32_reg          |   1|   0|    1|          0|
    |ap_loop_exit_ready_pp0_iter33_reg          |   1|   0|    1|          0|
    |ap_loop_exit_ready_pp0_iter34_reg          |   1|   0|    1|          0|
    |ap_loop_exit_ready_pp0_iter35_reg          |   1|   0|    1|          0|
    |ap_loop_exit_ready_pp0_iter36_reg          |   1|   0|    1|          0|
    |ap_loop_exit_ready_pp0_iter37_reg          |   1|   0|    1|          0|
    |ap_loop_exit_ready_pp0_iter38_reg          |   1|   0|    1|          0|
    |ap_loop_exit_ready_pp0_iter39_reg          |   1|   0|    1|          0|
    |ap_loop_exit_ready_pp0_iter3_reg           |   1|   0|    1|          0|
    |ap_loop_exit_ready_pp0_iter40_reg          |   1|   0|    1|          0|
    |ap_loop_exit_ready_pp0_iter41_reg          |   1|   0|    1|          0|
    |ap_loop_exit_ready_pp0_iter42_reg          |   1|   0|    1|          0|
    |ap_loop_exit_ready_pp0_iter43_reg          |   1|   0|    1|          0|
    |ap_loop_exit_ready_pp0_iter44_reg          |   1|   0|    1|          0|
    |ap_loop_exit_ready_pp0_iter45_reg          |   1|   0|    1|          0|
    |ap_loop_exit_ready_pp0_iter46_reg          |   1|   0|    1|          0|
    |ap_loop_exit_ready_pp0_iter47_reg          |   1|   0|    1|          0|
    |ap_loop_exit_ready_pp0_iter48_reg          |   1|   0|    1|          0|
    |ap_loop_exit_ready_pp0_iter49_reg          |   1|   0|    1|          0|
    |ap_loop_exit_ready_pp0_iter4_reg           |   1|   0|    1|          0|
    |ap_loop_exit_ready_pp0_iter50_reg          |   1|   0|    1|          0|
    |ap_loop_exit_ready_pp0_iter51_reg          |   1|   0|    1|          0|
    |ap_loop_exit_ready_pp0_iter52_reg          |   1|   0|    1|          0|
    |ap_loop_exit_ready_pp0_iter53_reg          |   1|   0|    1|          0|
    |ap_loop_exit_ready_pp0_iter54_reg          |   1|   0|    1|          0|
    |ap_loop_exit_ready_pp0_iter55_reg          |   1|   0|    1|          0|
    |ap_loop_exit_ready_pp0_iter56_reg          |   1|   0|    1|          0|
    |ap_loop_exit_ready_pp0_iter57_reg          |   1|   0|    1|          0|
    |ap_loop_exit_ready_pp0_iter58_reg          |   1|   0|    1|          0|
    |ap_loop_exit_ready_pp0_iter59_reg          |   1|   0|    1|          0|
    |ap_loop_exit_ready_pp0_iter5_reg           |   1|   0|    1|          0|
    |ap_loop_exit_ready_pp0_iter60_reg          |   1|   0|    1|          0|
    |ap_loop_exit_ready_pp0_iter61_reg          |   1|   0|    1|          0|
    |ap_loop_exit_ready_pp0_iter62_reg          |   1|   0|    1|          0|
    |ap_loop_exit_ready_pp0_iter63_reg          |   1|   0|    1|          0|
    |ap_loop_exit_ready_pp0_iter64_reg          |   1|   0|    1|          0|
    |ap_loop_exit_ready_pp0_iter65_reg          |   1|   0|    1|          0|
    |ap_loop_exit_ready_pp0_iter66_reg          |   1|   0|    1|          0|
    |ap_loop_exit_ready_pp0_iter67_reg          |   1|   0|    1|          0|
    |ap_loop_exit_ready_pp0_iter68_reg          |   1|   0|    1|          0|
    |ap_loop_exit_ready_pp0_iter69_reg          |   1|   0|    1|          0|
    |ap_loop_exit_ready_pp0_iter6_reg           |   1|   0|    1|          0|
    |ap_loop_exit_ready_pp0_iter70_reg          |   1|   0|    1|          0|
    |ap_loop_exit_ready_pp0_iter71_reg          |   1|   0|    1|          0|
    |ap_loop_exit_ready_pp0_iter72_reg          |   1|   0|    1|          0|
    |ap_loop_exit_ready_pp0_iter73_reg          |   1|   0|    1|          0|
    |ap_loop_exit_ready_pp0_iter74_reg          |   1|   0|    1|          0|
    |ap_loop_exit_ready_pp0_iter75_reg          |   1|   0|    1|          0|
    |ap_loop_exit_ready_pp0_iter76_reg          |   1|   0|    1|          0|
    |ap_loop_exit_ready_pp0_iter77_reg          |   1|   0|    1|          0|
    |ap_loop_exit_ready_pp0_iter78_reg          |   1|   0|    1|          0|
    |ap_loop_exit_ready_pp0_iter79_reg          |   1|   0|    1|          0|
    |ap_loop_exit_ready_pp0_iter7_reg           |   1|   0|    1|          0|
    |ap_loop_exit_ready_pp0_iter80_reg          |   1|   0|    1|          0|
    |ap_loop_exit_ready_pp0_iter8_reg           |   1|   0|    1|          0|
    |ap_loop_exit_ready_pp0_iter9_reg           |   1|   0|    1|          0|
    |contribution_reg_477                       |  32|   0|   32|          0|
    |conv_reg_467                               |  32|   0|   32|          0|
    |gmem_CHN_1_addr_read_reg_420               |  64|   0|   64|          0|
    |gmem_CHN_2_addr_read_reg_457               |  64|   0|   64|          0|
    |i_fu_78                                    |  32|   0|   32|          0|
    |icmp_ln95_reg_400                          |   1|   0|    1|          0|
    |trunc_ln102_1_reg_435                      |   3|   0|    3|          0|
    |trunc_ln102_2_reg_430                      |  61|   0|   61|          0|
    |trunc_ln102_3_reg_462                      |  32|   0|   32|          0|
    |trunc_ln102_3_reg_462_pp0_iter74_reg       |  32|   0|   32|          0|
    |trunc_ln97_1_reg_404                       |  61|   0|   61|          0|
    |trunc_ln97_reg_409                         |   3|   0|    3|          0|
    |trunc_ln_reg_425                           |  61|   0|   61|          0|
    |u_degree_reg_452                           |  32|   0|   32|          0|
    |icmp_ln95_reg_400                          |  64|  32|    1|          0|
    |trunc_ln102_1_reg_435                      |  64|  32|    3|          0|
    |trunc_ln97_reg_409                         |  64|  32|    3|          0|
    +-------------------------------------------+----+----+-----+-----------+
    |Total                                      | 876|  96|  691|          0|
    +-------------------------------------------+----+----+-----+-----------+



================================================================
== Interface
================================================================
* Summary: 
+--------------------------------+-----+-----+------------+-------------------------------------+--------------+
|            RTL Ports           | Dir | Bits|  Protocol  |            Source Object            |    C Type    |
+--------------------------------+-----+-----+------------+-------------------------------------+--------------+
|ap_clk                          |   in|    1|  ap_ctrl_hs|  readVertex_Pipeline_VITIS_LOOP_95_1|  return value|
|ap_rst                          |   in|    1|  ap_ctrl_hs|  readVertex_Pipeline_VITIS_LOOP_95_1|  return value|
|ap_start                        |   in|    1|  ap_ctrl_hs|  readVertex_Pipeline_VITIS_LOOP_95_1|  return value|
|ap_done                         |  out|    1|  ap_ctrl_hs|  readVertex_Pipeline_VITIS_LOOP_95_1|  return value|
|ap_idle                         |  out|    1|  ap_ctrl_hs|  readVertex_Pipeline_VITIS_LOOP_95_1|  return value|
|ap_ready                        |  out|    1|  ap_ctrl_hs|  readVertex_Pipeline_VITIS_LOOP_95_1|  return value|
|m_axi_gmem_CHN_1_0_AWVALID      |  out|    1|       m_axi|                                 gmem|       pointer|
|m_axi_gmem_CHN_1_0_AWREADY      |   in|    1|       m_axi|                                 gmem|       pointer|
|m_axi_gmem_CHN_1_0_AWADDR       |  out|   64|       m_axi|                                 gmem|       pointer|
|m_axi_gmem_CHN_1_0_AWID         |  out|    1|       m_axi|                                 gmem|       pointer|
|m_axi_gmem_CHN_1_0_AWLEN        |  out|   32|       m_axi|                                 gmem|       pointer|
|m_axi_gmem_CHN_1_0_AWSIZE       |  out|    3|       m_axi|                                 gmem|       pointer|
|m_axi_gmem_CHN_1_0_AWBURST      |  out|    2|       m_axi|                                 gmem|       pointer|
|m_axi_gmem_CHN_1_0_AWLOCK       |  out|    2|       m_axi|                                 gmem|       pointer|
|m_axi_gmem_CHN_1_0_AWCACHE      |  out|    4|       m_axi|                                 gmem|       pointer|
|m_axi_gmem_CHN_1_0_AWPROT       |  out|    3|       m_axi|                                 gmem|       pointer|
|m_axi_gmem_CHN_1_0_AWQOS        |  out|    4|       m_axi|                                 gmem|       pointer|
|m_axi_gmem_CHN_1_0_AWREGION     |  out|    4|       m_axi|                                 gmem|       pointer|
|m_axi_gmem_CHN_1_0_AWUSER       |  out|    1|       m_axi|                                 gmem|       pointer|
|m_axi_gmem_CHN_1_0_WVALID       |  out|    1|       m_axi|                                 gmem|       pointer|
|m_axi_gmem_CHN_1_0_WREADY       |   in|    1|       m_axi|                                 gmem|       pointer|
|m_axi_gmem_CHN_1_0_WDATA        |  out|   64|       m_axi|                                 gmem|       pointer|
|m_axi_gmem_CHN_1_0_WSTRB        |  out|    8|       m_axi|                                 gmem|       pointer|
|m_axi_gmem_CHN_1_0_WLAST        |  out|    1|       m_axi|                                 gmem|       pointer|
|m_axi_gmem_CHN_1_0_WID          |  out|    1|       m_axi|                                 gmem|       pointer|
|m_axi_gmem_CHN_1_0_WUSER        |  out|    1|       m_axi|                                 gmem|       pointer|
|m_axi_gmem_CHN_1_0_ARVALID      |  out|    1|       m_axi|                                 gmem|       pointer|
|m_axi_gmem_CHN_1_0_ARREADY      |   in|    1|       m_axi|                                 gmem|       pointer|
|m_axi_gmem_CHN_1_0_ARADDR       |  out|   64|       m_axi|                                 gmem|       pointer|
|m_axi_gmem_CHN_1_0_ARID         |  out|    1|       m_axi|                                 gmem|       pointer|
|m_axi_gmem_CHN_1_0_ARLEN        |  out|   32|       m_axi|                                 gmem|       pointer|
|m_axi_gmem_CHN_1_0_ARSIZE       |  out|    3|       m_axi|                                 gmem|       pointer|
|m_axi_gmem_CHN_1_0_ARBURST      |  out|    2|       m_axi|                                 gmem|       pointer|
|m_axi_gmem_CHN_1_0_ARLOCK       |  out|    2|       m_axi|                                 gmem|       pointer|
|m_axi_gmem_CHN_1_0_ARCACHE      |  out|    4|       m_axi|                                 gmem|       pointer|
|m_axi_gmem_CHN_1_0_ARPROT       |  out|    3|       m_axi|                                 gmem|       pointer|
|m_axi_gmem_CHN_1_0_ARQOS        |  out|    4|       m_axi|                                 gmem|       pointer|
|m_axi_gmem_CHN_1_0_ARREGION     |  out|    4|       m_axi|                                 gmem|       pointer|
|m_axi_gmem_CHN_1_0_ARUSER       |  out|    1|       m_axi|                                 gmem|       pointer|
|m_axi_gmem_CHN_1_0_RVALID       |   in|    1|       m_axi|                                 gmem|       pointer|
|m_axi_gmem_CHN_1_0_RREADY       |  out|    1|       m_axi|                                 gmem|       pointer|
|m_axi_gmem_CHN_1_0_RDATA        |   in|   64|       m_axi|                                 gmem|       pointer|
|m_axi_gmem_CHN_1_0_RLAST        |   in|    1|       m_axi|                                 gmem|       pointer|
|m_axi_gmem_CHN_1_0_RID          |   in|    1|       m_axi|                                 gmem|       pointer|
|m_axi_gmem_CHN_1_0_RFIFONUM     |   in|   11|       m_axi|                                 gmem|       pointer|
|m_axi_gmem_CHN_1_0_RUSER        |   in|    1|       m_axi|                                 gmem|       pointer|
|m_axi_gmem_CHN_1_0_RRESP        |   in|    2|       m_axi|                                 gmem|       pointer|
|m_axi_gmem_CHN_1_0_BVALID       |   in|    1|       m_axi|                                 gmem|       pointer|
|m_axi_gmem_CHN_1_0_BREADY       |  out|    1|       m_axi|                                 gmem|       pointer|
|m_axi_gmem_CHN_1_0_BRESP        |   in|    2|       m_axi|                                 gmem|       pointer|
|m_axi_gmem_CHN_1_0_BID          |   in|    1|       m_axi|                                 gmem|       pointer|
|m_axi_gmem_CHN_1_0_BUSER        |   in|    1|       m_axi|                                 gmem|       pointer|
|m_axi_gmem_CHN_2_0_AWVALID      |  out|    1|       m_axi|                                 gmem|       pointer|
|m_axi_gmem_CHN_2_0_AWREADY      |   in|    1|       m_axi|                                 gmem|       pointer|
|m_axi_gmem_CHN_2_0_AWADDR       |  out|   64|       m_axi|                                 gmem|       pointer|
|m_axi_gmem_CHN_2_0_AWID         |  out|    1|       m_axi|                                 gmem|       pointer|
|m_axi_gmem_CHN_2_0_AWLEN        |  out|   32|       m_axi|                                 gmem|       pointer|
|m_axi_gmem_CHN_2_0_AWSIZE       |  out|    3|       m_axi|                                 gmem|       pointer|
|m_axi_gmem_CHN_2_0_AWBURST      |  out|    2|       m_axi|                                 gmem|       pointer|
|m_axi_gmem_CHN_2_0_AWLOCK       |  out|    2|       m_axi|                                 gmem|       pointer|
|m_axi_gmem_CHN_2_0_AWCACHE      |  out|    4|       m_axi|                                 gmem|       pointer|
|m_axi_gmem_CHN_2_0_AWPROT       |  out|    3|       m_axi|                                 gmem|       pointer|
|m_axi_gmem_CHN_2_0_AWQOS        |  out|    4|       m_axi|                                 gmem|       pointer|
|m_axi_gmem_CHN_2_0_AWREGION     |  out|    4|       m_axi|                                 gmem|       pointer|
|m_axi_gmem_CHN_2_0_AWUSER       |  out|    1|       m_axi|                                 gmem|       pointer|
|m_axi_gmem_CHN_2_0_WVALID       |  out|    1|       m_axi|                                 gmem|       pointer|
|m_axi_gmem_CHN_2_0_WREADY       |   in|    1|       m_axi|                                 gmem|       pointer|
|m_axi_gmem_CHN_2_0_WDATA        |  out|   64|       m_axi|                                 gmem|       pointer|
|m_axi_gmem_CHN_2_0_WSTRB        |  out|    8|       m_axi|                                 gmem|       pointer|
|m_axi_gmem_CHN_2_0_WLAST        |  out|    1|       m_axi|                                 gmem|       pointer|
|m_axi_gmem_CHN_2_0_WID          |  out|    1|       m_axi|                                 gmem|       pointer|
|m_axi_gmem_CHN_2_0_WUSER        |  out|    1|       m_axi|                                 gmem|       pointer|
|m_axi_gmem_CHN_2_0_ARVALID      |  out|    1|       m_axi|                                 gmem|       pointer|
|m_axi_gmem_CHN_2_0_ARREADY      |   in|    1|       m_axi|                                 gmem|       pointer|
|m_axi_gmem_CHN_2_0_ARADDR       |  out|   64|       m_axi|                                 gmem|       pointer|
|m_axi_gmem_CHN_2_0_ARID         |  out|    1|       m_axi|                                 gmem|       pointer|
|m_axi_gmem_CHN_2_0_ARLEN        |  out|   32|       m_axi|                                 gmem|       pointer|
|m_axi_gmem_CHN_2_0_ARSIZE       |  out|    3|       m_axi|                                 gmem|       pointer|
|m_axi_gmem_CHN_2_0_ARBURST      |  out|    2|       m_axi|                                 gmem|       pointer|
|m_axi_gmem_CHN_2_0_ARLOCK       |  out|    2|       m_axi|                                 gmem|       pointer|
|m_axi_gmem_CHN_2_0_ARCACHE      |  out|    4|       m_axi|                                 gmem|       pointer|
|m_axi_gmem_CHN_2_0_ARPROT       |  out|    3|       m_axi|                                 gmem|       pointer|
|m_axi_gmem_CHN_2_0_ARQOS        |  out|    4|       m_axi|                                 gmem|       pointer|
|m_axi_gmem_CHN_2_0_ARREGION     |  out|    4|       m_axi|                                 gmem|       pointer|
|m_axi_gmem_CHN_2_0_ARUSER       |  out|    1|       m_axi|                                 gmem|       pointer|
|m_axi_gmem_CHN_2_0_RVALID       |   in|    1|       m_axi|                                 gmem|       pointer|
|m_axi_gmem_CHN_2_0_RREADY       |  out|    1|       m_axi|                                 gmem|       pointer|
|m_axi_gmem_CHN_2_0_RDATA        |   in|   64|       m_axi|                                 gmem|       pointer|
|m_axi_gmem_CHN_2_0_RLAST        |   in|    1|       m_axi|                                 gmem|       pointer|
|m_axi_gmem_CHN_2_0_RID          |   in|    1|       m_axi|                                 gmem|       pointer|
|m_axi_gmem_CHN_2_0_RFIFONUM     |   in|   11|       m_axi|                                 gmem|       pointer|
|m_axi_gmem_CHN_2_0_RUSER        |   in|    1|       m_axi|                                 gmem|       pointer|
|m_axi_gmem_CHN_2_0_RRESP        |   in|    2|       m_axi|                                 gmem|       pointer|
|m_axi_gmem_CHN_2_0_BVALID       |   in|    1|       m_axi|                                 gmem|       pointer|
|m_axi_gmem_CHN_2_0_BREADY       |  out|    1|       m_axi|                                 gmem|       pointer|
|m_axi_gmem_CHN_2_0_BRESP        |   in|    2|       m_axi|                                 gmem|       pointer|
|m_axi_gmem_CHN_2_0_BID          |   in|    1|       m_axi|                                 gmem|       pointer|
|m_axi_gmem_CHN_2_0_BUSER        |   in|    1|       m_axi|                                 gmem|       pointer|
|adder_in_feed_1_din             |  out|   32|     ap_fifo|                      adder_in_feed_1|       pointer|
|adder_in_feed_1_full_n          |   in|    1|     ap_fifo|                      adder_in_feed_1|       pointer|
|adder_in_feed_1_write           |  out|    1|     ap_fifo|                      adder_in_feed_1|       pointer|
|adder_in_feed_1_num_data_valid  |   in|    8|     ap_fifo|                      adder_in_feed_1|       pointer|
|adder_in_feed_1_fifo_cap        |   in|    8|     ap_fifo|                      adder_in_feed_1|       pointer|
|v_size                          |   in|   32|     ap_none|                               v_size|        scalar|
|mem0                            |   in|   64|     ap_none|                                 mem0|        scalar|
|v_neighbours                    |   in|   64|     ap_none|                         v_neighbours|        scalar|
|adj_list                        |   in|   64|     ap_none|                             adj_list|        scalar|
|mem1                            |   in|   64|     ap_none|                                 mem1|        scalar|
|Pcurr                           |   in|   64|     ap_none|                                Pcurr|        scalar|
+--------------------------------+-----+-----+------------+-------------------------------------+--------------+

============================================================
+ Verbose Summary: Synthesis Manager
============================================================
InlineROM: 1
ExposeGlobal: 0
============================================================
+ Verbose Summary: CDFG Model
============================================================
IsTopModel: 0
ResetActiveHigh: 1
IsCombinational: 2
IsDatapathOnly: 2
HasWiredReturn: 1
HasMFsm: 2
HasVarLatency: 1
IsPipeline: 0
IsRtlPipelined: 0
IsInstanceOverlapped: 0
IsDontTouch: 0
HasImplIP: 0
IsGatedGlobalClock: 0

+ Individual pipeline summary: 
  * Pipeline-0: initiation interval (II) = 2, depth = 163


============================================================
+ Verbose Summary: Schedule
============================================================
* Number of FSM states : 163
* Pipeline : 1
  Pipeline-0 : II = 2, D = 163, States = { 1 2 3 4 5 6 7 8 9 10 11 12 13 14 15 16 17 18 19 20 21 22 23 24 25 26 27 28 29 30 31 32 33 34 35 36 37 38 39 40 41 42 43 44 45 46 47 48 49 50 51 52 53 54 55 56 57 58 59 60 61 62 63 64 65 66 67 68 69 70 71 72 73 74 75 76 77 78 79 80 81 82 83 84 85 86 87 88 89 90 91 92 93 94 95 96 97 98 99 100 101 102 103 104 105 106 107 108 109 110 111 112 113 114 115 116 117 118 119 120 121 122 123 124 125 126 127 128 129 130 131 132 133 134 135 136 137 138 139 140 141 142 143 144 145 146 147 148 149 150 151 152 153 154 155 156 157 158 159 160 161 162 163 }
* Dataflow Pipeline: 0

* FSM state transitions: 
1 --> 2 
2 --> 3 
3 --> 4 
4 --> 5 
5 --> 6 
6 --> 7 
7 --> 8 
8 --> 9 
9 --> 10 
10 --> 11 
11 --> 12 
12 --> 13 
13 --> 14 
14 --> 15 
15 --> 16 
16 --> 17 
17 --> 18 
18 --> 19 
19 --> 20 
20 --> 21 
21 --> 22 
22 --> 23 
23 --> 24 
24 --> 25 
25 --> 26 
26 --> 27 
27 --> 28 
28 --> 29 
29 --> 30 
30 --> 31 
31 --> 32 
32 --> 33 
33 --> 34 
34 --> 35 
35 --> 36 
36 --> 37 
37 --> 38 
38 --> 39 
39 --> 40 
40 --> 41 
41 --> 42 
42 --> 43 
43 --> 44 
44 --> 45 
45 --> 46 
46 --> 47 
47 --> 48 
48 --> 49 
49 --> 50 
50 --> 51 
51 --> 52 
52 --> 53 
53 --> 54 
54 --> 55 
55 --> 56 
56 --> 57 
57 --> 58 
58 --> 59 
59 --> 60 
60 --> 61 
61 --> 62 
62 --> 63 
63 --> 64 
64 --> 65 
65 --> 66 
66 --> 67 
67 --> 68 
68 --> 69 
69 --> 70 
70 --> 71 
71 --> 72 
72 --> 73 
73 --> 74 
74 --> 75 
75 --> 76 
76 --> 77 
77 --> 78 
78 --> 79 
79 --> 80 
80 --> 81 
81 --> 82 
82 --> 83 
83 --> 84 
84 --> 85 
85 --> 86 
86 --> 87 
87 --> 88 
88 --> 89 
89 --> 90 
90 --> 91 
91 --> 92 
92 --> 93 
93 --> 94 
94 --> 95 
95 --> 96 
96 --> 97 
97 --> 98 
98 --> 99 
99 --> 100 
100 --> 101 
101 --> 102 
102 --> 103 
103 --> 104 
104 --> 105 
105 --> 106 
106 --> 107 
107 --> 108 
108 --> 109 
109 --> 110 
110 --> 111 
111 --> 112 
112 --> 113 
113 --> 114 
114 --> 115 
115 --> 116 
116 --> 117 
117 --> 118 
118 --> 119 
119 --> 120 
120 --> 121 
121 --> 122 
122 --> 123 
123 --> 124 
124 --> 125 
125 --> 126 
126 --> 127 
127 --> 128 
128 --> 129 
129 --> 130 
130 --> 131 
131 --> 132 
132 --> 133 
133 --> 134 
134 --> 135 
135 --> 136 
136 --> 137 
137 --> 138 
138 --> 139 
139 --> 140 
140 --> 141 
141 --> 142 
142 --> 143 
143 --> 144 
144 --> 145 
145 --> 146 
146 --> 147 
147 --> 148 
148 --> 149 
149 --> 150 
150 --> 151 
151 --> 152 
152 --> 153 
153 --> 154 
154 --> 155 
155 --> 156 
156 --> 157 
157 --> 158 
158 --> 159 
159 --> 160 
160 --> 161 
161 --> 162 
162 --> 163 
163 --> 

* FSM state operations: 

State 1 <SV = 0> <Delay = 1.65>
ST_1 : Operation 166 [1/1] (0.00ns)   --->   "%i = alloca i32 1" [../pageRankReduce/pageRank.cpp:95]   --->   Operation 166 'alloca' 'i' <Predicate = true> <Delay = 0.00>
ST_1 : Operation 167 [1/1] (0.00ns)   --->   "%specinterface_ln0 = specinterface void @_ssdm_op_SpecInterface, i64 %gmem_CHN_1, void @empty_17, i32 0, i32 0, void @empty_16, i32 64, i32 0, void @empty_15, void @empty_14, void @empty_16, i32 64, i32 1, i32 16, i32 16, void @empty_16, void @empty_16, i32 4294967295, i32 0, i32 1"   --->   Operation 167 'specinterface' 'specinterface_ln0' <Predicate = true> <Delay = 0.00>
ST_1 : Operation 168 [1/1] (0.00ns)   --->   "%specinterface_ln0 = specinterface void @_ssdm_op_SpecInterface, i64 %gmem_CHN_2, void @empty_17, i32 0, i32 0, void @empty_16, i32 64, i32 0, void @empty_15, void @empty_14, void @empty_16, i32 64, i32 1, i32 16, i32 16, void @empty_16, void @empty_16, i32 4294967295, i32 0, i32 2"   --->   Operation 168 'specinterface' 'specinterface_ln0' <Predicate = true> <Delay = 0.00>
ST_1 : Operation 169 [1/1] (0.00ns)   --->   "%specinterface_ln0 = specinterface void @_ssdm_op_SpecInterface, i32 %adder_in_feed_1, void @empty_4, i32 0, i32 0, void @empty_16, i32 0, i32 0, void @empty_16, void @empty_16, void @empty_16, i32 0, i32 0, i32 0, i32 0, void @empty_16, void @empty_16, i32 4294967295, i32 0, i32 0"   --->   Operation 169 'specinterface' 'specinterface_ln0' <Predicate = true> <Delay = 0.00>
ST_1 : Operation 170 [1/1] (0.00ns)   --->   "%Pcurr_read = read i64 @_ssdm_op_Read.ap_auto.i64, i64 %Pcurr" [../pageRankReduce/pageRank.cpp:80]   --->   Operation 170 'read' 'Pcurr_read' <Predicate = true> <Delay = 0.00>
ST_1 : Operation 171 [1/1] (0.00ns)   --->   "%mem1_read = read i64 @_ssdm_op_Read.ap_auto.i64, i64 %mem1" [../pageRankReduce/pageRank.cpp:80]   --->   Operation 171 'read' 'mem1_read' <Predicate = true> <Delay = 0.00>
ST_1 : Operation 172 [1/1] (0.00ns)   --->   "%adj_list_read = read i64 @_ssdm_op_Read.ap_auto.i64, i64 %adj_list" [../pageRankReduce/pageRank.cpp:80]   --->   Operation 172 'read' 'adj_list_read' <Predicate = true> <Delay = 0.00>
ST_1 : Operation 173 [1/1] (0.00ns)   --->   "%v_neighbours_read = read i64 @_ssdm_op_Read.ap_auto.i64, i64 %v_neighbours" [../pageRankReduce/pageRank.cpp:80]   --->   Operation 173 'read' 'v_neighbours_read' <Predicate = true> <Delay = 0.00>
ST_1 : Operation 174 [1/1] (0.00ns)   --->   "%mem0_read = read i64 @_ssdm_op_Read.ap_auto.i64, i64 %mem0" [../pageRankReduce/pageRank.cpp:80]   --->   Operation 174 'read' 'mem0_read' <Predicate = true> <Delay = 0.00>
ST_1 : Operation 175 [1/1] (0.00ns)   --->   "%v_size_read = read i32 @_ssdm_op_Read.ap_auto.i32, i32 %v_size" [../pageRankReduce/pageRank.cpp:80]   --->   Operation 175 'read' 'v_size_read' <Predicate = true> <Delay = 0.00>
ST_1 : Operation 176 [1/1] (0.38ns)   --->   "%store_ln95 = store i32 0, i32 %i" [../pageRankReduce/pageRank.cpp:95]   --->   Operation 176 'store' 'store_ln95' <Predicate = true> <Delay = 0.38>
ST_1 : Operation 177 [1/1] (0.00ns)   --->   "%br_ln0 = br void %for.inc"   --->   Operation 177 'br' 'br_ln0' <Predicate = true> <Delay = 0.00>
ST_1 : Operation 178 [1/1] (0.00ns)   --->   "%i_1 = load i32 %i" [../pageRankReduce/pageRank.cpp:95]   --->   Operation 178 'load' 'i_1' <Predicate = true> <Delay = 0.00>
ST_1 : Operation 179 [1/1] (0.88ns)   --->   "%icmp_ln95 = icmp_eq  i32 %i_1, i32 %v_size_read" [../pageRankReduce/pageRank.cpp:95]   --->   Operation 179 'icmp' 'icmp_ln95' <Predicate = true> <Delay = 0.88> <CoreInst = "Cmp">   --->   Core 9 'Cmp' <Latency = 0> <II = 1> <Delay = 0.88> <FuncUnit> <Opcode : 'seteq' 'setne' 'setle' 'setge' 'setlt' 'setgt'> <InPorts = 2> <OutPorts = 1>
ST_1 : Operation 180 [1/1] (0.00ns)   --->   "%br_ln95 = br i1 %icmp_ln95, void %for.inc.split, void %for.end.exitStub" [../pageRankReduce/pageRank.cpp:95]   --->   Operation 180 'br' 'br_ln95' <Predicate = true> <Delay = 0.00>
ST_1 : Operation 181 [1/1] (0.88ns)   --->   "%add_ln95 = add i32 %i_1, i32 1" [../pageRankReduce/pageRank.cpp:95]   --->   Operation 181 'add' 'add_ln95' <Predicate = (!icmp_ln95)> <Delay = 0.88> <CoreInst = "Adder">   --->   Core 1 'Adder' <Latency = 0> <II = 1> <Delay = 0.88> <FuncUnit> <Opcode : 'add' 'sub'> <InPorts = 2> <OutPorts = 1>
ST_1 : Operation 182 [1/1] (0.00ns)   --->   "%shl_ln = bitconcatenate i34 @_ssdm_op_BitConcatenate.i34.i32.i2, i32 %i_1, i2 0" [../pageRankReduce/pageRank.cpp:97]   --->   Operation 182 'bitconcatenate' 'shl_ln' <Predicate = (!icmp_ln95)> <Delay = 0.00>
ST_1 : Operation 183 [1/1] (0.00ns)   --->   "%zext_ln97 = zext i34 %shl_ln" [../pageRankReduce/pageRank.cpp:97]   --->   Operation 183 'zext' 'zext_ln97' <Predicate = (!icmp_ln95)> <Delay = 0.00>
ST_1 : Operation 184 [1/1] (0.00ns) (grouped into TernaryAdder)   --->   "%add_ln97 = add i64 %zext_ln97, i64 %mem0_read" [../pageRankReduce/pageRank.cpp:97]   --->   Operation 184 'add' 'add_ln97' <Predicate = (!icmp_ln95)> <Delay = 0.00> <CoreInst = "TAddSub">   --->   Core 10 'TAddSub' <Latency = 0> <II = 1> <Delay = 0.42> <IPBlock> <Opcode : 'add' 'sub'> <InPorts = 3> <OutPorts = 1> <Sync> <CReg>
ST_1 : Operation 185 [1/1] (0.84ns) (root node of TernaryAdder)   --->   "%add_ln97_1 = add i64 %add_ln97, i64 %v_neighbours_read" [../pageRankReduce/pageRank.cpp:97]   --->   Operation 185 'add' 'add_ln97_1' <Predicate = (!icmp_ln95)> <Delay = 0.84> <CoreInst = "TAddSub">   --->   Core 10 'TAddSub' <Latency = 0> <II = 1> <Delay = 0.42> <IPBlock> <Opcode : 'add' 'sub'> <InPorts = 3> <OutPorts = 1> <Sync> <CReg>
ST_1 : Operation 186 [1/1] (0.00ns)   --->   "%trunc_ln97_1 = partselect i61 @_ssdm_op_PartSelect.i61.i64.i32.i32, i64 %add_ln97_1, i32 3, i32 63" [../pageRankReduce/pageRank.cpp:97]   --->   Operation 186 'partselect' 'trunc_ln97_1' <Predicate = (!icmp_ln95)> <Delay = 0.00>
ST_1 : Operation 187 [1/1] (0.00ns)   --->   "%trunc_ln97 = trunc i64 %add_ln97_1" [../pageRankReduce/pageRank.cpp:97]   --->   Operation 187 'trunc' 'trunc_ln97' <Predicate = (!icmp_ln95)> <Delay = 0.00>
ST_1 : Operation 188 [1/1] (0.38ns)   --->   "%store_ln95 = store i32 %add_ln95, i32 %i" [../pageRankReduce/pageRank.cpp:95]   --->   Operation 188 'store' 'store_ln95' <Predicate = (!icmp_ln95)> <Delay = 0.38>

State 2 <SV = 1> <Delay = 2.92>
ST_2 : Operation 189 [1/1] (0.00ns)   --->   "%sext_ln97 = sext i61 %trunc_ln97_1" [../pageRankReduce/pageRank.cpp:97]   --->   Operation 189 'sext' 'sext_ln97' <Predicate = (!icmp_ln95)> <Delay = 0.00>
ST_2 : Operation 190 [1/1] (0.00ns)   --->   "%gmem_CHN_1_addr = getelementptr i64 %gmem_CHN_1, i64 %sext_ln97" [../pageRankReduce/pageRank.cpp:97]   --->   Operation 190 'getelementptr' 'gmem_CHN_1_addr' <Predicate = (!icmp_ln95)> <Delay = 0.00>
ST_2 : Operation 191 [71/71] (2.92ns)   --->   "%gmem_CHN_1_load_req = readreq i1 @_ssdm_op_ReadReq.m_axi.i64P1A, i64 %gmem_CHN_1_addr, i64 1" [../pageRankReduce/pageRank.cpp:97]   --->   Operation 191 'readreq' 'gmem_CHN_1_load_req' <Predicate = (!icmp_ln95)> <Delay = 2.92> <CoreInst = "m_axi">   --->   Core 119 'm_axi' <Latency = 6> <II = 1> <Delay = 1.00> <Adapter> <Opcode : 'read' 'write' 'readreq' 'writereq' 'writeresp'>

State 3 <SV = 2> <Delay = 2.92>
ST_3 : Operation 192 [70/71] (2.92ns)   --->   "%gmem_CHN_1_load_req = readreq i1 @_ssdm_op_ReadReq.m_axi.i64P1A, i64 %gmem_CHN_1_addr, i64 1" [../pageRankReduce/pageRank.cpp:97]   --->   Operation 192 'readreq' 'gmem_CHN_1_load_req' <Predicate = true> <Delay = 2.92> <CoreInst = "m_axi">   --->   Core 119 'm_axi' <Latency = 6> <II = 1> <Delay = 1.00> <Adapter> <Opcode : 'read' 'write' 'readreq' 'writereq' 'writeresp'>

State 4 <SV = 3> <Delay = 2.92>
ST_4 : Operation 193 [69/71] (2.92ns)   --->   "%gmem_CHN_1_load_req = readreq i1 @_ssdm_op_ReadReq.m_axi.i64P1A, i64 %gmem_CHN_1_addr, i64 1" [../pageRankReduce/pageRank.cpp:97]   --->   Operation 193 'readreq' 'gmem_CHN_1_load_req' <Predicate = true> <Delay = 2.92> <CoreInst = "m_axi">   --->   Core 119 'm_axi' <Latency = 6> <II = 1> <Delay = 1.00> <Adapter> <Opcode : 'read' 'write' 'readreq' 'writereq' 'writeresp'>

State 5 <SV = 4> <Delay = 2.92>
ST_5 : Operation 194 [68/71] (2.92ns)   --->   "%gmem_CHN_1_load_req = readreq i1 @_ssdm_op_ReadReq.m_axi.i64P1A, i64 %gmem_CHN_1_addr, i64 1" [../pageRankReduce/pageRank.cpp:97]   --->   Operation 194 'readreq' 'gmem_CHN_1_load_req' <Predicate = true> <Delay = 2.92> <CoreInst = "m_axi">   --->   Core 119 'm_axi' <Latency = 6> <II = 1> <Delay = 1.00> <Adapter> <Opcode : 'read' 'write' 'readreq' 'writereq' 'writeresp'>

State 6 <SV = 5> <Delay = 2.92>
ST_6 : Operation 195 [67/71] (2.92ns)   --->   "%gmem_CHN_1_load_req = readreq i1 @_ssdm_op_ReadReq.m_axi.i64P1A, i64 %gmem_CHN_1_addr, i64 1" [../pageRankReduce/pageRank.cpp:97]   --->   Operation 195 'readreq' 'gmem_CHN_1_load_req' <Predicate = true> <Delay = 2.92> <CoreInst = "m_axi">   --->   Core 119 'm_axi' <Latency = 6> <II = 1> <Delay = 1.00> <Adapter> <Opcode : 'read' 'write' 'readreq' 'writereq' 'writeresp'>

State 7 <SV = 6> <Delay = 2.92>
ST_7 : Operation 196 [66/71] (2.92ns)   --->   "%gmem_CHN_1_load_req = readreq i1 @_ssdm_op_ReadReq.m_axi.i64P1A, i64 %gmem_CHN_1_addr, i64 1" [../pageRankReduce/pageRank.cpp:97]   --->   Operation 196 'readreq' 'gmem_CHN_1_load_req' <Predicate = true> <Delay = 2.92> <CoreInst = "m_axi">   --->   Core 119 'm_axi' <Latency = 6> <II = 1> <Delay = 1.00> <Adapter> <Opcode : 'read' 'write' 'readreq' 'writereq' 'writeresp'>

State 8 <SV = 7> <Delay = 2.92>
ST_8 : Operation 197 [65/71] (2.92ns)   --->   "%gmem_CHN_1_load_req = readreq i1 @_ssdm_op_ReadReq.m_axi.i64P1A, i64 %gmem_CHN_1_addr, i64 1" [../pageRankReduce/pageRank.cpp:97]   --->   Operation 197 'readreq' 'gmem_CHN_1_load_req' <Predicate = true> <Delay = 2.92> <CoreInst = "m_axi">   --->   Core 119 'm_axi' <Latency = 6> <II = 1> <Delay = 1.00> <Adapter> <Opcode : 'read' 'write' 'readreq' 'writereq' 'writeresp'>

State 9 <SV = 8> <Delay = 2.92>
ST_9 : Operation 198 [64/71] (2.92ns)   --->   "%gmem_CHN_1_load_req = readreq i1 @_ssdm_op_ReadReq.m_axi.i64P1A, i64 %gmem_CHN_1_addr, i64 1" [../pageRankReduce/pageRank.cpp:97]   --->   Operation 198 'readreq' 'gmem_CHN_1_load_req' <Predicate = true> <Delay = 2.92> <CoreInst = "m_axi">   --->   Core 119 'm_axi' <Latency = 6> <II = 1> <Delay = 1.00> <Adapter> <Opcode : 'read' 'write' 'readreq' 'writereq' 'writeresp'>

State 10 <SV = 9> <Delay = 2.92>
ST_10 : Operation 199 [63/71] (2.92ns)   --->   "%gmem_CHN_1_load_req = readreq i1 @_ssdm_op_ReadReq.m_axi.i64P1A, i64 %gmem_CHN_1_addr, i64 1" [../pageRankReduce/pageRank.cpp:97]   --->   Operation 199 'readreq' 'gmem_CHN_1_load_req' <Predicate = true> <Delay = 2.92> <CoreInst = "m_axi">   --->   Core 119 'm_axi' <Latency = 6> <II = 1> <Delay = 1.00> <Adapter> <Opcode : 'read' 'write' 'readreq' 'writereq' 'writeresp'>

State 11 <SV = 10> <Delay = 2.92>
ST_11 : Operation 200 [62/71] (2.92ns)   --->   "%gmem_CHN_1_load_req = readreq i1 @_ssdm_op_ReadReq.m_axi.i64P1A, i64 %gmem_CHN_1_addr, i64 1" [../pageRankReduce/pageRank.cpp:97]   --->   Operation 200 'readreq' 'gmem_CHN_1_load_req' <Predicate = true> <Delay = 2.92> <CoreInst = "m_axi">   --->   Core 119 'm_axi' <Latency = 6> <II = 1> <Delay = 1.00> <Adapter> <Opcode : 'read' 'write' 'readreq' 'writereq' 'writeresp'>

State 12 <SV = 11> <Delay = 2.92>
ST_12 : Operation 201 [61/71] (2.92ns)   --->   "%gmem_CHN_1_load_req = readreq i1 @_ssdm_op_ReadReq.m_axi.i64P1A, i64 %gmem_CHN_1_addr, i64 1" [../pageRankReduce/pageRank.cpp:97]   --->   Operation 201 'readreq' 'gmem_CHN_1_load_req' <Predicate = true> <Delay = 2.92> <CoreInst = "m_axi">   --->   Core 119 'm_axi' <Latency = 6> <II = 1> <Delay = 1.00> <Adapter> <Opcode : 'read' 'write' 'readreq' 'writereq' 'writeresp'>

State 13 <SV = 12> <Delay = 2.92>
ST_13 : Operation 202 [60/71] (2.92ns)   --->   "%gmem_CHN_1_load_req = readreq i1 @_ssdm_op_ReadReq.m_axi.i64P1A, i64 %gmem_CHN_1_addr, i64 1" [../pageRankReduce/pageRank.cpp:97]   --->   Operation 202 'readreq' 'gmem_CHN_1_load_req' <Predicate = true> <Delay = 2.92> <CoreInst = "m_axi">   --->   Core 119 'm_axi' <Latency = 6> <II = 1> <Delay = 1.00> <Adapter> <Opcode : 'read' 'write' 'readreq' 'writereq' 'writeresp'>

State 14 <SV = 13> <Delay = 2.92>
ST_14 : Operation 203 [59/71] (2.92ns)   --->   "%gmem_CHN_1_load_req = readreq i1 @_ssdm_op_ReadReq.m_axi.i64P1A, i64 %gmem_CHN_1_addr, i64 1" [../pageRankReduce/pageRank.cpp:97]   --->   Operation 203 'readreq' 'gmem_CHN_1_load_req' <Predicate = true> <Delay = 2.92> <CoreInst = "m_axi">   --->   Core 119 'm_axi' <Latency = 6> <II = 1> <Delay = 1.00> <Adapter> <Opcode : 'read' 'write' 'readreq' 'writereq' 'writeresp'>

State 15 <SV = 14> <Delay = 2.92>
ST_15 : Operation 204 [58/71] (2.92ns)   --->   "%gmem_CHN_1_load_req = readreq i1 @_ssdm_op_ReadReq.m_axi.i64P1A, i64 %gmem_CHN_1_addr, i64 1" [../pageRankReduce/pageRank.cpp:97]   --->   Operation 204 'readreq' 'gmem_CHN_1_load_req' <Predicate = true> <Delay = 2.92> <CoreInst = "m_axi">   --->   Core 119 'm_axi' <Latency = 6> <II = 1> <Delay = 1.00> <Adapter> <Opcode : 'read' 'write' 'readreq' 'writereq' 'writeresp'>

State 16 <SV = 15> <Delay = 2.92>
ST_16 : Operation 205 [57/71] (2.92ns)   --->   "%gmem_CHN_1_load_req = readreq i1 @_ssdm_op_ReadReq.m_axi.i64P1A, i64 %gmem_CHN_1_addr, i64 1" [../pageRankReduce/pageRank.cpp:97]   --->   Operation 205 'readreq' 'gmem_CHN_1_load_req' <Predicate = true> <Delay = 2.92> <CoreInst = "m_axi">   --->   Core 119 'm_axi' <Latency = 6> <II = 1> <Delay = 1.00> <Adapter> <Opcode : 'read' 'write' 'readreq' 'writereq' 'writeresp'>

State 17 <SV = 16> <Delay = 2.92>
ST_17 : Operation 206 [56/71] (2.92ns)   --->   "%gmem_CHN_1_load_req = readreq i1 @_ssdm_op_ReadReq.m_axi.i64P1A, i64 %gmem_CHN_1_addr, i64 1" [../pageRankReduce/pageRank.cpp:97]   --->   Operation 206 'readreq' 'gmem_CHN_1_load_req' <Predicate = true> <Delay = 2.92> <CoreInst = "m_axi">   --->   Core 119 'm_axi' <Latency = 6> <II = 1> <Delay = 1.00> <Adapter> <Opcode : 'read' 'write' 'readreq' 'writereq' 'writeresp'>

State 18 <SV = 17> <Delay = 2.92>
ST_18 : Operation 207 [55/71] (2.92ns)   --->   "%gmem_CHN_1_load_req = readreq i1 @_ssdm_op_ReadReq.m_axi.i64P1A, i64 %gmem_CHN_1_addr, i64 1" [../pageRankReduce/pageRank.cpp:97]   --->   Operation 207 'readreq' 'gmem_CHN_1_load_req' <Predicate = true> <Delay = 2.92> <CoreInst = "m_axi">   --->   Core 119 'm_axi' <Latency = 6> <II = 1> <Delay = 1.00> <Adapter> <Opcode : 'read' 'write' 'readreq' 'writereq' 'writeresp'>

State 19 <SV = 18> <Delay = 2.92>
ST_19 : Operation 208 [54/71] (2.92ns)   --->   "%gmem_CHN_1_load_req = readreq i1 @_ssdm_op_ReadReq.m_axi.i64P1A, i64 %gmem_CHN_1_addr, i64 1" [../pageRankReduce/pageRank.cpp:97]   --->   Operation 208 'readreq' 'gmem_CHN_1_load_req' <Predicate = true> <Delay = 2.92> <CoreInst = "m_axi">   --->   Core 119 'm_axi' <Latency = 6> <II = 1> <Delay = 1.00> <Adapter> <Opcode : 'read' 'write' 'readreq' 'writereq' 'writeresp'>

State 20 <SV = 19> <Delay = 2.92>
ST_20 : Operation 209 [53/71] (2.92ns)   --->   "%gmem_CHN_1_load_req = readreq i1 @_ssdm_op_ReadReq.m_axi.i64P1A, i64 %gmem_CHN_1_addr, i64 1" [../pageRankReduce/pageRank.cpp:97]   --->   Operation 209 'readreq' 'gmem_CHN_1_load_req' <Predicate = true> <Delay = 2.92> <CoreInst = "m_axi">   --->   Core 119 'm_axi' <Latency = 6> <II = 1> <Delay = 1.00> <Adapter> <Opcode : 'read' 'write' 'readreq' 'writereq' 'writeresp'>

State 21 <SV = 20> <Delay = 2.92>
ST_21 : Operation 210 [52/71] (2.92ns)   --->   "%gmem_CHN_1_load_req = readreq i1 @_ssdm_op_ReadReq.m_axi.i64P1A, i64 %gmem_CHN_1_addr, i64 1" [../pageRankReduce/pageRank.cpp:97]   --->   Operation 210 'readreq' 'gmem_CHN_1_load_req' <Predicate = true> <Delay = 2.92> <CoreInst = "m_axi">   --->   Core 119 'm_axi' <Latency = 6> <II = 1> <Delay = 1.00> <Adapter> <Opcode : 'read' 'write' 'readreq' 'writereq' 'writeresp'>

State 22 <SV = 21> <Delay = 2.92>
ST_22 : Operation 211 [51/71] (2.92ns)   --->   "%gmem_CHN_1_load_req = readreq i1 @_ssdm_op_ReadReq.m_axi.i64P1A, i64 %gmem_CHN_1_addr, i64 1" [../pageRankReduce/pageRank.cpp:97]   --->   Operation 211 'readreq' 'gmem_CHN_1_load_req' <Predicate = true> <Delay = 2.92> <CoreInst = "m_axi">   --->   Core 119 'm_axi' <Latency = 6> <II = 1> <Delay = 1.00> <Adapter> <Opcode : 'read' 'write' 'readreq' 'writereq' 'writeresp'>

State 23 <SV = 22> <Delay = 2.92>
ST_23 : Operation 212 [50/71] (2.92ns)   --->   "%gmem_CHN_1_load_req = readreq i1 @_ssdm_op_ReadReq.m_axi.i64P1A, i64 %gmem_CHN_1_addr, i64 1" [../pageRankReduce/pageRank.cpp:97]   --->   Operation 212 'readreq' 'gmem_CHN_1_load_req' <Predicate = true> <Delay = 2.92> <CoreInst = "m_axi">   --->   Core 119 'm_axi' <Latency = 6> <II = 1> <Delay = 1.00> <Adapter> <Opcode : 'read' 'write' 'readreq' 'writereq' 'writeresp'>

State 24 <SV = 23> <Delay = 2.92>
ST_24 : Operation 213 [49/71] (2.92ns)   --->   "%gmem_CHN_1_load_req = readreq i1 @_ssdm_op_ReadReq.m_axi.i64P1A, i64 %gmem_CHN_1_addr, i64 1" [../pageRankReduce/pageRank.cpp:97]   --->   Operation 213 'readreq' 'gmem_CHN_1_load_req' <Predicate = true> <Delay = 2.92> <CoreInst = "m_axi">   --->   Core 119 'm_axi' <Latency = 6> <II = 1> <Delay = 1.00> <Adapter> <Opcode : 'read' 'write' 'readreq' 'writereq' 'writeresp'>

State 25 <SV = 24> <Delay = 2.92>
ST_25 : Operation 214 [48/71] (2.92ns)   --->   "%gmem_CHN_1_load_req = readreq i1 @_ssdm_op_ReadReq.m_axi.i64P1A, i64 %gmem_CHN_1_addr, i64 1" [../pageRankReduce/pageRank.cpp:97]   --->   Operation 214 'readreq' 'gmem_CHN_1_load_req' <Predicate = true> <Delay = 2.92> <CoreInst = "m_axi">   --->   Core 119 'm_axi' <Latency = 6> <II = 1> <Delay = 1.00> <Adapter> <Opcode : 'read' 'write' 'readreq' 'writereq' 'writeresp'>

State 26 <SV = 25> <Delay = 2.92>
ST_26 : Operation 215 [47/71] (2.92ns)   --->   "%gmem_CHN_1_load_req = readreq i1 @_ssdm_op_ReadReq.m_axi.i64P1A, i64 %gmem_CHN_1_addr, i64 1" [../pageRankReduce/pageRank.cpp:97]   --->   Operation 215 'readreq' 'gmem_CHN_1_load_req' <Predicate = true> <Delay = 2.92> <CoreInst = "m_axi">   --->   Core 119 'm_axi' <Latency = 6> <II = 1> <Delay = 1.00> <Adapter> <Opcode : 'read' 'write' 'readreq' 'writereq' 'writeresp'>

State 27 <SV = 26> <Delay = 2.92>
ST_27 : Operation 216 [46/71] (2.92ns)   --->   "%gmem_CHN_1_load_req = readreq i1 @_ssdm_op_ReadReq.m_axi.i64P1A, i64 %gmem_CHN_1_addr, i64 1" [../pageRankReduce/pageRank.cpp:97]   --->   Operation 216 'readreq' 'gmem_CHN_1_load_req' <Predicate = true> <Delay = 2.92> <CoreInst = "m_axi">   --->   Core 119 'm_axi' <Latency = 6> <II = 1> <Delay = 1.00> <Adapter> <Opcode : 'read' 'write' 'readreq' 'writereq' 'writeresp'>

State 28 <SV = 27> <Delay = 2.92>
ST_28 : Operation 217 [45/71] (2.92ns)   --->   "%gmem_CHN_1_load_req = readreq i1 @_ssdm_op_ReadReq.m_axi.i64P1A, i64 %gmem_CHN_1_addr, i64 1" [../pageRankReduce/pageRank.cpp:97]   --->   Operation 217 'readreq' 'gmem_CHN_1_load_req' <Predicate = true> <Delay = 2.92> <CoreInst = "m_axi">   --->   Core 119 'm_axi' <Latency = 6> <II = 1> <Delay = 1.00> <Adapter> <Opcode : 'read' 'write' 'readreq' 'writereq' 'writeresp'>

State 29 <SV = 28> <Delay = 2.92>
ST_29 : Operation 218 [44/71] (2.92ns)   --->   "%gmem_CHN_1_load_req = readreq i1 @_ssdm_op_ReadReq.m_axi.i64P1A, i64 %gmem_CHN_1_addr, i64 1" [../pageRankReduce/pageRank.cpp:97]   --->   Operation 218 'readreq' 'gmem_CHN_1_load_req' <Predicate = true> <Delay = 2.92> <CoreInst = "m_axi">   --->   Core 119 'm_axi' <Latency = 6> <II = 1> <Delay = 1.00> <Adapter> <Opcode : 'read' 'write' 'readreq' 'writereq' 'writeresp'>

State 30 <SV = 29> <Delay = 2.92>
ST_30 : Operation 219 [43/71] (2.92ns)   --->   "%gmem_CHN_1_load_req = readreq i1 @_ssdm_op_ReadReq.m_axi.i64P1A, i64 %gmem_CHN_1_addr, i64 1" [../pageRankReduce/pageRank.cpp:97]   --->   Operation 219 'readreq' 'gmem_CHN_1_load_req' <Predicate = true> <Delay = 2.92> <CoreInst = "m_axi">   --->   Core 119 'm_axi' <Latency = 6> <II = 1> <Delay = 1.00> <Adapter> <Opcode : 'read' 'write' 'readreq' 'writereq' 'writeresp'>

State 31 <SV = 30> <Delay = 2.92>
ST_31 : Operation 220 [42/71] (2.92ns)   --->   "%gmem_CHN_1_load_req = readreq i1 @_ssdm_op_ReadReq.m_axi.i64P1A, i64 %gmem_CHN_1_addr, i64 1" [../pageRankReduce/pageRank.cpp:97]   --->   Operation 220 'readreq' 'gmem_CHN_1_load_req' <Predicate = true> <Delay = 2.92> <CoreInst = "m_axi">   --->   Core 119 'm_axi' <Latency = 6> <II = 1> <Delay = 1.00> <Adapter> <Opcode : 'read' 'write' 'readreq' 'writereq' 'writeresp'>

State 32 <SV = 31> <Delay = 2.92>
ST_32 : Operation 221 [41/71] (2.92ns)   --->   "%gmem_CHN_1_load_req = readreq i1 @_ssdm_op_ReadReq.m_axi.i64P1A, i64 %gmem_CHN_1_addr, i64 1" [../pageRankReduce/pageRank.cpp:97]   --->   Operation 221 'readreq' 'gmem_CHN_1_load_req' <Predicate = true> <Delay = 2.92> <CoreInst = "m_axi">   --->   Core 119 'm_axi' <Latency = 6> <II = 1> <Delay = 1.00> <Adapter> <Opcode : 'read' 'write' 'readreq' 'writereq' 'writeresp'>

State 33 <SV = 32> <Delay = 2.92>
ST_33 : Operation 222 [40/71] (2.92ns)   --->   "%gmem_CHN_1_load_req = readreq i1 @_ssdm_op_ReadReq.m_axi.i64P1A, i64 %gmem_CHN_1_addr, i64 1" [../pageRankReduce/pageRank.cpp:97]   --->   Operation 222 'readreq' 'gmem_CHN_1_load_req' <Predicate = true> <Delay = 2.92> <CoreInst = "m_axi">   --->   Core 119 'm_axi' <Latency = 6> <II = 1> <Delay = 1.00> <Adapter> <Opcode : 'read' 'write' 'readreq' 'writereq' 'writeresp'>

State 34 <SV = 33> <Delay = 2.92>
ST_34 : Operation 223 [39/71] (2.92ns)   --->   "%gmem_CHN_1_load_req = readreq i1 @_ssdm_op_ReadReq.m_axi.i64P1A, i64 %gmem_CHN_1_addr, i64 1" [../pageRankReduce/pageRank.cpp:97]   --->   Operation 223 'readreq' 'gmem_CHN_1_load_req' <Predicate = true> <Delay = 2.92> <CoreInst = "m_axi">   --->   Core 119 'm_axi' <Latency = 6> <II = 1> <Delay = 1.00> <Adapter> <Opcode : 'read' 'write' 'readreq' 'writereq' 'writeresp'>

State 35 <SV = 34> <Delay = 2.92>
ST_35 : Operation 224 [38/71] (2.92ns)   --->   "%gmem_CHN_1_load_req = readreq i1 @_ssdm_op_ReadReq.m_axi.i64P1A, i64 %gmem_CHN_1_addr, i64 1" [../pageRankReduce/pageRank.cpp:97]   --->   Operation 224 'readreq' 'gmem_CHN_1_load_req' <Predicate = true> <Delay = 2.92> <CoreInst = "m_axi">   --->   Core 119 'm_axi' <Latency = 6> <II = 1> <Delay = 1.00> <Adapter> <Opcode : 'read' 'write' 'readreq' 'writereq' 'writeresp'>

State 36 <SV = 35> <Delay = 2.92>
ST_36 : Operation 225 [37/71] (2.92ns)   --->   "%gmem_CHN_1_load_req = readreq i1 @_ssdm_op_ReadReq.m_axi.i64P1A, i64 %gmem_CHN_1_addr, i64 1" [../pageRankReduce/pageRank.cpp:97]   --->   Operation 225 'readreq' 'gmem_CHN_1_load_req' <Predicate = true> <Delay = 2.92> <CoreInst = "m_axi">   --->   Core 119 'm_axi' <Latency = 6> <II = 1> <Delay = 1.00> <Adapter> <Opcode : 'read' 'write' 'readreq' 'writereq' 'writeresp'>

State 37 <SV = 36> <Delay = 2.92>
ST_37 : Operation 226 [36/71] (2.92ns)   --->   "%gmem_CHN_1_load_req = readreq i1 @_ssdm_op_ReadReq.m_axi.i64P1A, i64 %gmem_CHN_1_addr, i64 1" [../pageRankReduce/pageRank.cpp:97]   --->   Operation 226 'readreq' 'gmem_CHN_1_load_req' <Predicate = true> <Delay = 2.92> <CoreInst = "m_axi">   --->   Core 119 'm_axi' <Latency = 6> <II = 1> <Delay = 1.00> <Adapter> <Opcode : 'read' 'write' 'readreq' 'writereq' 'writeresp'>

State 38 <SV = 37> <Delay = 2.92>
ST_38 : Operation 227 [35/71] (2.92ns)   --->   "%gmem_CHN_1_load_req = readreq i1 @_ssdm_op_ReadReq.m_axi.i64P1A, i64 %gmem_CHN_1_addr, i64 1" [../pageRankReduce/pageRank.cpp:97]   --->   Operation 227 'readreq' 'gmem_CHN_1_load_req' <Predicate = true> <Delay = 2.92> <CoreInst = "m_axi">   --->   Core 119 'm_axi' <Latency = 6> <II = 1> <Delay = 1.00> <Adapter> <Opcode : 'read' 'write' 'readreq' 'writereq' 'writeresp'>

State 39 <SV = 38> <Delay = 2.92>
ST_39 : Operation 228 [34/71] (2.92ns)   --->   "%gmem_CHN_1_load_req = readreq i1 @_ssdm_op_ReadReq.m_axi.i64P1A, i64 %gmem_CHN_1_addr, i64 1" [../pageRankReduce/pageRank.cpp:97]   --->   Operation 228 'readreq' 'gmem_CHN_1_load_req' <Predicate = true> <Delay = 2.92> <CoreInst = "m_axi">   --->   Core 119 'm_axi' <Latency = 6> <II = 1> <Delay = 1.00> <Adapter> <Opcode : 'read' 'write' 'readreq' 'writereq' 'writeresp'>

State 40 <SV = 39> <Delay = 2.92>
ST_40 : Operation 229 [33/71] (2.92ns)   --->   "%gmem_CHN_1_load_req = readreq i1 @_ssdm_op_ReadReq.m_axi.i64P1A, i64 %gmem_CHN_1_addr, i64 1" [../pageRankReduce/pageRank.cpp:97]   --->   Operation 229 'readreq' 'gmem_CHN_1_load_req' <Predicate = true> <Delay = 2.92> <CoreInst = "m_axi">   --->   Core 119 'm_axi' <Latency = 6> <II = 1> <Delay = 1.00> <Adapter> <Opcode : 'read' 'write' 'readreq' 'writereq' 'writeresp'>

State 41 <SV = 40> <Delay = 2.92>
ST_41 : Operation 230 [32/71] (2.92ns)   --->   "%gmem_CHN_1_load_req = readreq i1 @_ssdm_op_ReadReq.m_axi.i64P1A, i64 %gmem_CHN_1_addr, i64 1" [../pageRankReduce/pageRank.cpp:97]   --->   Operation 230 'readreq' 'gmem_CHN_1_load_req' <Predicate = true> <Delay = 2.92> <CoreInst = "m_axi">   --->   Core 119 'm_axi' <Latency = 6> <II = 1> <Delay = 1.00> <Adapter> <Opcode : 'read' 'write' 'readreq' 'writereq' 'writeresp'>

State 42 <SV = 41> <Delay = 2.92>
ST_42 : Operation 231 [31/71] (2.92ns)   --->   "%gmem_CHN_1_load_req = readreq i1 @_ssdm_op_ReadReq.m_axi.i64P1A, i64 %gmem_CHN_1_addr, i64 1" [../pageRankReduce/pageRank.cpp:97]   --->   Operation 231 'readreq' 'gmem_CHN_1_load_req' <Predicate = true> <Delay = 2.92> <CoreInst = "m_axi">   --->   Core 119 'm_axi' <Latency = 6> <II = 1> <Delay = 1.00> <Adapter> <Opcode : 'read' 'write' 'readreq' 'writereq' 'writeresp'>

State 43 <SV = 42> <Delay = 2.92>
ST_43 : Operation 232 [30/71] (2.92ns)   --->   "%gmem_CHN_1_load_req = readreq i1 @_ssdm_op_ReadReq.m_axi.i64P1A, i64 %gmem_CHN_1_addr, i64 1" [../pageRankReduce/pageRank.cpp:97]   --->   Operation 232 'readreq' 'gmem_CHN_1_load_req' <Predicate = true> <Delay = 2.92> <CoreInst = "m_axi">   --->   Core 119 'm_axi' <Latency = 6> <II = 1> <Delay = 1.00> <Adapter> <Opcode : 'read' 'write' 'readreq' 'writereq' 'writeresp'>

State 44 <SV = 43> <Delay = 2.92>
ST_44 : Operation 233 [29/71] (2.92ns)   --->   "%gmem_CHN_1_load_req = readreq i1 @_ssdm_op_ReadReq.m_axi.i64P1A, i64 %gmem_CHN_1_addr, i64 1" [../pageRankReduce/pageRank.cpp:97]   --->   Operation 233 'readreq' 'gmem_CHN_1_load_req' <Predicate = true> <Delay = 2.92> <CoreInst = "m_axi">   --->   Core 119 'm_axi' <Latency = 6> <II = 1> <Delay = 1.00> <Adapter> <Opcode : 'read' 'write' 'readreq' 'writereq' 'writeresp'>

State 45 <SV = 44> <Delay = 2.92>
ST_45 : Operation 234 [28/71] (2.92ns)   --->   "%gmem_CHN_1_load_req = readreq i1 @_ssdm_op_ReadReq.m_axi.i64P1A, i64 %gmem_CHN_1_addr, i64 1" [../pageRankReduce/pageRank.cpp:97]   --->   Operation 234 'readreq' 'gmem_CHN_1_load_req' <Predicate = true> <Delay = 2.92> <CoreInst = "m_axi">   --->   Core 119 'm_axi' <Latency = 6> <II = 1> <Delay = 1.00> <Adapter> <Opcode : 'read' 'write' 'readreq' 'writereq' 'writeresp'>

State 46 <SV = 45> <Delay = 2.92>
ST_46 : Operation 235 [27/71] (2.92ns)   --->   "%gmem_CHN_1_load_req = readreq i1 @_ssdm_op_ReadReq.m_axi.i64P1A, i64 %gmem_CHN_1_addr, i64 1" [../pageRankReduce/pageRank.cpp:97]   --->   Operation 235 'readreq' 'gmem_CHN_1_load_req' <Predicate = true> <Delay = 2.92> <CoreInst = "m_axi">   --->   Core 119 'm_axi' <Latency = 6> <II = 1> <Delay = 1.00> <Adapter> <Opcode : 'read' 'write' 'readreq' 'writereq' 'writeresp'>

State 47 <SV = 46> <Delay = 2.92>
ST_47 : Operation 236 [26/71] (2.92ns)   --->   "%gmem_CHN_1_load_req = readreq i1 @_ssdm_op_ReadReq.m_axi.i64P1A, i64 %gmem_CHN_1_addr, i64 1" [../pageRankReduce/pageRank.cpp:97]   --->   Operation 236 'readreq' 'gmem_CHN_1_load_req' <Predicate = true> <Delay = 2.92> <CoreInst = "m_axi">   --->   Core 119 'm_axi' <Latency = 6> <II = 1> <Delay = 1.00> <Adapter> <Opcode : 'read' 'write' 'readreq' 'writereq' 'writeresp'>

State 48 <SV = 47> <Delay = 2.92>
ST_48 : Operation 237 [25/71] (2.92ns)   --->   "%gmem_CHN_1_load_req = readreq i1 @_ssdm_op_ReadReq.m_axi.i64P1A, i64 %gmem_CHN_1_addr, i64 1" [../pageRankReduce/pageRank.cpp:97]   --->   Operation 237 'readreq' 'gmem_CHN_1_load_req' <Predicate = true> <Delay = 2.92> <CoreInst = "m_axi">   --->   Core 119 'm_axi' <Latency = 6> <II = 1> <Delay = 1.00> <Adapter> <Opcode : 'read' 'write' 'readreq' 'writereq' 'writeresp'>

State 49 <SV = 48> <Delay = 2.92>
ST_49 : Operation 238 [24/71] (2.92ns)   --->   "%gmem_CHN_1_load_req = readreq i1 @_ssdm_op_ReadReq.m_axi.i64P1A, i64 %gmem_CHN_1_addr, i64 1" [../pageRankReduce/pageRank.cpp:97]   --->   Operation 238 'readreq' 'gmem_CHN_1_load_req' <Predicate = true> <Delay = 2.92> <CoreInst = "m_axi">   --->   Core 119 'm_axi' <Latency = 6> <II = 1> <Delay = 1.00> <Adapter> <Opcode : 'read' 'write' 'readreq' 'writereq' 'writeresp'>

State 50 <SV = 49> <Delay = 2.92>
ST_50 : Operation 239 [23/71] (2.92ns)   --->   "%gmem_CHN_1_load_req = readreq i1 @_ssdm_op_ReadReq.m_axi.i64P1A, i64 %gmem_CHN_1_addr, i64 1" [../pageRankReduce/pageRank.cpp:97]   --->   Operation 239 'readreq' 'gmem_CHN_1_load_req' <Predicate = true> <Delay = 2.92> <CoreInst = "m_axi">   --->   Core 119 'm_axi' <Latency = 6> <II = 1> <Delay = 1.00> <Adapter> <Opcode : 'read' 'write' 'readreq' 'writereq' 'writeresp'>

State 51 <SV = 50> <Delay = 2.92>
ST_51 : Operation 240 [22/71] (2.92ns)   --->   "%gmem_CHN_1_load_req = readreq i1 @_ssdm_op_ReadReq.m_axi.i64P1A, i64 %gmem_CHN_1_addr, i64 1" [../pageRankReduce/pageRank.cpp:97]   --->   Operation 240 'readreq' 'gmem_CHN_1_load_req' <Predicate = true> <Delay = 2.92> <CoreInst = "m_axi">   --->   Core 119 'm_axi' <Latency = 6> <II = 1> <Delay = 1.00> <Adapter> <Opcode : 'read' 'write' 'readreq' 'writereq' 'writeresp'>

State 52 <SV = 51> <Delay = 2.92>
ST_52 : Operation 241 [21/71] (2.92ns)   --->   "%gmem_CHN_1_load_req = readreq i1 @_ssdm_op_ReadReq.m_axi.i64P1A, i64 %gmem_CHN_1_addr, i64 1" [../pageRankReduce/pageRank.cpp:97]   --->   Operation 241 'readreq' 'gmem_CHN_1_load_req' <Predicate = true> <Delay = 2.92> <CoreInst = "m_axi">   --->   Core 119 'm_axi' <Latency = 6> <II = 1> <Delay = 1.00> <Adapter> <Opcode : 'read' 'write' 'readreq' 'writereq' 'writeresp'>

State 53 <SV = 52> <Delay = 2.92>
ST_53 : Operation 242 [20/71] (2.92ns)   --->   "%gmem_CHN_1_load_req = readreq i1 @_ssdm_op_ReadReq.m_axi.i64P1A, i64 %gmem_CHN_1_addr, i64 1" [../pageRankReduce/pageRank.cpp:97]   --->   Operation 242 'readreq' 'gmem_CHN_1_load_req' <Predicate = true> <Delay = 2.92> <CoreInst = "m_axi">   --->   Core 119 'm_axi' <Latency = 6> <II = 1> <Delay = 1.00> <Adapter> <Opcode : 'read' 'write' 'readreq' 'writereq' 'writeresp'>

State 54 <SV = 53> <Delay = 2.92>
ST_54 : Operation 243 [19/71] (2.92ns)   --->   "%gmem_CHN_1_load_req = readreq i1 @_ssdm_op_ReadReq.m_axi.i64P1A, i64 %gmem_CHN_1_addr, i64 1" [../pageRankReduce/pageRank.cpp:97]   --->   Operation 243 'readreq' 'gmem_CHN_1_load_req' <Predicate = true> <Delay = 2.92> <CoreInst = "m_axi">   --->   Core 119 'm_axi' <Latency = 6> <II = 1> <Delay = 1.00> <Adapter> <Opcode : 'read' 'write' 'readreq' 'writereq' 'writeresp'>

State 55 <SV = 54> <Delay = 2.92>
ST_55 : Operation 244 [18/71] (2.92ns)   --->   "%gmem_CHN_1_load_req = readreq i1 @_ssdm_op_ReadReq.m_axi.i64P1A, i64 %gmem_CHN_1_addr, i64 1" [../pageRankReduce/pageRank.cpp:97]   --->   Operation 244 'readreq' 'gmem_CHN_1_load_req' <Predicate = true> <Delay = 2.92> <CoreInst = "m_axi">   --->   Core 119 'm_axi' <Latency = 6> <II = 1> <Delay = 1.00> <Adapter> <Opcode : 'read' 'write' 'readreq' 'writereq' 'writeresp'>

State 56 <SV = 55> <Delay = 2.92>
ST_56 : Operation 245 [17/71] (2.92ns)   --->   "%gmem_CHN_1_load_req = readreq i1 @_ssdm_op_ReadReq.m_axi.i64P1A, i64 %gmem_CHN_1_addr, i64 1" [../pageRankReduce/pageRank.cpp:97]   --->   Operation 245 'readreq' 'gmem_CHN_1_load_req' <Predicate = true> <Delay = 2.92> <CoreInst = "m_axi">   --->   Core 119 'm_axi' <Latency = 6> <II = 1> <Delay = 1.00> <Adapter> <Opcode : 'read' 'write' 'readreq' 'writereq' 'writeresp'>

State 57 <SV = 56> <Delay = 2.92>
ST_57 : Operation 246 [16/71] (2.92ns)   --->   "%gmem_CHN_1_load_req = readreq i1 @_ssdm_op_ReadReq.m_axi.i64P1A, i64 %gmem_CHN_1_addr, i64 1" [../pageRankReduce/pageRank.cpp:97]   --->   Operation 246 'readreq' 'gmem_CHN_1_load_req' <Predicate = true> <Delay = 2.92> <CoreInst = "m_axi">   --->   Core 119 'm_axi' <Latency = 6> <II = 1> <Delay = 1.00> <Adapter> <Opcode : 'read' 'write' 'readreq' 'writereq' 'writeresp'>

State 58 <SV = 57> <Delay = 2.92>
ST_58 : Operation 247 [15/71] (2.92ns)   --->   "%gmem_CHN_1_load_req = readreq i1 @_ssdm_op_ReadReq.m_axi.i64P1A, i64 %gmem_CHN_1_addr, i64 1" [../pageRankReduce/pageRank.cpp:97]   --->   Operation 247 'readreq' 'gmem_CHN_1_load_req' <Predicate = true> <Delay = 2.92> <CoreInst = "m_axi">   --->   Core 119 'm_axi' <Latency = 6> <II = 1> <Delay = 1.00> <Adapter> <Opcode : 'read' 'write' 'readreq' 'writereq' 'writeresp'>

State 59 <SV = 58> <Delay = 2.92>
ST_59 : Operation 248 [14/71] (2.92ns)   --->   "%gmem_CHN_1_load_req = readreq i1 @_ssdm_op_ReadReq.m_axi.i64P1A, i64 %gmem_CHN_1_addr, i64 1" [../pageRankReduce/pageRank.cpp:97]   --->   Operation 248 'readreq' 'gmem_CHN_1_load_req' <Predicate = true> <Delay = 2.92> <CoreInst = "m_axi">   --->   Core 119 'm_axi' <Latency = 6> <II = 1> <Delay = 1.00> <Adapter> <Opcode : 'read' 'write' 'readreq' 'writereq' 'writeresp'>

State 60 <SV = 59> <Delay = 2.92>
ST_60 : Operation 249 [13/71] (2.92ns)   --->   "%gmem_CHN_1_load_req = readreq i1 @_ssdm_op_ReadReq.m_axi.i64P1A, i64 %gmem_CHN_1_addr, i64 1" [../pageRankReduce/pageRank.cpp:97]   --->   Operation 249 'readreq' 'gmem_CHN_1_load_req' <Predicate = true> <Delay = 2.92> <CoreInst = "m_axi">   --->   Core 119 'm_axi' <Latency = 6> <II = 1> <Delay = 1.00> <Adapter> <Opcode : 'read' 'write' 'readreq' 'writereq' 'writeresp'>

State 61 <SV = 60> <Delay = 2.92>
ST_61 : Operation 250 [12/71] (2.92ns)   --->   "%gmem_CHN_1_load_req = readreq i1 @_ssdm_op_ReadReq.m_axi.i64P1A, i64 %gmem_CHN_1_addr, i64 1" [../pageRankReduce/pageRank.cpp:97]   --->   Operation 250 'readreq' 'gmem_CHN_1_load_req' <Predicate = true> <Delay = 2.92> <CoreInst = "m_axi">   --->   Core 119 'm_axi' <Latency = 6> <II = 1> <Delay = 1.00> <Adapter> <Opcode : 'read' 'write' 'readreq' 'writereq' 'writeresp'>

State 62 <SV = 61> <Delay = 2.92>
ST_62 : Operation 251 [11/71] (2.92ns)   --->   "%gmem_CHN_1_load_req = readreq i1 @_ssdm_op_ReadReq.m_axi.i64P1A, i64 %gmem_CHN_1_addr, i64 1" [../pageRankReduce/pageRank.cpp:97]   --->   Operation 251 'readreq' 'gmem_CHN_1_load_req' <Predicate = true> <Delay = 2.92> <CoreInst = "m_axi">   --->   Core 119 'm_axi' <Latency = 6> <II = 1> <Delay = 1.00> <Adapter> <Opcode : 'read' 'write' 'readreq' 'writereq' 'writeresp'>

State 63 <SV = 62> <Delay = 2.92>
ST_63 : Operation 252 [10/71] (2.92ns)   --->   "%gmem_CHN_1_load_req = readreq i1 @_ssdm_op_ReadReq.m_axi.i64P1A, i64 %gmem_CHN_1_addr, i64 1" [../pageRankReduce/pageRank.cpp:97]   --->   Operation 252 'readreq' 'gmem_CHN_1_load_req' <Predicate = true> <Delay = 2.92> <CoreInst = "m_axi">   --->   Core 119 'm_axi' <Latency = 6> <II = 1> <Delay = 1.00> <Adapter> <Opcode : 'read' 'write' 'readreq' 'writereq' 'writeresp'>

State 64 <SV = 63> <Delay = 2.92>
ST_64 : Operation 253 [9/71] (2.92ns)   --->   "%gmem_CHN_1_load_req = readreq i1 @_ssdm_op_ReadReq.m_axi.i64P1A, i64 %gmem_CHN_1_addr, i64 1" [../pageRankReduce/pageRank.cpp:97]   --->   Operation 253 'readreq' 'gmem_CHN_1_load_req' <Predicate = true> <Delay = 2.92> <CoreInst = "m_axi">   --->   Core 119 'm_axi' <Latency = 6> <II = 1> <Delay = 1.00> <Adapter> <Opcode : 'read' 'write' 'readreq' 'writereq' 'writeresp'>

State 65 <SV = 64> <Delay = 2.92>
ST_65 : Operation 254 [8/71] (2.92ns)   --->   "%gmem_CHN_1_load_req = readreq i1 @_ssdm_op_ReadReq.m_axi.i64P1A, i64 %gmem_CHN_1_addr, i64 1" [../pageRankReduce/pageRank.cpp:97]   --->   Operation 254 'readreq' 'gmem_CHN_1_load_req' <Predicate = true> <Delay = 2.92> <CoreInst = "m_axi">   --->   Core 119 'm_axi' <Latency = 6> <II = 1> <Delay = 1.00> <Adapter> <Opcode : 'read' 'write' 'readreq' 'writereq' 'writeresp'>

State 66 <SV = 65> <Delay = 2.92>
ST_66 : Operation 255 [7/71] (2.92ns)   --->   "%gmem_CHN_1_load_req = readreq i1 @_ssdm_op_ReadReq.m_axi.i64P1A, i64 %gmem_CHN_1_addr, i64 1" [../pageRankReduce/pageRank.cpp:97]   --->   Operation 255 'readreq' 'gmem_CHN_1_load_req' <Predicate = true> <Delay = 2.92> <CoreInst = "m_axi">   --->   Core 119 'm_axi' <Latency = 6> <II = 1> <Delay = 1.00> <Adapter> <Opcode : 'read' 'write' 'readreq' 'writereq' 'writeresp'>

State 67 <SV = 66> <Delay = 2.92>
ST_67 : Operation 256 [6/71] (2.92ns)   --->   "%gmem_CHN_1_load_req = readreq i1 @_ssdm_op_ReadReq.m_axi.i64P1A, i64 %gmem_CHN_1_addr, i64 1" [../pageRankReduce/pageRank.cpp:97]   --->   Operation 256 'readreq' 'gmem_CHN_1_load_req' <Predicate = true> <Delay = 2.92> <CoreInst = "m_axi">   --->   Core 119 'm_axi' <Latency = 6> <II = 1> <Delay = 1.00> <Adapter> <Opcode : 'read' 'write' 'readreq' 'writereq' 'writeresp'>

State 68 <SV = 67> <Delay = 2.92>
ST_68 : Operation 257 [5/71] (2.92ns)   --->   "%gmem_CHN_1_load_req = readreq i1 @_ssdm_op_ReadReq.m_axi.i64P1A, i64 %gmem_CHN_1_addr, i64 1" [../pageRankReduce/pageRank.cpp:97]   --->   Operation 257 'readreq' 'gmem_CHN_1_load_req' <Predicate = true> <Delay = 2.92> <CoreInst = "m_axi">   --->   Core 119 'm_axi' <Latency = 6> <II = 1> <Delay = 1.00> <Adapter> <Opcode : 'read' 'write' 'readreq' 'writereq' 'writeresp'>

State 69 <SV = 68> <Delay = 2.92>
ST_69 : Operation 258 [4/71] (2.92ns)   --->   "%gmem_CHN_1_load_req = readreq i1 @_ssdm_op_ReadReq.m_axi.i64P1A, i64 %gmem_CHN_1_addr, i64 1" [../pageRankReduce/pageRank.cpp:97]   --->   Operation 258 'readreq' 'gmem_CHN_1_load_req' <Predicate = true> <Delay = 2.92> <CoreInst = "m_axi">   --->   Core 119 'm_axi' <Latency = 6> <II = 1> <Delay = 1.00> <Adapter> <Opcode : 'read' 'write' 'readreq' 'writereq' 'writeresp'>

State 70 <SV = 69> <Delay = 2.92>
ST_70 : Operation 259 [3/71] (2.92ns)   --->   "%gmem_CHN_1_load_req = readreq i1 @_ssdm_op_ReadReq.m_axi.i64P1A, i64 %gmem_CHN_1_addr, i64 1" [../pageRankReduce/pageRank.cpp:97]   --->   Operation 259 'readreq' 'gmem_CHN_1_load_req' <Predicate = true> <Delay = 2.92> <CoreInst = "m_axi">   --->   Core 119 'm_axi' <Latency = 6> <II = 1> <Delay = 1.00> <Adapter> <Opcode : 'read' 'write' 'readreq' 'writereq' 'writeresp'>

State 71 <SV = 70> <Delay = 2.92>
ST_71 : Operation 260 [2/71] (2.92ns)   --->   "%gmem_CHN_1_load_req = readreq i1 @_ssdm_op_ReadReq.m_axi.i64P1A, i64 %gmem_CHN_1_addr, i64 1" [../pageRankReduce/pageRank.cpp:97]   --->   Operation 260 'readreq' 'gmem_CHN_1_load_req' <Predicate = true> <Delay = 2.92> <CoreInst = "m_axi">   --->   Core 119 'm_axi' <Latency = 6> <II = 1> <Delay = 1.00> <Adapter> <Opcode : 'read' 'write' 'readreq' 'writereq' 'writeresp'>

State 72 <SV = 71> <Delay = 2.92>
ST_72 : Operation 261 [1/71] (2.92ns)   --->   "%gmem_CHN_1_load_req = readreq i1 @_ssdm_op_ReadReq.m_axi.i64P1A, i64 %gmem_CHN_1_addr, i64 1" [../pageRankReduce/pageRank.cpp:97]   --->   Operation 261 'readreq' 'gmem_CHN_1_load_req' <Predicate = true> <Delay = 2.92> <CoreInst = "m_axi">   --->   Core 119 'm_axi' <Latency = 6> <II = 1> <Delay = 1.00> <Adapter> <Opcode : 'read' 'write' 'readreq' 'writereq' 'writeresp'>

State 73 <SV = 72> <Delay = 2.92>
ST_73 : Operation 262 [1/1] (2.92ns)   --->   "%gmem_CHN_1_addr_read = read i64 @_ssdm_op_Read.m_axi.i64P1A, i64 %gmem_CHN_1_addr" [../pageRankReduce/pageRank.cpp:97]   --->   Operation 262 'read' 'gmem_CHN_1_addr_read' <Predicate = true> <Delay = 2.92> <CoreInst = "m_axi">   --->   Core 119 'm_axi' <Latency = 3> <II = 1> <Delay = 1.00> <Adapter> <Opcode : 'read' 'write' 'readreq' 'writereq' 'writeresp'>

State 74 <SV = 73> <Delay = 1.93>
ST_74 : Operation 263 [1/1] (0.00ns)   --->   "%shl_ln97_1 = bitconcatenate i6 @_ssdm_op_BitConcatenate.i6.i3.i3, i3 %trunc_ln97, i3 0" [../pageRankReduce/pageRank.cpp:97]   --->   Operation 263 'bitconcatenate' 'shl_ln97_1' <Predicate = true> <Delay = 0.00>
ST_74 : Operation 264 [1/1] (0.00ns)   --->   "%zext_ln97_1 = zext i6 %shl_ln97_1" [../pageRankReduce/pageRank.cpp:97]   --->   Operation 264 'zext' 'zext_ln97_1' <Predicate = true> <Delay = 0.00>
ST_74 : Operation 265 [1/1] (1.09ns)   --->   "%lshr_ln97 = lshr i64 %gmem_CHN_1_addr_read, i64 %zext_ln97_1" [../pageRankReduce/pageRank.cpp:97]   --->   Operation 265 'lshr' 'lshr_ln97' <Predicate = true> <Delay = 1.09> <CoreInst = "Shifter">   --->   Core 75 'Shifter' <Latency = 0> <II = 1> <Delay = 1.09> <FuncUnit> <Opcode : 'shl' 'lshr' 'ashr'> <InPorts = 2> <OutPorts = 1>
ST_74 : Operation 266 [1/1] (0.00ns)   --->   "%trunc_ln101 = trunc i64 %lshr_ln97" [../pageRankReduce/pageRank.cpp:101]   --->   Operation 266 'trunc' 'trunc_ln101' <Predicate = true> <Delay = 0.00>
ST_74 : Operation 267 [1/1] (0.00ns) (grouped into TernaryAdder)   --->   "%add_ln101 = add i64 %adj_list_read, i64 %mem0_read" [../pageRankReduce/pageRank.cpp:101]   --->   Operation 267 'add' 'add_ln101' <Predicate = true> <Delay = 0.00> <CoreInst = "TAddSub">   --->   Core 10 'TAddSub' <Latency = 0> <II = 1> <Delay = 0.42> <IPBlock> <Opcode : 'add' 'sub'> <InPorts = 3> <OutPorts = 1> <Sync> <CReg>
ST_74 : Operation 268 [1/1] (0.00ns)   --->   "%or_ln = bitconcatenate i32 @_ssdm_op_BitConcatenate.i32.i28.i4, i28 %trunc_ln101, i4 8" [../pageRankReduce/pageRank.cpp:101]   --->   Operation 268 'bitconcatenate' 'or_ln' <Predicate = true> <Delay = 0.00>
ST_74 : Operation 269 [1/1] (0.00ns)   --->   "%zext_ln101 = zext i32 %or_ln" [../pageRankReduce/pageRank.cpp:101]   --->   Operation 269 'zext' 'zext_ln101' <Predicate = true> <Delay = 0.00>
ST_74 : Operation 270 [1/1] (0.84ns) (root node of TernaryAdder)   --->   "%add_ln101_1 = add i64 %zext_ln101, i64 %add_ln101" [../pageRankReduce/pageRank.cpp:101]   --->   Operation 270 'add' 'add_ln101_1' <Predicate = true> <Delay = 0.84> <CoreInst = "TAddSub">   --->   Core 10 'TAddSub' <Latency = 0> <II = 1> <Delay = 0.42> <IPBlock> <Opcode : 'add' 'sub'> <InPorts = 3> <OutPorts = 1> <Sync> <CReg>
ST_74 : Operation 271 [1/1] (0.00ns)   --->   "%trunc_ln = partselect i61 @_ssdm_op_PartSelect.i61.i64.i32.i32, i64 %add_ln101_1, i32 3, i32 63" [../pageRankReduce/pageRank.cpp:101]   --->   Operation 271 'partselect' 'trunc_ln' <Predicate = true> <Delay = 0.00>
ST_74 : Operation 272 [1/1] (0.00ns)   --->   "%trunc_ln102 = trunc i64 %lshr_ln97" [../pageRankReduce/pageRank.cpp:102]   --->   Operation 272 'trunc' 'trunc_ln102' <Predicate = true> <Delay = 0.00>
ST_74 : Operation 273 [1/1] (0.00ns)   --->   "%shl_ln1 = bitconcatenate i34 @_ssdm_op_BitConcatenate.i34.i32.i2, i32 %trunc_ln102, i2 0" [../pageRankReduce/pageRank.cpp:102]   --->   Operation 273 'bitconcatenate' 'shl_ln1' <Predicate = true> <Delay = 0.00>
ST_74 : Operation 274 [1/1] (0.00ns)   --->   "%zext_ln102 = zext i34 %shl_ln1" [../pageRankReduce/pageRank.cpp:102]   --->   Operation 274 'zext' 'zext_ln102' <Predicate = true> <Delay = 0.00>
ST_74 : Operation 275 [1/1] (0.00ns) (grouped into TernaryAdder)   --->   "%add_ln102 = add i64 %zext_ln102, i64 %mem1_read" [../pageRankReduce/pageRank.cpp:102]   --->   Operation 275 'add' 'add_ln102' <Predicate = true> <Delay = 0.00> <CoreInst = "TAddSub">   --->   Core 10 'TAddSub' <Latency = 0> <II = 1> <Delay = 0.42> <IPBlock> <Opcode : 'add' 'sub'> <InPorts = 3> <OutPorts = 1> <Sync> <CReg>
ST_74 : Operation 276 [1/1] (0.84ns) (root node of TernaryAdder)   --->   "%add_ln102_1 = add i64 %add_ln102, i64 %Pcurr_read" [../pageRankReduce/pageRank.cpp:102]   --->   Operation 276 'add' 'add_ln102_1' <Predicate = true> <Delay = 0.84> <CoreInst = "TAddSub">   --->   Core 10 'TAddSub' <Latency = 0> <II = 1> <Delay = 0.42> <IPBlock> <Opcode : 'add' 'sub'> <InPorts = 3> <OutPorts = 1> <Sync> <CReg>
ST_74 : Operation 277 [1/1] (0.00ns)   --->   "%trunc_ln102_2 = partselect i61 @_ssdm_op_PartSelect.i61.i64.i32.i32, i64 %add_ln102_1, i32 3, i32 63" [../pageRankReduce/pageRank.cpp:102]   --->   Operation 277 'partselect' 'trunc_ln102_2' <Predicate = true> <Delay = 0.00>
ST_74 : Operation 278 [1/1] (0.00ns)   --->   "%trunc_ln102_1 = trunc i64 %add_ln102_1" [../pageRankReduce/pageRank.cpp:102]   --->   Operation 278 'trunc' 'trunc_ln102_1' <Predicate = true> <Delay = 0.00>

State 75 <SV = 74> <Delay = 2.92>
ST_75 : Operation 279 [1/1] (0.00ns)   --->   "%sext_ln101 = sext i61 %trunc_ln" [../pageRankReduce/pageRank.cpp:101]   --->   Operation 279 'sext' 'sext_ln101' <Predicate = true> <Delay = 0.00>
ST_75 : Operation 280 [1/1] (0.00ns)   --->   "%gmem_CHN_1_addr_1 = getelementptr i64 %gmem_CHN_1, i64 %sext_ln101" [../pageRankReduce/pageRank.cpp:101]   --->   Operation 280 'getelementptr' 'gmem_CHN_1_addr_1' <Predicate = true> <Delay = 0.00>
ST_75 : Operation 281 [71/71] (2.92ns)   --->   "%gmem_CHN_1_load_1_req = readreq i1 @_ssdm_op_ReadReq.m_axi.i64P1A, i64 %gmem_CHN_1_addr_1, i64 1" [../pageRankReduce/pageRank.cpp:101]   --->   Operation 281 'readreq' 'gmem_CHN_1_load_1_req' <Predicate = true> <Delay = 2.92> <CoreInst = "m_axi">   --->   Core 119 'm_axi' <Latency = 6> <II = 1> <Delay = 1.00> <Adapter> <Opcode : 'read' 'write' 'readreq' 'writereq' 'writeresp'>
ST_75 : Operation 282 [1/1] (0.00ns)   --->   "%sext_ln102 = sext i61 %trunc_ln102_2" [../pageRankReduce/pageRank.cpp:102]   --->   Operation 282 'sext' 'sext_ln102' <Predicate = true> <Delay = 0.00>
ST_75 : Operation 283 [1/1] (0.00ns)   --->   "%gmem_CHN_2_addr = getelementptr i64 %gmem_CHN_2, i64 %sext_ln102" [../pageRankReduce/pageRank.cpp:102]   --->   Operation 283 'getelementptr' 'gmem_CHN_2_addr' <Predicate = true> <Delay = 0.00>
ST_75 : Operation 284 [71/71] (2.92ns)   --->   "%gmem_CHN_2_load_req = readreq i1 @_ssdm_op_ReadReq.m_axi.i64P1A, i64 %gmem_CHN_2_addr, i64 1" [../pageRankReduce/pageRank.cpp:102]   --->   Operation 284 'readreq' 'gmem_CHN_2_load_req' <Predicate = true> <Delay = 2.92> <CoreInst = "m_axi">   --->   Core 119 'm_axi' <Latency = 6> <II = 1> <Delay = 1.00> <Adapter> <Opcode : 'read' 'write' 'readreq' 'writereq' 'writeresp'>

State 76 <SV = 75> <Delay = 2.92>
ST_76 : Operation 285 [70/71] (2.92ns)   --->   "%gmem_CHN_1_load_1_req = readreq i1 @_ssdm_op_ReadReq.m_axi.i64P1A, i64 %gmem_CHN_1_addr_1, i64 1" [../pageRankReduce/pageRank.cpp:101]   --->   Operation 285 'readreq' 'gmem_CHN_1_load_1_req' <Predicate = true> <Delay = 2.92> <CoreInst = "m_axi">   --->   Core 119 'm_axi' <Latency = 6> <II = 1> <Delay = 1.00> <Adapter> <Opcode : 'read' 'write' 'readreq' 'writereq' 'writeresp'>
ST_76 : Operation 286 [70/71] (2.92ns)   --->   "%gmem_CHN_2_load_req = readreq i1 @_ssdm_op_ReadReq.m_axi.i64P1A, i64 %gmem_CHN_2_addr, i64 1" [../pageRankReduce/pageRank.cpp:102]   --->   Operation 286 'readreq' 'gmem_CHN_2_load_req' <Predicate = true> <Delay = 2.92> <CoreInst = "m_axi">   --->   Core 119 'm_axi' <Latency = 6> <II = 1> <Delay = 1.00> <Adapter> <Opcode : 'read' 'write' 'readreq' 'writereq' 'writeresp'>

State 77 <SV = 76> <Delay = 2.92>
ST_77 : Operation 287 [69/71] (2.92ns)   --->   "%gmem_CHN_1_load_1_req = readreq i1 @_ssdm_op_ReadReq.m_axi.i64P1A, i64 %gmem_CHN_1_addr_1, i64 1" [../pageRankReduce/pageRank.cpp:101]   --->   Operation 287 'readreq' 'gmem_CHN_1_load_1_req' <Predicate = true> <Delay = 2.92> <CoreInst = "m_axi">   --->   Core 119 'm_axi' <Latency = 6> <II = 1> <Delay = 1.00> <Adapter> <Opcode : 'read' 'write' 'readreq' 'writereq' 'writeresp'>
ST_77 : Operation 288 [69/71] (2.92ns)   --->   "%gmem_CHN_2_load_req = readreq i1 @_ssdm_op_ReadReq.m_axi.i64P1A, i64 %gmem_CHN_2_addr, i64 1" [../pageRankReduce/pageRank.cpp:102]   --->   Operation 288 'readreq' 'gmem_CHN_2_load_req' <Predicate = true> <Delay = 2.92> <CoreInst = "m_axi">   --->   Core 119 'm_axi' <Latency = 6> <II = 1> <Delay = 1.00> <Adapter> <Opcode : 'read' 'write' 'readreq' 'writereq' 'writeresp'>

State 78 <SV = 77> <Delay = 2.92>
ST_78 : Operation 289 [68/71] (2.92ns)   --->   "%gmem_CHN_1_load_1_req = readreq i1 @_ssdm_op_ReadReq.m_axi.i64P1A, i64 %gmem_CHN_1_addr_1, i64 1" [../pageRankReduce/pageRank.cpp:101]   --->   Operation 289 'readreq' 'gmem_CHN_1_load_1_req' <Predicate = true> <Delay = 2.92> <CoreInst = "m_axi">   --->   Core 119 'm_axi' <Latency = 6> <II = 1> <Delay = 1.00> <Adapter> <Opcode : 'read' 'write' 'readreq' 'writereq' 'writeresp'>
ST_78 : Operation 290 [68/71] (2.92ns)   --->   "%gmem_CHN_2_load_req = readreq i1 @_ssdm_op_ReadReq.m_axi.i64P1A, i64 %gmem_CHN_2_addr, i64 1" [../pageRankReduce/pageRank.cpp:102]   --->   Operation 290 'readreq' 'gmem_CHN_2_load_req' <Predicate = true> <Delay = 2.92> <CoreInst = "m_axi">   --->   Core 119 'm_axi' <Latency = 6> <II = 1> <Delay = 1.00> <Adapter> <Opcode : 'read' 'write' 'readreq' 'writereq' 'writeresp'>

State 79 <SV = 78> <Delay = 2.92>
ST_79 : Operation 291 [67/71] (2.92ns)   --->   "%gmem_CHN_1_load_1_req = readreq i1 @_ssdm_op_ReadReq.m_axi.i64P1A, i64 %gmem_CHN_1_addr_1, i64 1" [../pageRankReduce/pageRank.cpp:101]   --->   Operation 291 'readreq' 'gmem_CHN_1_load_1_req' <Predicate = true> <Delay = 2.92> <CoreInst = "m_axi">   --->   Core 119 'm_axi' <Latency = 6> <II = 1> <Delay = 1.00> <Adapter> <Opcode : 'read' 'write' 'readreq' 'writereq' 'writeresp'>
ST_79 : Operation 292 [67/71] (2.92ns)   --->   "%gmem_CHN_2_load_req = readreq i1 @_ssdm_op_ReadReq.m_axi.i64P1A, i64 %gmem_CHN_2_addr, i64 1" [../pageRankReduce/pageRank.cpp:102]   --->   Operation 292 'readreq' 'gmem_CHN_2_load_req' <Predicate = true> <Delay = 2.92> <CoreInst = "m_axi">   --->   Core 119 'm_axi' <Latency = 6> <II = 1> <Delay = 1.00> <Adapter> <Opcode : 'read' 'write' 'readreq' 'writereq' 'writeresp'>

State 80 <SV = 79> <Delay = 2.92>
ST_80 : Operation 293 [66/71] (2.92ns)   --->   "%gmem_CHN_1_load_1_req = readreq i1 @_ssdm_op_ReadReq.m_axi.i64P1A, i64 %gmem_CHN_1_addr_1, i64 1" [../pageRankReduce/pageRank.cpp:101]   --->   Operation 293 'readreq' 'gmem_CHN_1_load_1_req' <Predicate = true> <Delay = 2.92> <CoreInst = "m_axi">   --->   Core 119 'm_axi' <Latency = 6> <II = 1> <Delay = 1.00> <Adapter> <Opcode : 'read' 'write' 'readreq' 'writereq' 'writeresp'>
ST_80 : Operation 294 [66/71] (2.92ns)   --->   "%gmem_CHN_2_load_req = readreq i1 @_ssdm_op_ReadReq.m_axi.i64P1A, i64 %gmem_CHN_2_addr, i64 1" [../pageRankReduce/pageRank.cpp:102]   --->   Operation 294 'readreq' 'gmem_CHN_2_load_req' <Predicate = true> <Delay = 2.92> <CoreInst = "m_axi">   --->   Core 119 'm_axi' <Latency = 6> <II = 1> <Delay = 1.00> <Adapter> <Opcode : 'read' 'write' 'readreq' 'writereq' 'writeresp'>

State 81 <SV = 80> <Delay = 2.92>
ST_81 : Operation 295 [65/71] (2.92ns)   --->   "%gmem_CHN_1_load_1_req = readreq i1 @_ssdm_op_ReadReq.m_axi.i64P1A, i64 %gmem_CHN_1_addr_1, i64 1" [../pageRankReduce/pageRank.cpp:101]   --->   Operation 295 'readreq' 'gmem_CHN_1_load_1_req' <Predicate = true> <Delay = 2.92> <CoreInst = "m_axi">   --->   Core 119 'm_axi' <Latency = 6> <II = 1> <Delay = 1.00> <Adapter> <Opcode : 'read' 'write' 'readreq' 'writereq' 'writeresp'>
ST_81 : Operation 296 [65/71] (2.92ns)   --->   "%gmem_CHN_2_load_req = readreq i1 @_ssdm_op_ReadReq.m_axi.i64P1A, i64 %gmem_CHN_2_addr, i64 1" [../pageRankReduce/pageRank.cpp:102]   --->   Operation 296 'readreq' 'gmem_CHN_2_load_req' <Predicate = true> <Delay = 2.92> <CoreInst = "m_axi">   --->   Core 119 'm_axi' <Latency = 6> <II = 1> <Delay = 1.00> <Adapter> <Opcode : 'read' 'write' 'readreq' 'writereq' 'writeresp'>

State 82 <SV = 81> <Delay = 2.92>
ST_82 : Operation 297 [64/71] (2.92ns)   --->   "%gmem_CHN_1_load_1_req = readreq i1 @_ssdm_op_ReadReq.m_axi.i64P1A, i64 %gmem_CHN_1_addr_1, i64 1" [../pageRankReduce/pageRank.cpp:101]   --->   Operation 297 'readreq' 'gmem_CHN_1_load_1_req' <Predicate = true> <Delay = 2.92> <CoreInst = "m_axi">   --->   Core 119 'm_axi' <Latency = 6> <II = 1> <Delay = 1.00> <Adapter> <Opcode : 'read' 'write' 'readreq' 'writereq' 'writeresp'>
ST_82 : Operation 298 [64/71] (2.92ns)   --->   "%gmem_CHN_2_load_req = readreq i1 @_ssdm_op_ReadReq.m_axi.i64P1A, i64 %gmem_CHN_2_addr, i64 1" [../pageRankReduce/pageRank.cpp:102]   --->   Operation 298 'readreq' 'gmem_CHN_2_load_req' <Predicate = true> <Delay = 2.92> <CoreInst = "m_axi">   --->   Core 119 'm_axi' <Latency = 6> <II = 1> <Delay = 1.00> <Adapter> <Opcode : 'read' 'write' 'readreq' 'writereq' 'writeresp'>

State 83 <SV = 82> <Delay = 2.92>
ST_83 : Operation 299 [63/71] (2.92ns)   --->   "%gmem_CHN_1_load_1_req = readreq i1 @_ssdm_op_ReadReq.m_axi.i64P1A, i64 %gmem_CHN_1_addr_1, i64 1" [../pageRankReduce/pageRank.cpp:101]   --->   Operation 299 'readreq' 'gmem_CHN_1_load_1_req' <Predicate = true> <Delay = 2.92> <CoreInst = "m_axi">   --->   Core 119 'm_axi' <Latency = 6> <II = 1> <Delay = 1.00> <Adapter> <Opcode : 'read' 'write' 'readreq' 'writereq' 'writeresp'>
ST_83 : Operation 300 [63/71] (2.92ns)   --->   "%gmem_CHN_2_load_req = readreq i1 @_ssdm_op_ReadReq.m_axi.i64P1A, i64 %gmem_CHN_2_addr, i64 1" [../pageRankReduce/pageRank.cpp:102]   --->   Operation 300 'readreq' 'gmem_CHN_2_load_req' <Predicate = true> <Delay = 2.92> <CoreInst = "m_axi">   --->   Core 119 'm_axi' <Latency = 6> <II = 1> <Delay = 1.00> <Adapter> <Opcode : 'read' 'write' 'readreq' 'writereq' 'writeresp'>

State 84 <SV = 83> <Delay = 2.92>
ST_84 : Operation 301 [62/71] (2.92ns)   --->   "%gmem_CHN_1_load_1_req = readreq i1 @_ssdm_op_ReadReq.m_axi.i64P1A, i64 %gmem_CHN_1_addr_1, i64 1" [../pageRankReduce/pageRank.cpp:101]   --->   Operation 301 'readreq' 'gmem_CHN_1_load_1_req' <Predicate = true> <Delay = 2.92> <CoreInst = "m_axi">   --->   Core 119 'm_axi' <Latency = 6> <II = 1> <Delay = 1.00> <Adapter> <Opcode : 'read' 'write' 'readreq' 'writereq' 'writeresp'>
ST_84 : Operation 302 [62/71] (2.92ns)   --->   "%gmem_CHN_2_load_req = readreq i1 @_ssdm_op_ReadReq.m_axi.i64P1A, i64 %gmem_CHN_2_addr, i64 1" [../pageRankReduce/pageRank.cpp:102]   --->   Operation 302 'readreq' 'gmem_CHN_2_load_req' <Predicate = true> <Delay = 2.92> <CoreInst = "m_axi">   --->   Core 119 'm_axi' <Latency = 6> <II = 1> <Delay = 1.00> <Adapter> <Opcode : 'read' 'write' 'readreq' 'writereq' 'writeresp'>

State 85 <SV = 84> <Delay = 2.92>
ST_85 : Operation 303 [61/71] (2.92ns)   --->   "%gmem_CHN_1_load_1_req = readreq i1 @_ssdm_op_ReadReq.m_axi.i64P1A, i64 %gmem_CHN_1_addr_1, i64 1" [../pageRankReduce/pageRank.cpp:101]   --->   Operation 303 'readreq' 'gmem_CHN_1_load_1_req' <Predicate = true> <Delay = 2.92> <CoreInst = "m_axi">   --->   Core 119 'm_axi' <Latency = 6> <II = 1> <Delay = 1.00> <Adapter> <Opcode : 'read' 'write' 'readreq' 'writereq' 'writeresp'>
ST_85 : Operation 304 [61/71] (2.92ns)   --->   "%gmem_CHN_2_load_req = readreq i1 @_ssdm_op_ReadReq.m_axi.i64P1A, i64 %gmem_CHN_2_addr, i64 1" [../pageRankReduce/pageRank.cpp:102]   --->   Operation 304 'readreq' 'gmem_CHN_2_load_req' <Predicate = true> <Delay = 2.92> <CoreInst = "m_axi">   --->   Core 119 'm_axi' <Latency = 6> <II = 1> <Delay = 1.00> <Adapter> <Opcode : 'read' 'write' 'readreq' 'writereq' 'writeresp'>

State 86 <SV = 85> <Delay = 2.92>
ST_86 : Operation 305 [60/71] (2.92ns)   --->   "%gmem_CHN_1_load_1_req = readreq i1 @_ssdm_op_ReadReq.m_axi.i64P1A, i64 %gmem_CHN_1_addr_1, i64 1" [../pageRankReduce/pageRank.cpp:101]   --->   Operation 305 'readreq' 'gmem_CHN_1_load_1_req' <Predicate = true> <Delay = 2.92> <CoreInst = "m_axi">   --->   Core 119 'm_axi' <Latency = 6> <II = 1> <Delay = 1.00> <Adapter> <Opcode : 'read' 'write' 'readreq' 'writereq' 'writeresp'>
ST_86 : Operation 306 [60/71] (2.92ns)   --->   "%gmem_CHN_2_load_req = readreq i1 @_ssdm_op_ReadReq.m_axi.i64P1A, i64 %gmem_CHN_2_addr, i64 1" [../pageRankReduce/pageRank.cpp:102]   --->   Operation 306 'readreq' 'gmem_CHN_2_load_req' <Predicate = true> <Delay = 2.92> <CoreInst = "m_axi">   --->   Core 119 'm_axi' <Latency = 6> <II = 1> <Delay = 1.00> <Adapter> <Opcode : 'read' 'write' 'readreq' 'writereq' 'writeresp'>

State 87 <SV = 86> <Delay = 2.92>
ST_87 : Operation 307 [59/71] (2.92ns)   --->   "%gmem_CHN_1_load_1_req = readreq i1 @_ssdm_op_ReadReq.m_axi.i64P1A, i64 %gmem_CHN_1_addr_1, i64 1" [../pageRankReduce/pageRank.cpp:101]   --->   Operation 307 'readreq' 'gmem_CHN_1_load_1_req' <Predicate = true> <Delay = 2.92> <CoreInst = "m_axi">   --->   Core 119 'm_axi' <Latency = 6> <II = 1> <Delay = 1.00> <Adapter> <Opcode : 'read' 'write' 'readreq' 'writereq' 'writeresp'>
ST_87 : Operation 308 [59/71] (2.92ns)   --->   "%gmem_CHN_2_load_req = readreq i1 @_ssdm_op_ReadReq.m_axi.i64P1A, i64 %gmem_CHN_2_addr, i64 1" [../pageRankReduce/pageRank.cpp:102]   --->   Operation 308 'readreq' 'gmem_CHN_2_load_req' <Predicate = true> <Delay = 2.92> <CoreInst = "m_axi">   --->   Core 119 'm_axi' <Latency = 6> <II = 1> <Delay = 1.00> <Adapter> <Opcode : 'read' 'write' 'readreq' 'writereq' 'writeresp'>

State 88 <SV = 87> <Delay = 2.92>
ST_88 : Operation 309 [58/71] (2.92ns)   --->   "%gmem_CHN_1_load_1_req = readreq i1 @_ssdm_op_ReadReq.m_axi.i64P1A, i64 %gmem_CHN_1_addr_1, i64 1" [../pageRankReduce/pageRank.cpp:101]   --->   Operation 309 'readreq' 'gmem_CHN_1_load_1_req' <Predicate = true> <Delay = 2.92> <CoreInst = "m_axi">   --->   Core 119 'm_axi' <Latency = 6> <II = 1> <Delay = 1.00> <Adapter> <Opcode : 'read' 'write' 'readreq' 'writereq' 'writeresp'>
ST_88 : Operation 310 [58/71] (2.92ns)   --->   "%gmem_CHN_2_load_req = readreq i1 @_ssdm_op_ReadReq.m_axi.i64P1A, i64 %gmem_CHN_2_addr, i64 1" [../pageRankReduce/pageRank.cpp:102]   --->   Operation 310 'readreq' 'gmem_CHN_2_load_req' <Predicate = true> <Delay = 2.92> <CoreInst = "m_axi">   --->   Core 119 'm_axi' <Latency = 6> <II = 1> <Delay = 1.00> <Adapter> <Opcode : 'read' 'write' 'readreq' 'writereq' 'writeresp'>

State 89 <SV = 88> <Delay = 2.92>
ST_89 : Operation 311 [57/71] (2.92ns)   --->   "%gmem_CHN_1_load_1_req = readreq i1 @_ssdm_op_ReadReq.m_axi.i64P1A, i64 %gmem_CHN_1_addr_1, i64 1" [../pageRankReduce/pageRank.cpp:101]   --->   Operation 311 'readreq' 'gmem_CHN_1_load_1_req' <Predicate = true> <Delay = 2.92> <CoreInst = "m_axi">   --->   Core 119 'm_axi' <Latency = 6> <II = 1> <Delay = 1.00> <Adapter> <Opcode : 'read' 'write' 'readreq' 'writereq' 'writeresp'>
ST_89 : Operation 312 [57/71] (2.92ns)   --->   "%gmem_CHN_2_load_req = readreq i1 @_ssdm_op_ReadReq.m_axi.i64P1A, i64 %gmem_CHN_2_addr, i64 1" [../pageRankReduce/pageRank.cpp:102]   --->   Operation 312 'readreq' 'gmem_CHN_2_load_req' <Predicate = true> <Delay = 2.92> <CoreInst = "m_axi">   --->   Core 119 'm_axi' <Latency = 6> <II = 1> <Delay = 1.00> <Adapter> <Opcode : 'read' 'write' 'readreq' 'writereq' 'writeresp'>

State 90 <SV = 89> <Delay = 2.92>
ST_90 : Operation 313 [56/71] (2.92ns)   --->   "%gmem_CHN_1_load_1_req = readreq i1 @_ssdm_op_ReadReq.m_axi.i64P1A, i64 %gmem_CHN_1_addr_1, i64 1" [../pageRankReduce/pageRank.cpp:101]   --->   Operation 313 'readreq' 'gmem_CHN_1_load_1_req' <Predicate = true> <Delay = 2.92> <CoreInst = "m_axi">   --->   Core 119 'm_axi' <Latency = 6> <II = 1> <Delay = 1.00> <Adapter> <Opcode : 'read' 'write' 'readreq' 'writereq' 'writeresp'>
ST_90 : Operation 314 [56/71] (2.92ns)   --->   "%gmem_CHN_2_load_req = readreq i1 @_ssdm_op_ReadReq.m_axi.i64P1A, i64 %gmem_CHN_2_addr, i64 1" [../pageRankReduce/pageRank.cpp:102]   --->   Operation 314 'readreq' 'gmem_CHN_2_load_req' <Predicate = true> <Delay = 2.92> <CoreInst = "m_axi">   --->   Core 119 'm_axi' <Latency = 6> <II = 1> <Delay = 1.00> <Adapter> <Opcode : 'read' 'write' 'readreq' 'writereq' 'writeresp'>

State 91 <SV = 90> <Delay = 2.92>
ST_91 : Operation 315 [55/71] (2.92ns)   --->   "%gmem_CHN_1_load_1_req = readreq i1 @_ssdm_op_ReadReq.m_axi.i64P1A, i64 %gmem_CHN_1_addr_1, i64 1" [../pageRankReduce/pageRank.cpp:101]   --->   Operation 315 'readreq' 'gmem_CHN_1_load_1_req' <Predicate = true> <Delay = 2.92> <CoreInst = "m_axi">   --->   Core 119 'm_axi' <Latency = 6> <II = 1> <Delay = 1.00> <Adapter> <Opcode : 'read' 'write' 'readreq' 'writereq' 'writeresp'>
ST_91 : Operation 316 [55/71] (2.92ns)   --->   "%gmem_CHN_2_load_req = readreq i1 @_ssdm_op_ReadReq.m_axi.i64P1A, i64 %gmem_CHN_2_addr, i64 1" [../pageRankReduce/pageRank.cpp:102]   --->   Operation 316 'readreq' 'gmem_CHN_2_load_req' <Predicate = true> <Delay = 2.92> <CoreInst = "m_axi">   --->   Core 119 'm_axi' <Latency = 6> <II = 1> <Delay = 1.00> <Adapter> <Opcode : 'read' 'write' 'readreq' 'writereq' 'writeresp'>

State 92 <SV = 91> <Delay = 2.92>
ST_92 : Operation 317 [54/71] (2.92ns)   --->   "%gmem_CHN_1_load_1_req = readreq i1 @_ssdm_op_ReadReq.m_axi.i64P1A, i64 %gmem_CHN_1_addr_1, i64 1" [../pageRankReduce/pageRank.cpp:101]   --->   Operation 317 'readreq' 'gmem_CHN_1_load_1_req' <Predicate = true> <Delay = 2.92> <CoreInst = "m_axi">   --->   Core 119 'm_axi' <Latency = 6> <II = 1> <Delay = 1.00> <Adapter> <Opcode : 'read' 'write' 'readreq' 'writereq' 'writeresp'>
ST_92 : Operation 318 [54/71] (2.92ns)   --->   "%gmem_CHN_2_load_req = readreq i1 @_ssdm_op_ReadReq.m_axi.i64P1A, i64 %gmem_CHN_2_addr, i64 1" [../pageRankReduce/pageRank.cpp:102]   --->   Operation 318 'readreq' 'gmem_CHN_2_load_req' <Predicate = true> <Delay = 2.92> <CoreInst = "m_axi">   --->   Core 119 'm_axi' <Latency = 6> <II = 1> <Delay = 1.00> <Adapter> <Opcode : 'read' 'write' 'readreq' 'writereq' 'writeresp'>

State 93 <SV = 92> <Delay = 2.92>
ST_93 : Operation 319 [53/71] (2.92ns)   --->   "%gmem_CHN_1_load_1_req = readreq i1 @_ssdm_op_ReadReq.m_axi.i64P1A, i64 %gmem_CHN_1_addr_1, i64 1" [../pageRankReduce/pageRank.cpp:101]   --->   Operation 319 'readreq' 'gmem_CHN_1_load_1_req' <Predicate = true> <Delay = 2.92> <CoreInst = "m_axi">   --->   Core 119 'm_axi' <Latency = 6> <II = 1> <Delay = 1.00> <Adapter> <Opcode : 'read' 'write' 'readreq' 'writereq' 'writeresp'>
ST_93 : Operation 320 [53/71] (2.92ns)   --->   "%gmem_CHN_2_load_req = readreq i1 @_ssdm_op_ReadReq.m_axi.i64P1A, i64 %gmem_CHN_2_addr, i64 1" [../pageRankReduce/pageRank.cpp:102]   --->   Operation 320 'readreq' 'gmem_CHN_2_load_req' <Predicate = true> <Delay = 2.92> <CoreInst = "m_axi">   --->   Core 119 'm_axi' <Latency = 6> <II = 1> <Delay = 1.00> <Adapter> <Opcode : 'read' 'write' 'readreq' 'writereq' 'writeresp'>

State 94 <SV = 93> <Delay = 2.92>
ST_94 : Operation 321 [52/71] (2.92ns)   --->   "%gmem_CHN_1_load_1_req = readreq i1 @_ssdm_op_ReadReq.m_axi.i64P1A, i64 %gmem_CHN_1_addr_1, i64 1" [../pageRankReduce/pageRank.cpp:101]   --->   Operation 321 'readreq' 'gmem_CHN_1_load_1_req' <Predicate = true> <Delay = 2.92> <CoreInst = "m_axi">   --->   Core 119 'm_axi' <Latency = 6> <II = 1> <Delay = 1.00> <Adapter> <Opcode : 'read' 'write' 'readreq' 'writereq' 'writeresp'>
ST_94 : Operation 322 [52/71] (2.92ns)   --->   "%gmem_CHN_2_load_req = readreq i1 @_ssdm_op_ReadReq.m_axi.i64P1A, i64 %gmem_CHN_2_addr, i64 1" [../pageRankReduce/pageRank.cpp:102]   --->   Operation 322 'readreq' 'gmem_CHN_2_load_req' <Predicate = true> <Delay = 2.92> <CoreInst = "m_axi">   --->   Core 119 'm_axi' <Latency = 6> <II = 1> <Delay = 1.00> <Adapter> <Opcode : 'read' 'write' 'readreq' 'writereq' 'writeresp'>

State 95 <SV = 94> <Delay = 2.92>
ST_95 : Operation 323 [51/71] (2.92ns)   --->   "%gmem_CHN_1_load_1_req = readreq i1 @_ssdm_op_ReadReq.m_axi.i64P1A, i64 %gmem_CHN_1_addr_1, i64 1" [../pageRankReduce/pageRank.cpp:101]   --->   Operation 323 'readreq' 'gmem_CHN_1_load_1_req' <Predicate = true> <Delay = 2.92> <CoreInst = "m_axi">   --->   Core 119 'm_axi' <Latency = 6> <II = 1> <Delay = 1.00> <Adapter> <Opcode : 'read' 'write' 'readreq' 'writereq' 'writeresp'>
ST_95 : Operation 324 [51/71] (2.92ns)   --->   "%gmem_CHN_2_load_req = readreq i1 @_ssdm_op_ReadReq.m_axi.i64P1A, i64 %gmem_CHN_2_addr, i64 1" [../pageRankReduce/pageRank.cpp:102]   --->   Operation 324 'readreq' 'gmem_CHN_2_load_req' <Predicate = true> <Delay = 2.92> <CoreInst = "m_axi">   --->   Core 119 'm_axi' <Latency = 6> <II = 1> <Delay = 1.00> <Adapter> <Opcode : 'read' 'write' 'readreq' 'writereq' 'writeresp'>

State 96 <SV = 95> <Delay = 2.92>
ST_96 : Operation 325 [50/71] (2.92ns)   --->   "%gmem_CHN_1_load_1_req = readreq i1 @_ssdm_op_ReadReq.m_axi.i64P1A, i64 %gmem_CHN_1_addr_1, i64 1" [../pageRankReduce/pageRank.cpp:101]   --->   Operation 325 'readreq' 'gmem_CHN_1_load_1_req' <Predicate = true> <Delay = 2.92> <CoreInst = "m_axi">   --->   Core 119 'm_axi' <Latency = 6> <II = 1> <Delay = 1.00> <Adapter> <Opcode : 'read' 'write' 'readreq' 'writereq' 'writeresp'>
ST_96 : Operation 326 [50/71] (2.92ns)   --->   "%gmem_CHN_2_load_req = readreq i1 @_ssdm_op_ReadReq.m_axi.i64P1A, i64 %gmem_CHN_2_addr, i64 1" [../pageRankReduce/pageRank.cpp:102]   --->   Operation 326 'readreq' 'gmem_CHN_2_load_req' <Predicate = true> <Delay = 2.92> <CoreInst = "m_axi">   --->   Core 119 'm_axi' <Latency = 6> <II = 1> <Delay = 1.00> <Adapter> <Opcode : 'read' 'write' 'readreq' 'writereq' 'writeresp'>

State 97 <SV = 96> <Delay = 2.92>
ST_97 : Operation 327 [49/71] (2.92ns)   --->   "%gmem_CHN_1_load_1_req = readreq i1 @_ssdm_op_ReadReq.m_axi.i64P1A, i64 %gmem_CHN_1_addr_1, i64 1" [../pageRankReduce/pageRank.cpp:101]   --->   Operation 327 'readreq' 'gmem_CHN_1_load_1_req' <Predicate = true> <Delay = 2.92> <CoreInst = "m_axi">   --->   Core 119 'm_axi' <Latency = 6> <II = 1> <Delay = 1.00> <Adapter> <Opcode : 'read' 'write' 'readreq' 'writereq' 'writeresp'>
ST_97 : Operation 328 [49/71] (2.92ns)   --->   "%gmem_CHN_2_load_req = readreq i1 @_ssdm_op_ReadReq.m_axi.i64P1A, i64 %gmem_CHN_2_addr, i64 1" [../pageRankReduce/pageRank.cpp:102]   --->   Operation 328 'readreq' 'gmem_CHN_2_load_req' <Predicate = true> <Delay = 2.92> <CoreInst = "m_axi">   --->   Core 119 'm_axi' <Latency = 6> <II = 1> <Delay = 1.00> <Adapter> <Opcode : 'read' 'write' 'readreq' 'writereq' 'writeresp'>

State 98 <SV = 97> <Delay = 2.92>
ST_98 : Operation 329 [48/71] (2.92ns)   --->   "%gmem_CHN_1_load_1_req = readreq i1 @_ssdm_op_ReadReq.m_axi.i64P1A, i64 %gmem_CHN_1_addr_1, i64 1" [../pageRankReduce/pageRank.cpp:101]   --->   Operation 329 'readreq' 'gmem_CHN_1_load_1_req' <Predicate = true> <Delay = 2.92> <CoreInst = "m_axi">   --->   Core 119 'm_axi' <Latency = 6> <II = 1> <Delay = 1.00> <Adapter> <Opcode : 'read' 'write' 'readreq' 'writereq' 'writeresp'>
ST_98 : Operation 330 [48/71] (2.92ns)   --->   "%gmem_CHN_2_load_req = readreq i1 @_ssdm_op_ReadReq.m_axi.i64P1A, i64 %gmem_CHN_2_addr, i64 1" [../pageRankReduce/pageRank.cpp:102]   --->   Operation 330 'readreq' 'gmem_CHN_2_load_req' <Predicate = true> <Delay = 2.92> <CoreInst = "m_axi">   --->   Core 119 'm_axi' <Latency = 6> <II = 1> <Delay = 1.00> <Adapter> <Opcode : 'read' 'write' 'readreq' 'writereq' 'writeresp'>

State 99 <SV = 98> <Delay = 2.92>
ST_99 : Operation 331 [47/71] (2.92ns)   --->   "%gmem_CHN_1_load_1_req = readreq i1 @_ssdm_op_ReadReq.m_axi.i64P1A, i64 %gmem_CHN_1_addr_1, i64 1" [../pageRankReduce/pageRank.cpp:101]   --->   Operation 331 'readreq' 'gmem_CHN_1_load_1_req' <Predicate = true> <Delay = 2.92> <CoreInst = "m_axi">   --->   Core 119 'm_axi' <Latency = 6> <II = 1> <Delay = 1.00> <Adapter> <Opcode : 'read' 'write' 'readreq' 'writereq' 'writeresp'>
ST_99 : Operation 332 [47/71] (2.92ns)   --->   "%gmem_CHN_2_load_req = readreq i1 @_ssdm_op_ReadReq.m_axi.i64P1A, i64 %gmem_CHN_2_addr, i64 1" [../pageRankReduce/pageRank.cpp:102]   --->   Operation 332 'readreq' 'gmem_CHN_2_load_req' <Predicate = true> <Delay = 2.92> <CoreInst = "m_axi">   --->   Core 119 'm_axi' <Latency = 6> <II = 1> <Delay = 1.00> <Adapter> <Opcode : 'read' 'write' 'readreq' 'writereq' 'writeresp'>

State 100 <SV = 99> <Delay = 2.92>
ST_100 : Operation 333 [46/71] (2.92ns)   --->   "%gmem_CHN_1_load_1_req = readreq i1 @_ssdm_op_ReadReq.m_axi.i64P1A, i64 %gmem_CHN_1_addr_1, i64 1" [../pageRankReduce/pageRank.cpp:101]   --->   Operation 333 'readreq' 'gmem_CHN_1_load_1_req' <Predicate = true> <Delay = 2.92> <CoreInst = "m_axi">   --->   Core 119 'm_axi' <Latency = 6> <II = 1> <Delay = 1.00> <Adapter> <Opcode : 'read' 'write' 'readreq' 'writereq' 'writeresp'>
ST_100 : Operation 334 [46/71] (2.92ns)   --->   "%gmem_CHN_2_load_req = readreq i1 @_ssdm_op_ReadReq.m_axi.i64P1A, i64 %gmem_CHN_2_addr, i64 1" [../pageRankReduce/pageRank.cpp:102]   --->   Operation 334 'readreq' 'gmem_CHN_2_load_req' <Predicate = true> <Delay = 2.92> <CoreInst = "m_axi">   --->   Core 119 'm_axi' <Latency = 6> <II = 1> <Delay = 1.00> <Adapter> <Opcode : 'read' 'write' 'readreq' 'writereq' 'writeresp'>

State 101 <SV = 100> <Delay = 2.92>
ST_101 : Operation 335 [45/71] (2.92ns)   --->   "%gmem_CHN_1_load_1_req = readreq i1 @_ssdm_op_ReadReq.m_axi.i64P1A, i64 %gmem_CHN_1_addr_1, i64 1" [../pageRankReduce/pageRank.cpp:101]   --->   Operation 335 'readreq' 'gmem_CHN_1_load_1_req' <Predicate = true> <Delay = 2.92> <CoreInst = "m_axi">   --->   Core 119 'm_axi' <Latency = 6> <II = 1> <Delay = 1.00> <Adapter> <Opcode : 'read' 'write' 'readreq' 'writereq' 'writeresp'>
ST_101 : Operation 336 [45/71] (2.92ns)   --->   "%gmem_CHN_2_load_req = readreq i1 @_ssdm_op_ReadReq.m_axi.i64P1A, i64 %gmem_CHN_2_addr, i64 1" [../pageRankReduce/pageRank.cpp:102]   --->   Operation 336 'readreq' 'gmem_CHN_2_load_req' <Predicate = true> <Delay = 2.92> <CoreInst = "m_axi">   --->   Core 119 'm_axi' <Latency = 6> <II = 1> <Delay = 1.00> <Adapter> <Opcode : 'read' 'write' 'readreq' 'writereq' 'writeresp'>

State 102 <SV = 101> <Delay = 2.92>
ST_102 : Operation 337 [44/71] (2.92ns)   --->   "%gmem_CHN_1_load_1_req = readreq i1 @_ssdm_op_ReadReq.m_axi.i64P1A, i64 %gmem_CHN_1_addr_1, i64 1" [../pageRankReduce/pageRank.cpp:101]   --->   Operation 337 'readreq' 'gmem_CHN_1_load_1_req' <Predicate = true> <Delay = 2.92> <CoreInst = "m_axi">   --->   Core 119 'm_axi' <Latency = 6> <II = 1> <Delay = 1.00> <Adapter> <Opcode : 'read' 'write' 'readreq' 'writereq' 'writeresp'>
ST_102 : Operation 338 [44/71] (2.92ns)   --->   "%gmem_CHN_2_load_req = readreq i1 @_ssdm_op_ReadReq.m_axi.i64P1A, i64 %gmem_CHN_2_addr, i64 1" [../pageRankReduce/pageRank.cpp:102]   --->   Operation 338 'readreq' 'gmem_CHN_2_load_req' <Predicate = true> <Delay = 2.92> <CoreInst = "m_axi">   --->   Core 119 'm_axi' <Latency = 6> <II = 1> <Delay = 1.00> <Adapter> <Opcode : 'read' 'write' 'readreq' 'writereq' 'writeresp'>

State 103 <SV = 102> <Delay = 2.92>
ST_103 : Operation 339 [43/71] (2.92ns)   --->   "%gmem_CHN_1_load_1_req = readreq i1 @_ssdm_op_ReadReq.m_axi.i64P1A, i64 %gmem_CHN_1_addr_1, i64 1" [../pageRankReduce/pageRank.cpp:101]   --->   Operation 339 'readreq' 'gmem_CHN_1_load_1_req' <Predicate = true> <Delay = 2.92> <CoreInst = "m_axi">   --->   Core 119 'm_axi' <Latency = 6> <II = 1> <Delay = 1.00> <Adapter> <Opcode : 'read' 'write' 'readreq' 'writereq' 'writeresp'>
ST_103 : Operation 340 [43/71] (2.92ns)   --->   "%gmem_CHN_2_load_req = readreq i1 @_ssdm_op_ReadReq.m_axi.i64P1A, i64 %gmem_CHN_2_addr, i64 1" [../pageRankReduce/pageRank.cpp:102]   --->   Operation 340 'readreq' 'gmem_CHN_2_load_req' <Predicate = true> <Delay = 2.92> <CoreInst = "m_axi">   --->   Core 119 'm_axi' <Latency = 6> <II = 1> <Delay = 1.00> <Adapter> <Opcode : 'read' 'write' 'readreq' 'writereq' 'writeresp'>

State 104 <SV = 103> <Delay = 2.92>
ST_104 : Operation 341 [42/71] (2.92ns)   --->   "%gmem_CHN_1_load_1_req = readreq i1 @_ssdm_op_ReadReq.m_axi.i64P1A, i64 %gmem_CHN_1_addr_1, i64 1" [../pageRankReduce/pageRank.cpp:101]   --->   Operation 341 'readreq' 'gmem_CHN_1_load_1_req' <Predicate = true> <Delay = 2.92> <CoreInst = "m_axi">   --->   Core 119 'm_axi' <Latency = 6> <II = 1> <Delay = 1.00> <Adapter> <Opcode : 'read' 'write' 'readreq' 'writereq' 'writeresp'>
ST_104 : Operation 342 [42/71] (2.92ns)   --->   "%gmem_CHN_2_load_req = readreq i1 @_ssdm_op_ReadReq.m_axi.i64P1A, i64 %gmem_CHN_2_addr, i64 1" [../pageRankReduce/pageRank.cpp:102]   --->   Operation 342 'readreq' 'gmem_CHN_2_load_req' <Predicate = true> <Delay = 2.92> <CoreInst = "m_axi">   --->   Core 119 'm_axi' <Latency = 6> <II = 1> <Delay = 1.00> <Adapter> <Opcode : 'read' 'write' 'readreq' 'writereq' 'writeresp'>

State 105 <SV = 104> <Delay = 2.92>
ST_105 : Operation 343 [41/71] (2.92ns)   --->   "%gmem_CHN_1_load_1_req = readreq i1 @_ssdm_op_ReadReq.m_axi.i64P1A, i64 %gmem_CHN_1_addr_1, i64 1" [../pageRankReduce/pageRank.cpp:101]   --->   Operation 343 'readreq' 'gmem_CHN_1_load_1_req' <Predicate = true> <Delay = 2.92> <CoreInst = "m_axi">   --->   Core 119 'm_axi' <Latency = 6> <II = 1> <Delay = 1.00> <Adapter> <Opcode : 'read' 'write' 'readreq' 'writereq' 'writeresp'>
ST_105 : Operation 344 [41/71] (2.92ns)   --->   "%gmem_CHN_2_load_req = readreq i1 @_ssdm_op_ReadReq.m_axi.i64P1A, i64 %gmem_CHN_2_addr, i64 1" [../pageRankReduce/pageRank.cpp:102]   --->   Operation 344 'readreq' 'gmem_CHN_2_load_req' <Predicate = true> <Delay = 2.92> <CoreInst = "m_axi">   --->   Core 119 'm_axi' <Latency = 6> <II = 1> <Delay = 1.00> <Adapter> <Opcode : 'read' 'write' 'readreq' 'writereq' 'writeresp'>

State 106 <SV = 105> <Delay = 2.92>
ST_106 : Operation 345 [40/71] (2.92ns)   --->   "%gmem_CHN_1_load_1_req = readreq i1 @_ssdm_op_ReadReq.m_axi.i64P1A, i64 %gmem_CHN_1_addr_1, i64 1" [../pageRankReduce/pageRank.cpp:101]   --->   Operation 345 'readreq' 'gmem_CHN_1_load_1_req' <Predicate = true> <Delay = 2.92> <CoreInst = "m_axi">   --->   Core 119 'm_axi' <Latency = 6> <II = 1> <Delay = 1.00> <Adapter> <Opcode : 'read' 'write' 'readreq' 'writereq' 'writeresp'>
ST_106 : Operation 346 [40/71] (2.92ns)   --->   "%gmem_CHN_2_load_req = readreq i1 @_ssdm_op_ReadReq.m_axi.i64P1A, i64 %gmem_CHN_2_addr, i64 1" [../pageRankReduce/pageRank.cpp:102]   --->   Operation 346 'readreq' 'gmem_CHN_2_load_req' <Predicate = true> <Delay = 2.92> <CoreInst = "m_axi">   --->   Core 119 'm_axi' <Latency = 6> <II = 1> <Delay = 1.00> <Adapter> <Opcode : 'read' 'write' 'readreq' 'writereq' 'writeresp'>

State 107 <SV = 106> <Delay = 2.92>
ST_107 : Operation 347 [39/71] (2.92ns)   --->   "%gmem_CHN_1_load_1_req = readreq i1 @_ssdm_op_ReadReq.m_axi.i64P1A, i64 %gmem_CHN_1_addr_1, i64 1" [../pageRankReduce/pageRank.cpp:101]   --->   Operation 347 'readreq' 'gmem_CHN_1_load_1_req' <Predicate = true> <Delay = 2.92> <CoreInst = "m_axi">   --->   Core 119 'm_axi' <Latency = 6> <II = 1> <Delay = 1.00> <Adapter> <Opcode : 'read' 'write' 'readreq' 'writereq' 'writeresp'>
ST_107 : Operation 348 [39/71] (2.92ns)   --->   "%gmem_CHN_2_load_req = readreq i1 @_ssdm_op_ReadReq.m_axi.i64P1A, i64 %gmem_CHN_2_addr, i64 1" [../pageRankReduce/pageRank.cpp:102]   --->   Operation 348 'readreq' 'gmem_CHN_2_load_req' <Predicate = true> <Delay = 2.92> <CoreInst = "m_axi">   --->   Core 119 'm_axi' <Latency = 6> <II = 1> <Delay = 1.00> <Adapter> <Opcode : 'read' 'write' 'readreq' 'writereq' 'writeresp'>

State 108 <SV = 107> <Delay = 2.92>
ST_108 : Operation 349 [38/71] (2.92ns)   --->   "%gmem_CHN_1_load_1_req = readreq i1 @_ssdm_op_ReadReq.m_axi.i64P1A, i64 %gmem_CHN_1_addr_1, i64 1" [../pageRankReduce/pageRank.cpp:101]   --->   Operation 349 'readreq' 'gmem_CHN_1_load_1_req' <Predicate = true> <Delay = 2.92> <CoreInst = "m_axi">   --->   Core 119 'm_axi' <Latency = 6> <II = 1> <Delay = 1.00> <Adapter> <Opcode : 'read' 'write' 'readreq' 'writereq' 'writeresp'>
ST_108 : Operation 350 [38/71] (2.92ns)   --->   "%gmem_CHN_2_load_req = readreq i1 @_ssdm_op_ReadReq.m_axi.i64P1A, i64 %gmem_CHN_2_addr, i64 1" [../pageRankReduce/pageRank.cpp:102]   --->   Operation 350 'readreq' 'gmem_CHN_2_load_req' <Predicate = true> <Delay = 2.92> <CoreInst = "m_axi">   --->   Core 119 'm_axi' <Latency = 6> <II = 1> <Delay = 1.00> <Adapter> <Opcode : 'read' 'write' 'readreq' 'writereq' 'writeresp'>

State 109 <SV = 108> <Delay = 2.92>
ST_109 : Operation 351 [37/71] (2.92ns)   --->   "%gmem_CHN_1_load_1_req = readreq i1 @_ssdm_op_ReadReq.m_axi.i64P1A, i64 %gmem_CHN_1_addr_1, i64 1" [../pageRankReduce/pageRank.cpp:101]   --->   Operation 351 'readreq' 'gmem_CHN_1_load_1_req' <Predicate = true> <Delay = 2.92> <CoreInst = "m_axi">   --->   Core 119 'm_axi' <Latency = 6> <II = 1> <Delay = 1.00> <Adapter> <Opcode : 'read' 'write' 'readreq' 'writereq' 'writeresp'>
ST_109 : Operation 352 [37/71] (2.92ns)   --->   "%gmem_CHN_2_load_req = readreq i1 @_ssdm_op_ReadReq.m_axi.i64P1A, i64 %gmem_CHN_2_addr, i64 1" [../pageRankReduce/pageRank.cpp:102]   --->   Operation 352 'readreq' 'gmem_CHN_2_load_req' <Predicate = true> <Delay = 2.92> <CoreInst = "m_axi">   --->   Core 119 'm_axi' <Latency = 6> <II = 1> <Delay = 1.00> <Adapter> <Opcode : 'read' 'write' 'readreq' 'writereq' 'writeresp'>

State 110 <SV = 109> <Delay = 2.92>
ST_110 : Operation 353 [36/71] (2.92ns)   --->   "%gmem_CHN_1_load_1_req = readreq i1 @_ssdm_op_ReadReq.m_axi.i64P1A, i64 %gmem_CHN_1_addr_1, i64 1" [../pageRankReduce/pageRank.cpp:101]   --->   Operation 353 'readreq' 'gmem_CHN_1_load_1_req' <Predicate = true> <Delay = 2.92> <CoreInst = "m_axi">   --->   Core 119 'm_axi' <Latency = 6> <II = 1> <Delay = 1.00> <Adapter> <Opcode : 'read' 'write' 'readreq' 'writereq' 'writeresp'>
ST_110 : Operation 354 [36/71] (2.92ns)   --->   "%gmem_CHN_2_load_req = readreq i1 @_ssdm_op_ReadReq.m_axi.i64P1A, i64 %gmem_CHN_2_addr, i64 1" [../pageRankReduce/pageRank.cpp:102]   --->   Operation 354 'readreq' 'gmem_CHN_2_load_req' <Predicate = true> <Delay = 2.92> <CoreInst = "m_axi">   --->   Core 119 'm_axi' <Latency = 6> <II = 1> <Delay = 1.00> <Adapter> <Opcode : 'read' 'write' 'readreq' 'writereq' 'writeresp'>

State 111 <SV = 110> <Delay = 2.92>
ST_111 : Operation 355 [35/71] (2.92ns)   --->   "%gmem_CHN_1_load_1_req = readreq i1 @_ssdm_op_ReadReq.m_axi.i64P1A, i64 %gmem_CHN_1_addr_1, i64 1" [../pageRankReduce/pageRank.cpp:101]   --->   Operation 355 'readreq' 'gmem_CHN_1_load_1_req' <Predicate = true> <Delay = 2.92> <CoreInst = "m_axi">   --->   Core 119 'm_axi' <Latency = 6> <II = 1> <Delay = 1.00> <Adapter> <Opcode : 'read' 'write' 'readreq' 'writereq' 'writeresp'>
ST_111 : Operation 356 [35/71] (2.92ns)   --->   "%gmem_CHN_2_load_req = readreq i1 @_ssdm_op_ReadReq.m_axi.i64P1A, i64 %gmem_CHN_2_addr, i64 1" [../pageRankReduce/pageRank.cpp:102]   --->   Operation 356 'readreq' 'gmem_CHN_2_load_req' <Predicate = true> <Delay = 2.92> <CoreInst = "m_axi">   --->   Core 119 'm_axi' <Latency = 6> <II = 1> <Delay = 1.00> <Adapter> <Opcode : 'read' 'write' 'readreq' 'writereq' 'writeresp'>

State 112 <SV = 111> <Delay = 2.92>
ST_112 : Operation 357 [34/71] (2.92ns)   --->   "%gmem_CHN_1_load_1_req = readreq i1 @_ssdm_op_ReadReq.m_axi.i64P1A, i64 %gmem_CHN_1_addr_1, i64 1" [../pageRankReduce/pageRank.cpp:101]   --->   Operation 357 'readreq' 'gmem_CHN_1_load_1_req' <Predicate = true> <Delay = 2.92> <CoreInst = "m_axi">   --->   Core 119 'm_axi' <Latency = 6> <II = 1> <Delay = 1.00> <Adapter> <Opcode : 'read' 'write' 'readreq' 'writereq' 'writeresp'>
ST_112 : Operation 358 [34/71] (2.92ns)   --->   "%gmem_CHN_2_load_req = readreq i1 @_ssdm_op_ReadReq.m_axi.i64P1A, i64 %gmem_CHN_2_addr, i64 1" [../pageRankReduce/pageRank.cpp:102]   --->   Operation 358 'readreq' 'gmem_CHN_2_load_req' <Predicate = true> <Delay = 2.92> <CoreInst = "m_axi">   --->   Core 119 'm_axi' <Latency = 6> <II = 1> <Delay = 1.00> <Adapter> <Opcode : 'read' 'write' 'readreq' 'writereq' 'writeresp'>

State 113 <SV = 112> <Delay = 2.92>
ST_113 : Operation 359 [33/71] (2.92ns)   --->   "%gmem_CHN_1_load_1_req = readreq i1 @_ssdm_op_ReadReq.m_axi.i64P1A, i64 %gmem_CHN_1_addr_1, i64 1" [../pageRankReduce/pageRank.cpp:101]   --->   Operation 359 'readreq' 'gmem_CHN_1_load_1_req' <Predicate = true> <Delay = 2.92> <CoreInst = "m_axi">   --->   Core 119 'm_axi' <Latency = 6> <II = 1> <Delay = 1.00> <Adapter> <Opcode : 'read' 'write' 'readreq' 'writereq' 'writeresp'>
ST_113 : Operation 360 [33/71] (2.92ns)   --->   "%gmem_CHN_2_load_req = readreq i1 @_ssdm_op_ReadReq.m_axi.i64P1A, i64 %gmem_CHN_2_addr, i64 1" [../pageRankReduce/pageRank.cpp:102]   --->   Operation 360 'readreq' 'gmem_CHN_2_load_req' <Predicate = true> <Delay = 2.92> <CoreInst = "m_axi">   --->   Core 119 'm_axi' <Latency = 6> <II = 1> <Delay = 1.00> <Adapter> <Opcode : 'read' 'write' 'readreq' 'writereq' 'writeresp'>

State 114 <SV = 113> <Delay = 2.92>
ST_114 : Operation 361 [32/71] (2.92ns)   --->   "%gmem_CHN_1_load_1_req = readreq i1 @_ssdm_op_ReadReq.m_axi.i64P1A, i64 %gmem_CHN_1_addr_1, i64 1" [../pageRankReduce/pageRank.cpp:101]   --->   Operation 361 'readreq' 'gmem_CHN_1_load_1_req' <Predicate = true> <Delay = 2.92> <CoreInst = "m_axi">   --->   Core 119 'm_axi' <Latency = 6> <II = 1> <Delay = 1.00> <Adapter> <Opcode : 'read' 'write' 'readreq' 'writereq' 'writeresp'>
ST_114 : Operation 362 [32/71] (2.92ns)   --->   "%gmem_CHN_2_load_req = readreq i1 @_ssdm_op_ReadReq.m_axi.i64P1A, i64 %gmem_CHN_2_addr, i64 1" [../pageRankReduce/pageRank.cpp:102]   --->   Operation 362 'readreq' 'gmem_CHN_2_load_req' <Predicate = true> <Delay = 2.92> <CoreInst = "m_axi">   --->   Core 119 'm_axi' <Latency = 6> <II = 1> <Delay = 1.00> <Adapter> <Opcode : 'read' 'write' 'readreq' 'writereq' 'writeresp'>

State 115 <SV = 114> <Delay = 2.92>
ST_115 : Operation 363 [31/71] (2.92ns)   --->   "%gmem_CHN_1_load_1_req = readreq i1 @_ssdm_op_ReadReq.m_axi.i64P1A, i64 %gmem_CHN_1_addr_1, i64 1" [../pageRankReduce/pageRank.cpp:101]   --->   Operation 363 'readreq' 'gmem_CHN_1_load_1_req' <Predicate = true> <Delay = 2.92> <CoreInst = "m_axi">   --->   Core 119 'm_axi' <Latency = 6> <II = 1> <Delay = 1.00> <Adapter> <Opcode : 'read' 'write' 'readreq' 'writereq' 'writeresp'>
ST_115 : Operation 364 [31/71] (2.92ns)   --->   "%gmem_CHN_2_load_req = readreq i1 @_ssdm_op_ReadReq.m_axi.i64P1A, i64 %gmem_CHN_2_addr, i64 1" [../pageRankReduce/pageRank.cpp:102]   --->   Operation 364 'readreq' 'gmem_CHN_2_load_req' <Predicate = true> <Delay = 2.92> <CoreInst = "m_axi">   --->   Core 119 'm_axi' <Latency = 6> <II = 1> <Delay = 1.00> <Adapter> <Opcode : 'read' 'write' 'readreq' 'writereq' 'writeresp'>

State 116 <SV = 115> <Delay = 2.92>
ST_116 : Operation 365 [30/71] (2.92ns)   --->   "%gmem_CHN_1_load_1_req = readreq i1 @_ssdm_op_ReadReq.m_axi.i64P1A, i64 %gmem_CHN_1_addr_1, i64 1" [../pageRankReduce/pageRank.cpp:101]   --->   Operation 365 'readreq' 'gmem_CHN_1_load_1_req' <Predicate = true> <Delay = 2.92> <CoreInst = "m_axi">   --->   Core 119 'm_axi' <Latency = 6> <II = 1> <Delay = 1.00> <Adapter> <Opcode : 'read' 'write' 'readreq' 'writereq' 'writeresp'>
ST_116 : Operation 366 [30/71] (2.92ns)   --->   "%gmem_CHN_2_load_req = readreq i1 @_ssdm_op_ReadReq.m_axi.i64P1A, i64 %gmem_CHN_2_addr, i64 1" [../pageRankReduce/pageRank.cpp:102]   --->   Operation 366 'readreq' 'gmem_CHN_2_load_req' <Predicate = true> <Delay = 2.92> <CoreInst = "m_axi">   --->   Core 119 'm_axi' <Latency = 6> <II = 1> <Delay = 1.00> <Adapter> <Opcode : 'read' 'write' 'readreq' 'writereq' 'writeresp'>

State 117 <SV = 116> <Delay = 2.92>
ST_117 : Operation 367 [29/71] (2.92ns)   --->   "%gmem_CHN_1_load_1_req = readreq i1 @_ssdm_op_ReadReq.m_axi.i64P1A, i64 %gmem_CHN_1_addr_1, i64 1" [../pageRankReduce/pageRank.cpp:101]   --->   Operation 367 'readreq' 'gmem_CHN_1_load_1_req' <Predicate = true> <Delay = 2.92> <CoreInst = "m_axi">   --->   Core 119 'm_axi' <Latency = 6> <II = 1> <Delay = 1.00> <Adapter> <Opcode : 'read' 'write' 'readreq' 'writereq' 'writeresp'>
ST_117 : Operation 368 [29/71] (2.92ns)   --->   "%gmem_CHN_2_load_req = readreq i1 @_ssdm_op_ReadReq.m_axi.i64P1A, i64 %gmem_CHN_2_addr, i64 1" [../pageRankReduce/pageRank.cpp:102]   --->   Operation 368 'readreq' 'gmem_CHN_2_load_req' <Predicate = true> <Delay = 2.92> <CoreInst = "m_axi">   --->   Core 119 'm_axi' <Latency = 6> <II = 1> <Delay = 1.00> <Adapter> <Opcode : 'read' 'write' 'readreq' 'writereq' 'writeresp'>

State 118 <SV = 117> <Delay = 2.92>
ST_118 : Operation 369 [28/71] (2.92ns)   --->   "%gmem_CHN_1_load_1_req = readreq i1 @_ssdm_op_ReadReq.m_axi.i64P1A, i64 %gmem_CHN_1_addr_1, i64 1" [../pageRankReduce/pageRank.cpp:101]   --->   Operation 369 'readreq' 'gmem_CHN_1_load_1_req' <Predicate = true> <Delay = 2.92> <CoreInst = "m_axi">   --->   Core 119 'm_axi' <Latency = 6> <II = 1> <Delay = 1.00> <Adapter> <Opcode : 'read' 'write' 'readreq' 'writereq' 'writeresp'>
ST_118 : Operation 370 [28/71] (2.92ns)   --->   "%gmem_CHN_2_load_req = readreq i1 @_ssdm_op_ReadReq.m_axi.i64P1A, i64 %gmem_CHN_2_addr, i64 1" [../pageRankReduce/pageRank.cpp:102]   --->   Operation 370 'readreq' 'gmem_CHN_2_load_req' <Predicate = true> <Delay = 2.92> <CoreInst = "m_axi">   --->   Core 119 'm_axi' <Latency = 6> <II = 1> <Delay = 1.00> <Adapter> <Opcode : 'read' 'write' 'readreq' 'writereq' 'writeresp'>

State 119 <SV = 118> <Delay = 2.92>
ST_119 : Operation 371 [27/71] (2.92ns)   --->   "%gmem_CHN_1_load_1_req = readreq i1 @_ssdm_op_ReadReq.m_axi.i64P1A, i64 %gmem_CHN_1_addr_1, i64 1" [../pageRankReduce/pageRank.cpp:101]   --->   Operation 371 'readreq' 'gmem_CHN_1_load_1_req' <Predicate = true> <Delay = 2.92> <CoreInst = "m_axi">   --->   Core 119 'm_axi' <Latency = 6> <II = 1> <Delay = 1.00> <Adapter> <Opcode : 'read' 'write' 'readreq' 'writereq' 'writeresp'>
ST_119 : Operation 372 [27/71] (2.92ns)   --->   "%gmem_CHN_2_load_req = readreq i1 @_ssdm_op_ReadReq.m_axi.i64P1A, i64 %gmem_CHN_2_addr, i64 1" [../pageRankReduce/pageRank.cpp:102]   --->   Operation 372 'readreq' 'gmem_CHN_2_load_req' <Predicate = true> <Delay = 2.92> <CoreInst = "m_axi">   --->   Core 119 'm_axi' <Latency = 6> <II = 1> <Delay = 1.00> <Adapter> <Opcode : 'read' 'write' 'readreq' 'writereq' 'writeresp'>

State 120 <SV = 119> <Delay = 2.92>
ST_120 : Operation 373 [26/71] (2.92ns)   --->   "%gmem_CHN_1_load_1_req = readreq i1 @_ssdm_op_ReadReq.m_axi.i64P1A, i64 %gmem_CHN_1_addr_1, i64 1" [../pageRankReduce/pageRank.cpp:101]   --->   Operation 373 'readreq' 'gmem_CHN_1_load_1_req' <Predicate = true> <Delay = 2.92> <CoreInst = "m_axi">   --->   Core 119 'm_axi' <Latency = 6> <II = 1> <Delay = 1.00> <Adapter> <Opcode : 'read' 'write' 'readreq' 'writereq' 'writeresp'>
ST_120 : Operation 374 [26/71] (2.92ns)   --->   "%gmem_CHN_2_load_req = readreq i1 @_ssdm_op_ReadReq.m_axi.i64P1A, i64 %gmem_CHN_2_addr, i64 1" [../pageRankReduce/pageRank.cpp:102]   --->   Operation 374 'readreq' 'gmem_CHN_2_load_req' <Predicate = true> <Delay = 2.92> <CoreInst = "m_axi">   --->   Core 119 'm_axi' <Latency = 6> <II = 1> <Delay = 1.00> <Adapter> <Opcode : 'read' 'write' 'readreq' 'writereq' 'writeresp'>

State 121 <SV = 120> <Delay = 2.92>
ST_121 : Operation 375 [25/71] (2.92ns)   --->   "%gmem_CHN_1_load_1_req = readreq i1 @_ssdm_op_ReadReq.m_axi.i64P1A, i64 %gmem_CHN_1_addr_1, i64 1" [../pageRankReduce/pageRank.cpp:101]   --->   Operation 375 'readreq' 'gmem_CHN_1_load_1_req' <Predicate = true> <Delay = 2.92> <CoreInst = "m_axi">   --->   Core 119 'm_axi' <Latency = 6> <II = 1> <Delay = 1.00> <Adapter> <Opcode : 'read' 'write' 'readreq' 'writereq' 'writeresp'>
ST_121 : Operation 376 [25/71] (2.92ns)   --->   "%gmem_CHN_2_load_req = readreq i1 @_ssdm_op_ReadReq.m_axi.i64P1A, i64 %gmem_CHN_2_addr, i64 1" [../pageRankReduce/pageRank.cpp:102]   --->   Operation 376 'readreq' 'gmem_CHN_2_load_req' <Predicate = true> <Delay = 2.92> <CoreInst = "m_axi">   --->   Core 119 'm_axi' <Latency = 6> <II = 1> <Delay = 1.00> <Adapter> <Opcode : 'read' 'write' 'readreq' 'writereq' 'writeresp'>

State 122 <SV = 121> <Delay = 2.92>
ST_122 : Operation 377 [24/71] (2.92ns)   --->   "%gmem_CHN_1_load_1_req = readreq i1 @_ssdm_op_ReadReq.m_axi.i64P1A, i64 %gmem_CHN_1_addr_1, i64 1" [../pageRankReduce/pageRank.cpp:101]   --->   Operation 377 'readreq' 'gmem_CHN_1_load_1_req' <Predicate = true> <Delay = 2.92> <CoreInst = "m_axi">   --->   Core 119 'm_axi' <Latency = 6> <II = 1> <Delay = 1.00> <Adapter> <Opcode : 'read' 'write' 'readreq' 'writereq' 'writeresp'>
ST_122 : Operation 378 [24/71] (2.92ns)   --->   "%gmem_CHN_2_load_req = readreq i1 @_ssdm_op_ReadReq.m_axi.i64P1A, i64 %gmem_CHN_2_addr, i64 1" [../pageRankReduce/pageRank.cpp:102]   --->   Operation 378 'readreq' 'gmem_CHN_2_load_req' <Predicate = true> <Delay = 2.92> <CoreInst = "m_axi">   --->   Core 119 'm_axi' <Latency = 6> <II = 1> <Delay = 1.00> <Adapter> <Opcode : 'read' 'write' 'readreq' 'writereq' 'writeresp'>

State 123 <SV = 122> <Delay = 2.92>
ST_123 : Operation 379 [23/71] (2.92ns)   --->   "%gmem_CHN_1_load_1_req = readreq i1 @_ssdm_op_ReadReq.m_axi.i64P1A, i64 %gmem_CHN_1_addr_1, i64 1" [../pageRankReduce/pageRank.cpp:101]   --->   Operation 379 'readreq' 'gmem_CHN_1_load_1_req' <Predicate = true> <Delay = 2.92> <CoreInst = "m_axi">   --->   Core 119 'm_axi' <Latency = 6> <II = 1> <Delay = 1.00> <Adapter> <Opcode : 'read' 'write' 'readreq' 'writereq' 'writeresp'>
ST_123 : Operation 380 [23/71] (2.92ns)   --->   "%gmem_CHN_2_load_req = readreq i1 @_ssdm_op_ReadReq.m_axi.i64P1A, i64 %gmem_CHN_2_addr, i64 1" [../pageRankReduce/pageRank.cpp:102]   --->   Operation 380 'readreq' 'gmem_CHN_2_load_req' <Predicate = true> <Delay = 2.92> <CoreInst = "m_axi">   --->   Core 119 'm_axi' <Latency = 6> <II = 1> <Delay = 1.00> <Adapter> <Opcode : 'read' 'write' 'readreq' 'writereq' 'writeresp'>

State 124 <SV = 123> <Delay = 2.92>
ST_124 : Operation 381 [22/71] (2.92ns)   --->   "%gmem_CHN_1_load_1_req = readreq i1 @_ssdm_op_ReadReq.m_axi.i64P1A, i64 %gmem_CHN_1_addr_1, i64 1" [../pageRankReduce/pageRank.cpp:101]   --->   Operation 381 'readreq' 'gmem_CHN_1_load_1_req' <Predicate = true> <Delay = 2.92> <CoreInst = "m_axi">   --->   Core 119 'm_axi' <Latency = 6> <II = 1> <Delay = 1.00> <Adapter> <Opcode : 'read' 'write' 'readreq' 'writereq' 'writeresp'>
ST_124 : Operation 382 [22/71] (2.92ns)   --->   "%gmem_CHN_2_load_req = readreq i1 @_ssdm_op_ReadReq.m_axi.i64P1A, i64 %gmem_CHN_2_addr, i64 1" [../pageRankReduce/pageRank.cpp:102]   --->   Operation 382 'readreq' 'gmem_CHN_2_load_req' <Predicate = true> <Delay = 2.92> <CoreInst = "m_axi">   --->   Core 119 'm_axi' <Latency = 6> <II = 1> <Delay = 1.00> <Adapter> <Opcode : 'read' 'write' 'readreq' 'writereq' 'writeresp'>

State 125 <SV = 124> <Delay = 2.92>
ST_125 : Operation 383 [21/71] (2.92ns)   --->   "%gmem_CHN_1_load_1_req = readreq i1 @_ssdm_op_ReadReq.m_axi.i64P1A, i64 %gmem_CHN_1_addr_1, i64 1" [../pageRankReduce/pageRank.cpp:101]   --->   Operation 383 'readreq' 'gmem_CHN_1_load_1_req' <Predicate = true> <Delay = 2.92> <CoreInst = "m_axi">   --->   Core 119 'm_axi' <Latency = 6> <II = 1> <Delay = 1.00> <Adapter> <Opcode : 'read' 'write' 'readreq' 'writereq' 'writeresp'>
ST_125 : Operation 384 [21/71] (2.92ns)   --->   "%gmem_CHN_2_load_req = readreq i1 @_ssdm_op_ReadReq.m_axi.i64P1A, i64 %gmem_CHN_2_addr, i64 1" [../pageRankReduce/pageRank.cpp:102]   --->   Operation 384 'readreq' 'gmem_CHN_2_load_req' <Predicate = true> <Delay = 2.92> <CoreInst = "m_axi">   --->   Core 119 'm_axi' <Latency = 6> <II = 1> <Delay = 1.00> <Adapter> <Opcode : 'read' 'write' 'readreq' 'writereq' 'writeresp'>

State 126 <SV = 125> <Delay = 2.92>
ST_126 : Operation 385 [20/71] (2.92ns)   --->   "%gmem_CHN_1_load_1_req = readreq i1 @_ssdm_op_ReadReq.m_axi.i64P1A, i64 %gmem_CHN_1_addr_1, i64 1" [../pageRankReduce/pageRank.cpp:101]   --->   Operation 385 'readreq' 'gmem_CHN_1_load_1_req' <Predicate = true> <Delay = 2.92> <CoreInst = "m_axi">   --->   Core 119 'm_axi' <Latency = 6> <II = 1> <Delay = 1.00> <Adapter> <Opcode : 'read' 'write' 'readreq' 'writereq' 'writeresp'>
ST_126 : Operation 386 [20/71] (2.92ns)   --->   "%gmem_CHN_2_load_req = readreq i1 @_ssdm_op_ReadReq.m_axi.i64P1A, i64 %gmem_CHN_2_addr, i64 1" [../pageRankReduce/pageRank.cpp:102]   --->   Operation 386 'readreq' 'gmem_CHN_2_load_req' <Predicate = true> <Delay = 2.92> <CoreInst = "m_axi">   --->   Core 119 'm_axi' <Latency = 6> <II = 1> <Delay = 1.00> <Adapter> <Opcode : 'read' 'write' 'readreq' 'writereq' 'writeresp'>

State 127 <SV = 126> <Delay = 2.92>
ST_127 : Operation 387 [19/71] (2.92ns)   --->   "%gmem_CHN_1_load_1_req = readreq i1 @_ssdm_op_ReadReq.m_axi.i64P1A, i64 %gmem_CHN_1_addr_1, i64 1" [../pageRankReduce/pageRank.cpp:101]   --->   Operation 387 'readreq' 'gmem_CHN_1_load_1_req' <Predicate = true> <Delay = 2.92> <CoreInst = "m_axi">   --->   Core 119 'm_axi' <Latency = 6> <II = 1> <Delay = 1.00> <Adapter> <Opcode : 'read' 'write' 'readreq' 'writereq' 'writeresp'>
ST_127 : Operation 388 [19/71] (2.92ns)   --->   "%gmem_CHN_2_load_req = readreq i1 @_ssdm_op_ReadReq.m_axi.i64P1A, i64 %gmem_CHN_2_addr, i64 1" [../pageRankReduce/pageRank.cpp:102]   --->   Operation 388 'readreq' 'gmem_CHN_2_load_req' <Predicate = true> <Delay = 2.92> <CoreInst = "m_axi">   --->   Core 119 'm_axi' <Latency = 6> <II = 1> <Delay = 1.00> <Adapter> <Opcode : 'read' 'write' 'readreq' 'writereq' 'writeresp'>

State 128 <SV = 127> <Delay = 2.92>
ST_128 : Operation 389 [18/71] (2.92ns)   --->   "%gmem_CHN_1_load_1_req = readreq i1 @_ssdm_op_ReadReq.m_axi.i64P1A, i64 %gmem_CHN_1_addr_1, i64 1" [../pageRankReduce/pageRank.cpp:101]   --->   Operation 389 'readreq' 'gmem_CHN_1_load_1_req' <Predicate = true> <Delay = 2.92> <CoreInst = "m_axi">   --->   Core 119 'm_axi' <Latency = 6> <II = 1> <Delay = 1.00> <Adapter> <Opcode : 'read' 'write' 'readreq' 'writereq' 'writeresp'>
ST_128 : Operation 390 [18/71] (2.92ns)   --->   "%gmem_CHN_2_load_req = readreq i1 @_ssdm_op_ReadReq.m_axi.i64P1A, i64 %gmem_CHN_2_addr, i64 1" [../pageRankReduce/pageRank.cpp:102]   --->   Operation 390 'readreq' 'gmem_CHN_2_load_req' <Predicate = true> <Delay = 2.92> <CoreInst = "m_axi">   --->   Core 119 'm_axi' <Latency = 6> <II = 1> <Delay = 1.00> <Adapter> <Opcode : 'read' 'write' 'readreq' 'writereq' 'writeresp'>

State 129 <SV = 128> <Delay = 2.92>
ST_129 : Operation 391 [17/71] (2.92ns)   --->   "%gmem_CHN_1_load_1_req = readreq i1 @_ssdm_op_ReadReq.m_axi.i64P1A, i64 %gmem_CHN_1_addr_1, i64 1" [../pageRankReduce/pageRank.cpp:101]   --->   Operation 391 'readreq' 'gmem_CHN_1_load_1_req' <Predicate = true> <Delay = 2.92> <CoreInst = "m_axi">   --->   Core 119 'm_axi' <Latency = 6> <II = 1> <Delay = 1.00> <Adapter> <Opcode : 'read' 'write' 'readreq' 'writereq' 'writeresp'>
ST_129 : Operation 392 [17/71] (2.92ns)   --->   "%gmem_CHN_2_load_req = readreq i1 @_ssdm_op_ReadReq.m_axi.i64P1A, i64 %gmem_CHN_2_addr, i64 1" [../pageRankReduce/pageRank.cpp:102]   --->   Operation 392 'readreq' 'gmem_CHN_2_load_req' <Predicate = true> <Delay = 2.92> <CoreInst = "m_axi">   --->   Core 119 'm_axi' <Latency = 6> <II = 1> <Delay = 1.00> <Adapter> <Opcode : 'read' 'write' 'readreq' 'writereq' 'writeresp'>

State 130 <SV = 129> <Delay = 2.92>
ST_130 : Operation 393 [16/71] (2.92ns)   --->   "%gmem_CHN_1_load_1_req = readreq i1 @_ssdm_op_ReadReq.m_axi.i64P1A, i64 %gmem_CHN_1_addr_1, i64 1" [../pageRankReduce/pageRank.cpp:101]   --->   Operation 393 'readreq' 'gmem_CHN_1_load_1_req' <Predicate = true> <Delay = 2.92> <CoreInst = "m_axi">   --->   Core 119 'm_axi' <Latency = 6> <II = 1> <Delay = 1.00> <Adapter> <Opcode : 'read' 'write' 'readreq' 'writereq' 'writeresp'>
ST_130 : Operation 394 [16/71] (2.92ns)   --->   "%gmem_CHN_2_load_req = readreq i1 @_ssdm_op_ReadReq.m_axi.i64P1A, i64 %gmem_CHN_2_addr, i64 1" [../pageRankReduce/pageRank.cpp:102]   --->   Operation 394 'readreq' 'gmem_CHN_2_load_req' <Predicate = true> <Delay = 2.92> <CoreInst = "m_axi">   --->   Core 119 'm_axi' <Latency = 6> <II = 1> <Delay = 1.00> <Adapter> <Opcode : 'read' 'write' 'readreq' 'writereq' 'writeresp'>

State 131 <SV = 130> <Delay = 2.92>
ST_131 : Operation 395 [15/71] (2.92ns)   --->   "%gmem_CHN_1_load_1_req = readreq i1 @_ssdm_op_ReadReq.m_axi.i64P1A, i64 %gmem_CHN_1_addr_1, i64 1" [../pageRankReduce/pageRank.cpp:101]   --->   Operation 395 'readreq' 'gmem_CHN_1_load_1_req' <Predicate = true> <Delay = 2.92> <CoreInst = "m_axi">   --->   Core 119 'm_axi' <Latency = 6> <II = 1> <Delay = 1.00> <Adapter> <Opcode : 'read' 'write' 'readreq' 'writereq' 'writeresp'>
ST_131 : Operation 396 [15/71] (2.92ns)   --->   "%gmem_CHN_2_load_req = readreq i1 @_ssdm_op_ReadReq.m_axi.i64P1A, i64 %gmem_CHN_2_addr, i64 1" [../pageRankReduce/pageRank.cpp:102]   --->   Operation 396 'readreq' 'gmem_CHN_2_load_req' <Predicate = true> <Delay = 2.92> <CoreInst = "m_axi">   --->   Core 119 'm_axi' <Latency = 6> <II = 1> <Delay = 1.00> <Adapter> <Opcode : 'read' 'write' 'readreq' 'writereq' 'writeresp'>

State 132 <SV = 131> <Delay = 2.92>
ST_132 : Operation 397 [14/71] (2.92ns)   --->   "%gmem_CHN_1_load_1_req = readreq i1 @_ssdm_op_ReadReq.m_axi.i64P1A, i64 %gmem_CHN_1_addr_1, i64 1" [../pageRankReduce/pageRank.cpp:101]   --->   Operation 397 'readreq' 'gmem_CHN_1_load_1_req' <Predicate = true> <Delay = 2.92> <CoreInst = "m_axi">   --->   Core 119 'm_axi' <Latency = 6> <II = 1> <Delay = 1.00> <Adapter> <Opcode : 'read' 'write' 'readreq' 'writereq' 'writeresp'>
ST_132 : Operation 398 [14/71] (2.92ns)   --->   "%gmem_CHN_2_load_req = readreq i1 @_ssdm_op_ReadReq.m_axi.i64P1A, i64 %gmem_CHN_2_addr, i64 1" [../pageRankReduce/pageRank.cpp:102]   --->   Operation 398 'readreq' 'gmem_CHN_2_load_req' <Predicate = true> <Delay = 2.92> <CoreInst = "m_axi">   --->   Core 119 'm_axi' <Latency = 6> <II = 1> <Delay = 1.00> <Adapter> <Opcode : 'read' 'write' 'readreq' 'writereq' 'writeresp'>

State 133 <SV = 132> <Delay = 2.92>
ST_133 : Operation 399 [13/71] (2.92ns)   --->   "%gmem_CHN_1_load_1_req = readreq i1 @_ssdm_op_ReadReq.m_axi.i64P1A, i64 %gmem_CHN_1_addr_1, i64 1" [../pageRankReduce/pageRank.cpp:101]   --->   Operation 399 'readreq' 'gmem_CHN_1_load_1_req' <Predicate = true> <Delay = 2.92> <CoreInst = "m_axi">   --->   Core 119 'm_axi' <Latency = 6> <II = 1> <Delay = 1.00> <Adapter> <Opcode : 'read' 'write' 'readreq' 'writereq' 'writeresp'>
ST_133 : Operation 400 [13/71] (2.92ns)   --->   "%gmem_CHN_2_load_req = readreq i1 @_ssdm_op_ReadReq.m_axi.i64P1A, i64 %gmem_CHN_2_addr, i64 1" [../pageRankReduce/pageRank.cpp:102]   --->   Operation 400 'readreq' 'gmem_CHN_2_load_req' <Predicate = true> <Delay = 2.92> <CoreInst = "m_axi">   --->   Core 119 'm_axi' <Latency = 6> <II = 1> <Delay = 1.00> <Adapter> <Opcode : 'read' 'write' 'readreq' 'writereq' 'writeresp'>

State 134 <SV = 133> <Delay = 2.92>
ST_134 : Operation 401 [12/71] (2.92ns)   --->   "%gmem_CHN_1_load_1_req = readreq i1 @_ssdm_op_ReadReq.m_axi.i64P1A, i64 %gmem_CHN_1_addr_1, i64 1" [../pageRankReduce/pageRank.cpp:101]   --->   Operation 401 'readreq' 'gmem_CHN_1_load_1_req' <Predicate = true> <Delay = 2.92> <CoreInst = "m_axi">   --->   Core 119 'm_axi' <Latency = 6> <II = 1> <Delay = 1.00> <Adapter> <Opcode : 'read' 'write' 'readreq' 'writereq' 'writeresp'>
ST_134 : Operation 402 [12/71] (2.92ns)   --->   "%gmem_CHN_2_load_req = readreq i1 @_ssdm_op_ReadReq.m_axi.i64P1A, i64 %gmem_CHN_2_addr, i64 1" [../pageRankReduce/pageRank.cpp:102]   --->   Operation 402 'readreq' 'gmem_CHN_2_load_req' <Predicate = true> <Delay = 2.92> <CoreInst = "m_axi">   --->   Core 119 'm_axi' <Latency = 6> <II = 1> <Delay = 1.00> <Adapter> <Opcode : 'read' 'write' 'readreq' 'writereq' 'writeresp'>

State 135 <SV = 134> <Delay = 2.92>
ST_135 : Operation 403 [11/71] (2.92ns)   --->   "%gmem_CHN_1_load_1_req = readreq i1 @_ssdm_op_ReadReq.m_axi.i64P1A, i64 %gmem_CHN_1_addr_1, i64 1" [../pageRankReduce/pageRank.cpp:101]   --->   Operation 403 'readreq' 'gmem_CHN_1_load_1_req' <Predicate = true> <Delay = 2.92> <CoreInst = "m_axi">   --->   Core 119 'm_axi' <Latency = 6> <II = 1> <Delay = 1.00> <Adapter> <Opcode : 'read' 'write' 'readreq' 'writereq' 'writeresp'>
ST_135 : Operation 404 [11/71] (2.92ns)   --->   "%gmem_CHN_2_load_req = readreq i1 @_ssdm_op_ReadReq.m_axi.i64P1A, i64 %gmem_CHN_2_addr, i64 1" [../pageRankReduce/pageRank.cpp:102]   --->   Operation 404 'readreq' 'gmem_CHN_2_load_req' <Predicate = true> <Delay = 2.92> <CoreInst = "m_axi">   --->   Core 119 'm_axi' <Latency = 6> <II = 1> <Delay = 1.00> <Adapter> <Opcode : 'read' 'write' 'readreq' 'writereq' 'writeresp'>

State 136 <SV = 135> <Delay = 2.92>
ST_136 : Operation 405 [10/71] (2.92ns)   --->   "%gmem_CHN_1_load_1_req = readreq i1 @_ssdm_op_ReadReq.m_axi.i64P1A, i64 %gmem_CHN_1_addr_1, i64 1" [../pageRankReduce/pageRank.cpp:101]   --->   Operation 405 'readreq' 'gmem_CHN_1_load_1_req' <Predicate = true> <Delay = 2.92> <CoreInst = "m_axi">   --->   Core 119 'm_axi' <Latency = 6> <II = 1> <Delay = 1.00> <Adapter> <Opcode : 'read' 'write' 'readreq' 'writereq' 'writeresp'>
ST_136 : Operation 406 [10/71] (2.92ns)   --->   "%gmem_CHN_2_load_req = readreq i1 @_ssdm_op_ReadReq.m_axi.i64P1A, i64 %gmem_CHN_2_addr, i64 1" [../pageRankReduce/pageRank.cpp:102]   --->   Operation 406 'readreq' 'gmem_CHN_2_load_req' <Predicate = true> <Delay = 2.92> <CoreInst = "m_axi">   --->   Core 119 'm_axi' <Latency = 6> <II = 1> <Delay = 1.00> <Adapter> <Opcode : 'read' 'write' 'readreq' 'writereq' 'writeresp'>

State 137 <SV = 136> <Delay = 2.92>
ST_137 : Operation 407 [9/71] (2.92ns)   --->   "%gmem_CHN_1_load_1_req = readreq i1 @_ssdm_op_ReadReq.m_axi.i64P1A, i64 %gmem_CHN_1_addr_1, i64 1" [../pageRankReduce/pageRank.cpp:101]   --->   Operation 407 'readreq' 'gmem_CHN_1_load_1_req' <Predicate = true> <Delay = 2.92> <CoreInst = "m_axi">   --->   Core 119 'm_axi' <Latency = 6> <II = 1> <Delay = 1.00> <Adapter> <Opcode : 'read' 'write' 'readreq' 'writereq' 'writeresp'>
ST_137 : Operation 408 [9/71] (2.92ns)   --->   "%gmem_CHN_2_load_req = readreq i1 @_ssdm_op_ReadReq.m_axi.i64P1A, i64 %gmem_CHN_2_addr, i64 1" [../pageRankReduce/pageRank.cpp:102]   --->   Operation 408 'readreq' 'gmem_CHN_2_load_req' <Predicate = true> <Delay = 2.92> <CoreInst = "m_axi">   --->   Core 119 'm_axi' <Latency = 6> <II = 1> <Delay = 1.00> <Adapter> <Opcode : 'read' 'write' 'readreq' 'writereq' 'writeresp'>

State 138 <SV = 137> <Delay = 2.92>
ST_138 : Operation 409 [8/71] (2.92ns)   --->   "%gmem_CHN_1_load_1_req = readreq i1 @_ssdm_op_ReadReq.m_axi.i64P1A, i64 %gmem_CHN_1_addr_1, i64 1" [../pageRankReduce/pageRank.cpp:101]   --->   Operation 409 'readreq' 'gmem_CHN_1_load_1_req' <Predicate = true> <Delay = 2.92> <CoreInst = "m_axi">   --->   Core 119 'm_axi' <Latency = 6> <II = 1> <Delay = 1.00> <Adapter> <Opcode : 'read' 'write' 'readreq' 'writereq' 'writeresp'>
ST_138 : Operation 410 [8/71] (2.92ns)   --->   "%gmem_CHN_2_load_req = readreq i1 @_ssdm_op_ReadReq.m_axi.i64P1A, i64 %gmem_CHN_2_addr, i64 1" [../pageRankReduce/pageRank.cpp:102]   --->   Operation 410 'readreq' 'gmem_CHN_2_load_req' <Predicate = true> <Delay = 2.92> <CoreInst = "m_axi">   --->   Core 119 'm_axi' <Latency = 6> <II = 1> <Delay = 1.00> <Adapter> <Opcode : 'read' 'write' 'readreq' 'writereq' 'writeresp'>

State 139 <SV = 138> <Delay = 2.92>
ST_139 : Operation 411 [7/71] (2.92ns)   --->   "%gmem_CHN_1_load_1_req = readreq i1 @_ssdm_op_ReadReq.m_axi.i64P1A, i64 %gmem_CHN_1_addr_1, i64 1" [../pageRankReduce/pageRank.cpp:101]   --->   Operation 411 'readreq' 'gmem_CHN_1_load_1_req' <Predicate = true> <Delay = 2.92> <CoreInst = "m_axi">   --->   Core 119 'm_axi' <Latency = 6> <II = 1> <Delay = 1.00> <Adapter> <Opcode : 'read' 'write' 'readreq' 'writereq' 'writeresp'>
ST_139 : Operation 412 [7/71] (2.92ns)   --->   "%gmem_CHN_2_load_req = readreq i1 @_ssdm_op_ReadReq.m_axi.i64P1A, i64 %gmem_CHN_2_addr, i64 1" [../pageRankReduce/pageRank.cpp:102]   --->   Operation 412 'readreq' 'gmem_CHN_2_load_req' <Predicate = true> <Delay = 2.92> <CoreInst = "m_axi">   --->   Core 119 'm_axi' <Latency = 6> <II = 1> <Delay = 1.00> <Adapter> <Opcode : 'read' 'write' 'readreq' 'writereq' 'writeresp'>

State 140 <SV = 139> <Delay = 2.92>
ST_140 : Operation 413 [6/71] (2.92ns)   --->   "%gmem_CHN_1_load_1_req = readreq i1 @_ssdm_op_ReadReq.m_axi.i64P1A, i64 %gmem_CHN_1_addr_1, i64 1" [../pageRankReduce/pageRank.cpp:101]   --->   Operation 413 'readreq' 'gmem_CHN_1_load_1_req' <Predicate = true> <Delay = 2.92> <CoreInst = "m_axi">   --->   Core 119 'm_axi' <Latency = 6> <II = 1> <Delay = 1.00> <Adapter> <Opcode : 'read' 'write' 'readreq' 'writereq' 'writeresp'>
ST_140 : Operation 414 [6/71] (2.92ns)   --->   "%gmem_CHN_2_load_req = readreq i1 @_ssdm_op_ReadReq.m_axi.i64P1A, i64 %gmem_CHN_2_addr, i64 1" [../pageRankReduce/pageRank.cpp:102]   --->   Operation 414 'readreq' 'gmem_CHN_2_load_req' <Predicate = true> <Delay = 2.92> <CoreInst = "m_axi">   --->   Core 119 'm_axi' <Latency = 6> <II = 1> <Delay = 1.00> <Adapter> <Opcode : 'read' 'write' 'readreq' 'writereq' 'writeresp'>

State 141 <SV = 140> <Delay = 2.92>
ST_141 : Operation 415 [5/71] (2.92ns)   --->   "%gmem_CHN_1_load_1_req = readreq i1 @_ssdm_op_ReadReq.m_axi.i64P1A, i64 %gmem_CHN_1_addr_1, i64 1" [../pageRankReduce/pageRank.cpp:101]   --->   Operation 415 'readreq' 'gmem_CHN_1_load_1_req' <Predicate = true> <Delay = 2.92> <CoreInst = "m_axi">   --->   Core 119 'm_axi' <Latency = 6> <II = 1> <Delay = 1.00> <Adapter> <Opcode : 'read' 'write' 'readreq' 'writereq' 'writeresp'>
ST_141 : Operation 416 [5/71] (2.92ns)   --->   "%gmem_CHN_2_load_req = readreq i1 @_ssdm_op_ReadReq.m_axi.i64P1A, i64 %gmem_CHN_2_addr, i64 1" [../pageRankReduce/pageRank.cpp:102]   --->   Operation 416 'readreq' 'gmem_CHN_2_load_req' <Predicate = true> <Delay = 2.92> <CoreInst = "m_axi">   --->   Core 119 'm_axi' <Latency = 6> <II = 1> <Delay = 1.00> <Adapter> <Opcode : 'read' 'write' 'readreq' 'writereq' 'writeresp'>

State 142 <SV = 141> <Delay = 2.92>
ST_142 : Operation 417 [4/71] (2.92ns)   --->   "%gmem_CHN_1_load_1_req = readreq i1 @_ssdm_op_ReadReq.m_axi.i64P1A, i64 %gmem_CHN_1_addr_1, i64 1" [../pageRankReduce/pageRank.cpp:101]   --->   Operation 417 'readreq' 'gmem_CHN_1_load_1_req' <Predicate = true> <Delay = 2.92> <CoreInst = "m_axi">   --->   Core 119 'm_axi' <Latency = 6> <II = 1> <Delay = 1.00> <Adapter> <Opcode : 'read' 'write' 'readreq' 'writereq' 'writeresp'>
ST_142 : Operation 418 [4/71] (2.92ns)   --->   "%gmem_CHN_2_load_req = readreq i1 @_ssdm_op_ReadReq.m_axi.i64P1A, i64 %gmem_CHN_2_addr, i64 1" [../pageRankReduce/pageRank.cpp:102]   --->   Operation 418 'readreq' 'gmem_CHN_2_load_req' <Predicate = true> <Delay = 2.92> <CoreInst = "m_axi">   --->   Core 119 'm_axi' <Latency = 6> <II = 1> <Delay = 1.00> <Adapter> <Opcode : 'read' 'write' 'readreq' 'writereq' 'writeresp'>

State 143 <SV = 142> <Delay = 2.92>
ST_143 : Operation 419 [3/71] (2.92ns)   --->   "%gmem_CHN_1_load_1_req = readreq i1 @_ssdm_op_ReadReq.m_axi.i64P1A, i64 %gmem_CHN_1_addr_1, i64 1" [../pageRankReduce/pageRank.cpp:101]   --->   Operation 419 'readreq' 'gmem_CHN_1_load_1_req' <Predicate = true> <Delay = 2.92> <CoreInst = "m_axi">   --->   Core 119 'm_axi' <Latency = 6> <II = 1> <Delay = 1.00> <Adapter> <Opcode : 'read' 'write' 'readreq' 'writereq' 'writeresp'>
ST_143 : Operation 420 [3/71] (2.92ns)   --->   "%gmem_CHN_2_load_req = readreq i1 @_ssdm_op_ReadReq.m_axi.i64P1A, i64 %gmem_CHN_2_addr, i64 1" [../pageRankReduce/pageRank.cpp:102]   --->   Operation 420 'readreq' 'gmem_CHN_2_load_req' <Predicate = true> <Delay = 2.92> <CoreInst = "m_axi">   --->   Core 119 'm_axi' <Latency = 6> <II = 1> <Delay = 1.00> <Adapter> <Opcode : 'read' 'write' 'readreq' 'writereq' 'writeresp'>

State 144 <SV = 143> <Delay = 2.92>
ST_144 : Operation 421 [2/71] (2.92ns)   --->   "%gmem_CHN_1_load_1_req = readreq i1 @_ssdm_op_ReadReq.m_axi.i64P1A, i64 %gmem_CHN_1_addr_1, i64 1" [../pageRankReduce/pageRank.cpp:101]   --->   Operation 421 'readreq' 'gmem_CHN_1_load_1_req' <Predicate = true> <Delay = 2.92> <CoreInst = "m_axi">   --->   Core 119 'm_axi' <Latency = 6> <II = 1> <Delay = 1.00> <Adapter> <Opcode : 'read' 'write' 'readreq' 'writereq' 'writeresp'>
ST_144 : Operation 422 [2/71] (2.92ns)   --->   "%gmem_CHN_2_load_req = readreq i1 @_ssdm_op_ReadReq.m_axi.i64P1A, i64 %gmem_CHN_2_addr, i64 1" [../pageRankReduce/pageRank.cpp:102]   --->   Operation 422 'readreq' 'gmem_CHN_2_load_req' <Predicate = true> <Delay = 2.92> <CoreInst = "m_axi">   --->   Core 119 'm_axi' <Latency = 6> <II = 1> <Delay = 1.00> <Adapter> <Opcode : 'read' 'write' 'readreq' 'writereq' 'writeresp'>

State 145 <SV = 144> <Delay = 2.92>
ST_145 : Operation 423 [1/71] (2.92ns)   --->   "%gmem_CHN_1_load_1_req = readreq i1 @_ssdm_op_ReadReq.m_axi.i64P1A, i64 %gmem_CHN_1_addr_1, i64 1" [../pageRankReduce/pageRank.cpp:101]   --->   Operation 423 'readreq' 'gmem_CHN_1_load_1_req' <Predicate = true> <Delay = 2.92> <CoreInst = "m_axi">   --->   Core 119 'm_axi' <Latency = 6> <II = 1> <Delay = 1.00> <Adapter> <Opcode : 'read' 'write' 'readreq' 'writereq' 'writeresp'>
ST_145 : Operation 424 [1/71] (2.92ns)   --->   "%gmem_CHN_2_load_req = readreq i1 @_ssdm_op_ReadReq.m_axi.i64P1A, i64 %gmem_CHN_2_addr, i64 1" [../pageRankReduce/pageRank.cpp:102]   --->   Operation 424 'readreq' 'gmem_CHN_2_load_req' <Predicate = true> <Delay = 2.92> <CoreInst = "m_axi">   --->   Core 119 'm_axi' <Latency = 6> <II = 1> <Delay = 1.00> <Adapter> <Opcode : 'read' 'write' 'readreq' 'writereq' 'writeresp'>

State 146 <SV = 145> <Delay = 2.92>
ST_146 : Operation 425 [1/1] (2.92ns)   --->   "%gmem_CHN_1_addr_1_read = read i64 @_ssdm_op_Read.m_axi.i64P1A, i64 %gmem_CHN_1_addr_1" [../pageRankReduce/pageRank.cpp:101]   --->   Operation 425 'read' 'gmem_CHN_1_addr_1_read' <Predicate = true> <Delay = 2.92> <CoreInst = "m_axi">   --->   Core 119 'm_axi' <Latency = 3> <II = 1> <Delay = 1.00> <Adapter> <Opcode : 'read' 'write' 'readreq' 'writereq' 'writeresp'>
ST_146 : Operation 426 [1/1] (0.00ns)   --->   "%u_degree = trunc i64 %gmem_CHN_1_addr_1_read" [../pageRankReduce/pageRank.cpp:101]   --->   Operation 426 'trunc' 'u_degree' <Predicate = true> <Delay = 0.00>
ST_146 : Operation 427 [1/1] (2.92ns)   --->   "%gmem_CHN_2_addr_read = read i64 @_ssdm_op_Read.m_axi.i64P1A, i64 %gmem_CHN_2_addr" [../pageRankReduce/pageRank.cpp:102]   --->   Operation 427 'read' 'gmem_CHN_2_addr_read' <Predicate = true> <Delay = 2.92> <CoreInst = "m_axi">   --->   Core 119 'm_axi' <Latency = 3> <II = 1> <Delay = 1.00> <Adapter> <Opcode : 'read' 'write' 'readreq' 'writereq' 'writeresp'>

State 147 <SV = 146> <Delay = 2.66>
ST_147 : Operation 428 [1/1] (0.00ns)   --->   "%shl_ln102_1 = bitconcatenate i6 @_ssdm_op_BitConcatenate.i6.i3.i3, i3 %trunc_ln102_1, i3 0" [../pageRankReduce/pageRank.cpp:102]   --->   Operation 428 'bitconcatenate' 'shl_ln102_1' <Predicate = true> <Delay = 0.00>
ST_147 : Operation 429 [1/1] (0.00ns)   --->   "%zext_ln102_1 = zext i6 %shl_ln102_1" [../pageRankReduce/pageRank.cpp:102]   --->   Operation 429 'zext' 'zext_ln102_1' <Predicate = true> <Delay = 0.00>
ST_147 : Operation 430 [1/1] (1.09ns)   --->   "%lshr_ln102 = lshr i64 %gmem_CHN_2_addr_read, i64 %zext_ln102_1" [../pageRankReduce/pageRank.cpp:102]   --->   Operation 430 'lshr' 'lshr_ln102' <Predicate = true> <Delay = 1.09> <CoreInst = "Shifter">   --->   Core 75 'Shifter' <Latency = 0> <II = 1> <Delay = 1.09> <FuncUnit> <Opcode : 'shl' 'lshr' 'ashr'> <InPorts = 2> <OutPorts = 1>
ST_147 : Operation 431 [1/1] (0.00ns)   --->   "%trunc_ln102_3 = trunc i64 %lshr_ln102" [../pageRankReduce/pageRank.cpp:102]   --->   Operation 431 'trunc' 'trunc_ln102_3' <Predicate = true> <Delay = 0.00>
ST_147 : Operation 432 [4/4] (2.66ns)   --->   "%conv = uitofp i32 %u_degree" [../pageRankReduce/pageRank.cpp:103]   --->   Operation 432 'uitofp' 'conv' <Predicate = true> <Delay = 2.66> <CoreInst = "Int2Float">   --->   Core 62 'Int2Float' <Latency = 3> <II = 1> <Delay = 2.66> <FuncUnit> <Opcode : 'uitofp' 'sitofp'> <InPorts = 1> <OutPorts = 1>

State 148 <SV = 147> <Delay = 2.66>
ST_148 : Operation 433 [3/4] (2.66ns)   --->   "%conv = uitofp i32 %u_degree" [../pageRankReduce/pageRank.cpp:103]   --->   Operation 433 'uitofp' 'conv' <Predicate = true> <Delay = 2.66> <CoreInst = "Int2Float">   --->   Core 62 'Int2Float' <Latency = 3> <II = 1> <Delay = 2.66> <FuncUnit> <Opcode : 'uitofp' 'sitofp'> <InPorts = 1> <OutPorts = 1>

State 149 <SV = 148> <Delay = 2.66>
ST_149 : Operation 434 [2/4] (2.66ns)   --->   "%conv = uitofp i32 %u_degree" [../pageRankReduce/pageRank.cpp:103]   --->   Operation 434 'uitofp' 'conv' <Predicate = true> <Delay = 2.66> <CoreInst = "Int2Float">   --->   Core 62 'Int2Float' <Latency = 3> <II = 1> <Delay = 2.66> <FuncUnit> <Opcode : 'uitofp' 'sitofp'> <InPorts = 1> <OutPorts = 1>

State 150 <SV = 149> <Delay = 2.66>
ST_150 : Operation 435 [1/4] (2.66ns)   --->   "%conv = uitofp i32 %u_degree" [../pageRankReduce/pageRank.cpp:103]   --->   Operation 435 'uitofp' 'conv' <Predicate = true> <Delay = 2.66> <CoreInst = "Int2Float">   --->   Core 62 'Int2Float' <Latency = 3> <II = 1> <Delay = 2.66> <FuncUnit> <Opcode : 'uitofp' 'sitofp'> <InPorts = 1> <OutPorts = 1>

State 151 <SV = 150> <Delay = 2.32>
ST_151 : Operation 436 [1/1] (0.00ns)   --->   "%Pcurr_u = bitcast i32 %trunc_ln102_3" [../pageRankReduce/pageRank.cpp:102]   --->   Operation 436 'bitcast' 'Pcurr_u' <Predicate = true> <Delay = 0.00>
ST_151 : Operation 437 [12/12] (2.32ns)   --->   "%contribution = fdiv i32 %Pcurr_u, i32 %conv" [../pageRankReduce/pageRank.cpp:103]   --->   Operation 437 'fdiv' 'contribution' <Predicate = true> <Delay = 2.32> <CoreInst = "FDiv">   --->   Core 20 'FDiv' <Latency = 11> <II = 1> <Delay = 2.32> <FuncUnit> <Opcode : 'fdiv' 'frem'> <InPorts = 2> <OutPorts = 1>

State 152 <SV = 151> <Delay = 2.32>
ST_152 : Operation 438 [11/12] (2.32ns)   --->   "%contribution = fdiv i32 %Pcurr_u, i32 %conv" [../pageRankReduce/pageRank.cpp:103]   --->   Operation 438 'fdiv' 'contribution' <Predicate = true> <Delay = 2.32> <CoreInst = "FDiv">   --->   Core 20 'FDiv' <Latency = 11> <II = 1> <Delay = 2.32> <FuncUnit> <Opcode : 'fdiv' 'frem'> <InPorts = 2> <OutPorts = 1>

State 153 <SV = 152> <Delay = 2.32>
ST_153 : Operation 439 [10/12] (2.32ns)   --->   "%contribution = fdiv i32 %Pcurr_u, i32 %conv" [../pageRankReduce/pageRank.cpp:103]   --->   Operation 439 'fdiv' 'contribution' <Predicate = true> <Delay = 2.32> <CoreInst = "FDiv">   --->   Core 20 'FDiv' <Latency = 11> <II = 1> <Delay = 2.32> <FuncUnit> <Opcode : 'fdiv' 'frem'> <InPorts = 2> <OutPorts = 1>

State 154 <SV = 153> <Delay = 2.32>
ST_154 : Operation 440 [9/12] (2.32ns)   --->   "%contribution = fdiv i32 %Pcurr_u, i32 %conv" [../pageRankReduce/pageRank.cpp:103]   --->   Operation 440 'fdiv' 'contribution' <Predicate = true> <Delay = 2.32> <CoreInst = "FDiv">   --->   Core 20 'FDiv' <Latency = 11> <II = 1> <Delay = 2.32> <FuncUnit> <Opcode : 'fdiv' 'frem'> <InPorts = 2> <OutPorts = 1>

State 155 <SV = 154> <Delay = 2.32>
ST_155 : Operation 441 [8/12] (2.32ns)   --->   "%contribution = fdiv i32 %Pcurr_u, i32 %conv" [../pageRankReduce/pageRank.cpp:103]   --->   Operation 441 'fdiv' 'contribution' <Predicate = true> <Delay = 2.32> <CoreInst = "FDiv">   --->   Core 20 'FDiv' <Latency = 11> <II = 1> <Delay = 2.32> <FuncUnit> <Opcode : 'fdiv' 'frem'> <InPorts = 2> <OutPorts = 1>

State 156 <SV = 155> <Delay = 2.32>
ST_156 : Operation 442 [7/12] (2.32ns)   --->   "%contribution = fdiv i32 %Pcurr_u, i32 %conv" [../pageRankReduce/pageRank.cpp:103]   --->   Operation 442 'fdiv' 'contribution' <Predicate = true> <Delay = 2.32> <CoreInst = "FDiv">   --->   Core 20 'FDiv' <Latency = 11> <II = 1> <Delay = 2.32> <FuncUnit> <Opcode : 'fdiv' 'frem'> <InPorts = 2> <OutPorts = 1>

State 157 <SV = 156> <Delay = 2.32>
ST_157 : Operation 443 [6/12] (2.32ns)   --->   "%contribution = fdiv i32 %Pcurr_u, i32 %conv" [../pageRankReduce/pageRank.cpp:103]   --->   Operation 443 'fdiv' 'contribution' <Predicate = true> <Delay = 2.32> <CoreInst = "FDiv">   --->   Core 20 'FDiv' <Latency = 11> <II = 1> <Delay = 2.32> <FuncUnit> <Opcode : 'fdiv' 'frem'> <InPorts = 2> <OutPorts = 1>

State 158 <SV = 157> <Delay = 2.32>
ST_158 : Operation 444 [5/12] (2.32ns)   --->   "%contribution = fdiv i32 %Pcurr_u, i32 %conv" [../pageRankReduce/pageRank.cpp:103]   --->   Operation 444 'fdiv' 'contribution' <Predicate = true> <Delay = 2.32> <CoreInst = "FDiv">   --->   Core 20 'FDiv' <Latency = 11> <II = 1> <Delay = 2.32> <FuncUnit> <Opcode : 'fdiv' 'frem'> <InPorts = 2> <OutPorts = 1>

State 159 <SV = 158> <Delay = 2.32>
ST_159 : Operation 445 [4/12] (2.32ns)   --->   "%contribution = fdiv i32 %Pcurr_u, i32 %conv" [../pageRankReduce/pageRank.cpp:103]   --->   Operation 445 'fdiv' 'contribution' <Predicate = true> <Delay = 2.32> <CoreInst = "FDiv">   --->   Core 20 'FDiv' <Latency = 11> <II = 1> <Delay = 2.32> <FuncUnit> <Opcode : 'fdiv' 'frem'> <InPorts = 2> <OutPorts = 1>

State 160 <SV = 159> <Delay = 2.32>
ST_160 : Operation 446 [3/12] (2.32ns)   --->   "%contribution = fdiv i32 %Pcurr_u, i32 %conv" [../pageRankReduce/pageRank.cpp:103]   --->   Operation 446 'fdiv' 'contribution' <Predicate = true> <Delay = 2.32> <CoreInst = "FDiv">   --->   Core 20 'FDiv' <Latency = 11> <II = 1> <Delay = 2.32> <FuncUnit> <Opcode : 'fdiv' 'frem'> <InPorts = 2> <OutPorts = 1>

State 161 <SV = 160> <Delay = 2.32>
ST_161 : Operation 447 [2/12] (2.32ns)   --->   "%contribution = fdiv i32 %Pcurr_u, i32 %conv" [../pageRankReduce/pageRank.cpp:103]   --->   Operation 447 'fdiv' 'contribution' <Predicate = true> <Delay = 2.32> <CoreInst = "FDiv">   --->   Core 20 'FDiv' <Latency = 11> <II = 1> <Delay = 2.32> <FuncUnit> <Opcode : 'fdiv' 'frem'> <InPorts = 2> <OutPorts = 1>
ST_161 : Operation 454 [1/1] (0.38ns)   --->   "%ret_ln0 = ret"   --->   Operation 454 'ret' 'ret_ln0' <Predicate = (icmp_ln95)> <Delay = 0.38>

State 162 <SV = 161> <Delay = 2.32>
ST_162 : Operation 448 [1/12] (2.32ns)   --->   "%contribution = fdiv i32 %Pcurr_u, i32 %conv" [../pageRankReduce/pageRank.cpp:103]   --->   Operation 448 'fdiv' 'contribution' <Predicate = true> <Delay = 2.32> <CoreInst = "FDiv">   --->   Core 20 'FDiv' <Latency = 11> <II = 1> <Delay = 2.32> <FuncUnit> <Opcode : 'fdiv' 'frem'> <InPorts = 2> <OutPorts = 1>

State 163 <SV = 162> <Delay = 1.14>
ST_163 : Operation 449 [1/1] (0.00ns)   --->   "%specpipeline_ln96 = specpipeline void @_ssdm_op_SpecPipeline, i32 1, i32 0, i32 0, i32 0, void @empty_16" [../pageRankReduce/pageRank.cpp:96]   --->   Operation 449 'specpipeline' 'specpipeline_ln96' <Predicate = true> <Delay = 0.00>
ST_163 : Operation 450 [1/1] (0.00ns)   --->   "%specloopname_ln95 = specloopname void @_ssdm_op_SpecLoopName, void @empty" [../pageRankReduce/pageRank.cpp:95]   --->   Operation 450 'specloopname' 'specloopname_ln95' <Predicate = true> <Delay = 0.00>
ST_163 : Operation 451 [1/1] (0.00ns)   --->   "%bitcast_ln104 = bitcast i32 %contribution" [../pageRankReduce/pageRank.cpp:104]   --->   Operation 451 'bitcast' 'bitcast_ln104' <Predicate = true> <Delay = 0.00>
ST_163 : Operation 452 [1/1] ( I:1.14ns O:1.14ns )   --->   "%write_ln104 = write void @_ssdm_op_Write.ap_fifo.volatile.i32P0A, i32 %adder_in_feed_1, i32 %bitcast_ln104" [../pageRankReduce/pageRank.cpp:104]   --->   Operation 452 'write' 'write_ln104' <Predicate = true> <Delay = 1.14> <CoreInst = "FIFO">   --->   Core 77 'FIFO' <Latency = 0> <II = 1> <Delay = 1.14> <Storage> <Opcode : 'read' 'write' 'nbread' 'nbwrite'> <Ports = 0> <Width = 32> <Depth = 128> <FIFO>
ST_163 : Operation 453 [1/1] (0.00ns)   --->   "%br_ln95 = br void %for.inc" [../pageRankReduce/pageRank.cpp:95]   --->   Operation 453 'br' 'br_ln95' <Predicate = true> <Delay = 0.00>


============================================================
+ Verbose Summary: Binding
============================================================
STG Binding: 
---------------- STG Properties BEGIN ----------------
- Is combinational: 0
- Is one-state seq: 0
- Is datapath-only: 0
- Is pipelined: 0
- Is top level: 0
Port [ Return ] is wired: 1; IO mode=ap_ctrl_hs:ce=0
Port [ v_size]:  wired=1; compound=0; hidden=0; nouse=0; global=0; static=0; extern=0; dir=0; type=0; pingpong=0; private_global=0; IO mode=ap_none:ce=0
Port [ mem0]:  wired=1; compound=0; hidden=0; nouse=0; global=0; static=0; extern=0; dir=0; type=0; pingpong=0; private_global=0; IO mode=ap_none:ce=0
Port [ v_neighbours]:  wired=1; compound=0; hidden=0; nouse=0; global=0; static=0; extern=0; dir=0; type=0; pingpong=0; private_global=0; IO mode=ap_none:ce=0
Port [ gmem_CHN_1]:  wired=1; compound=1; hidden=0; nouse=0; global=0; static=0; extern=0; dir=0; type=4; pingpong=0; private_global=0; IO mode=m_axi:ce=0
Port [ adj_list]:  wired=1; compound=0; hidden=0; nouse=0; global=0; static=0; extern=0; dir=0; type=0; pingpong=0; private_global=0; IO mode=ap_none:ce=0
Port [ mem1]:  wired=1; compound=0; hidden=0; nouse=0; global=0; static=0; extern=0; dir=0; type=0; pingpong=0; private_global=0; IO mode=ap_none:ce=0
Port [ Pcurr]:  wired=1; compound=0; hidden=0; nouse=0; global=0; static=0; extern=0; dir=0; type=0; pingpong=0; private_global=0; IO mode=ap_none:ce=0
Port [ gmem_CHN_2]:  wired=1; compound=1; hidden=0; nouse=0; global=0; static=0; extern=0; dir=0; type=4; pingpong=0; private_global=0; IO mode=m_axi:ce=0
Port [ adder_in_feed_1]:  wired=1; compound=1; hidden=0; nouse=0; global=0; static=0; extern=0; dir=1; type=3; pingpong=0; private_global=0; IO mode=ap_fifo:ce=0
---------------- STG Properties END ------------------

---------------- Datapath Model BEGIN ----------------

<LifeTime>
<method=bitvector/>
i                      (alloca        ) [ 01000000000000000000000000000000000000000000000000000000000000000000000000000000000000000000000000000000000000000000000000000000000000000000000000000000000000000000]
specinterface_ln0      (specinterface ) [ 00000000000000000000000000000000000000000000000000000000000000000000000000000000000000000000000000000000000000000000000000000000000000000000000000000000000000000000]
specinterface_ln0      (specinterface ) [ 00000000000000000000000000000000000000000000000000000000000000000000000000000000000000000000000000000000000000000000000000000000000000000000000000000000000000000000]
specinterface_ln0      (specinterface ) [ 00000000000000000000000000000000000000000000000000000000000000000000000000000000000000000000000000000000000000000000000000000000000000000000000000000000000000000000]
Pcurr_read             (read          ) [ 01111111111111111111111111111111111111111111111111111111111111111111111111100000000000000000000000000000000000000000000000000000000000000000000000000000000000000000]
mem1_read              (read          ) [ 01111111111111111111111111111111111111111111111111111111111111111111111111100000000000000000000000000000000000000000000000000000000000000000000000000000000000000000]
adj_list_read          (read          ) [ 01111111111111111111111111111111111111111111111111111111111111111111111111100000000000000000000000000000000000000000000000000000000000000000000000000000000000000000]
v_neighbours_read      (read          ) [ 00000000000000000000000000000000000000000000000000000000000000000000000000000000000000000000000000000000000000000000000000000000000000000000000000000000000000000000]
mem0_read              (read          ) [ 01111111111111111111111111111111111111111111111111111111111111111111111111100000000000000000000000000000000000000000000000000000000000000000000000000000000000000000]
v_size_read            (read          ) [ 00000000000000000000000000000000000000000000000000000000000000000000000000000000000000000000000000000000000000000000000000000000000000000000000000000000000000000000]
store_ln95             (store         ) [ 00000000000000000000000000000000000000000000000000000000000000000000000000000000000000000000000000000000000000000000000000000000000000000000000000000000000000000000]
br_ln0                 (br            ) [ 00000000000000000000000000000000000000000000000000000000000000000000000000000000000000000000000000000000000000000000000000000000000000000000000000000000000000000000]
i_1                    (load          ) [ 00000000000000000000000000000000000000000000000000000000000000000000000000000000000000000000000000000000000000000000000000000000000000000000000000000000000000000000]
icmp_ln95              (icmp          ) [ 01111111111111111111111111111111111111111111111111111111111111111111111111111111111111111111111111111111111111111111111111111111111111111111111111111111111111111100]
br_ln95                (br            ) [ 00000000000000000000000000000000000000000000000000000000000000000000000000000000000000000000000000000000000000000000000000000000000000000000000000000000000000000000]
add_ln95               (add           ) [ 00000000000000000000000000000000000000000000000000000000000000000000000000000000000000000000000000000000000000000000000000000000000000000000000000000000000000000000]
shl_ln                 (bitconcatenate) [ 00000000000000000000000000000000000000000000000000000000000000000000000000000000000000000000000000000000000000000000000000000000000000000000000000000000000000000000]
zext_ln97              (zext          ) [ 00000000000000000000000000000000000000000000000000000000000000000000000000000000000000000000000000000000000000000000000000000000000000000000000000000000000000000000]
add_ln97               (add           ) [ 00000000000000000000000000000000000000000000000000000000000000000000000000000000000000000000000000000000000000000000000000000000000000000000000000000000000000000000]
add_ln97_1             (add           ) [ 00000000000000000000000000000000000000000000000000000000000000000000000000000000000000000000000000000000000000000000000000000000000000000000000000000000000000000000]
trunc_ln97_1           (partselect    ) [ 00100000000000000000000000000000000000000000000000000000000000000000000000000000000000000000000000000000000000000000000000000000000000000000000000000000000000000000]
trunc_ln97             (trunc         ) [ 01111111111111111111111111111111111111111111111111111111111111111111111111100000000000000000000000000000000000000000000000000000000000000000000000000000000000000000]
store_ln95             (store         ) [ 00000000000000000000000000000000000000000000000000000000000000000000000000000000000000000000000000000000000000000000000000000000000000000000000000000000000000000000]
sext_ln97              (sext          ) [ 00000000000000000000000000000000000000000000000000000000000000000000000000000000000000000000000000000000000000000000000000000000000000000000000000000000000000000000]
gmem_CHN_1_addr        (getelementptr ) [ 01111111111111111111111111111111111111111111111111111111111111111111111111000000000000000000000000000000000000000000000000000000000000000000000000000000000000000000]
gmem_CHN_1_load_req    (readreq       ) [ 00000000000000000000000000000000000000000000000000000000000000000000000000000000000000000000000000000000000000000000000000000000000000000000000000000000000000000000]
gmem_CHN_1_addr_read   (read          ) [ 00100000000000000000000000000000000000000000000000000000000000000000000000100000000000000000000000000000000000000000000000000000000000000000000000000000000000000000]
shl_ln97_1             (bitconcatenate) [ 00000000000000000000000000000000000000000000000000000000000000000000000000000000000000000000000000000000000000000000000000000000000000000000000000000000000000000000]
zext_ln97_1            (zext          ) [ 00000000000000000000000000000000000000000000000000000000000000000000000000000000000000000000000000000000000000000000000000000000000000000000000000000000000000000000]
lshr_ln97              (lshr          ) [ 00000000000000000000000000000000000000000000000000000000000000000000000000000000000000000000000000000000000000000000000000000000000000000000000000000000000000000000]
trunc_ln101            (trunc         ) [ 00000000000000000000000000000000000000000000000000000000000000000000000000000000000000000000000000000000000000000000000000000000000000000000000000000000000000000000]
add_ln101              (add           ) [ 00000000000000000000000000000000000000000000000000000000000000000000000000000000000000000000000000000000000000000000000000000000000000000000000000000000000000000000]
or_ln                  (bitconcatenate) [ 00000000000000000000000000000000000000000000000000000000000000000000000000000000000000000000000000000000000000000000000000000000000000000000000000000000000000000000]
zext_ln101             (zext          ) [ 00000000000000000000000000000000000000000000000000000000000000000000000000000000000000000000000000000000000000000000000000000000000000000000000000000000000000000000]
add_ln101_1            (add           ) [ 00000000000000000000000000000000000000000000000000000000000000000000000000000000000000000000000000000000000000000000000000000000000000000000000000000000000000000000]
trunc_ln               (partselect    ) [ 01000000000000000000000000000000000000000000000000000000000000000000000000010000000000000000000000000000000000000000000000000000000000000000000000000000000000000000]
trunc_ln102            (trunc         ) [ 00000000000000000000000000000000000000000000000000000000000000000000000000000000000000000000000000000000000000000000000000000000000000000000000000000000000000000000]
shl_ln1                (bitconcatenate) [ 00000000000000000000000000000000000000000000000000000000000000000000000000000000000000000000000000000000000000000000000000000000000000000000000000000000000000000000]
zext_ln102             (zext          ) [ 00000000000000000000000000000000000000000000000000000000000000000000000000000000000000000000000000000000000000000000000000000000000000000000000000000000000000000000]
add_ln102              (add           ) [ 00000000000000000000000000000000000000000000000000000000000000000000000000000000000000000000000000000000000000000000000000000000000000000000000000000000000000000000]
add_ln102_1            (add           ) [ 00000000000000000000000000000000000000000000000000000000000000000000000000000000000000000000000000000000000000000000000000000000000000000000000000000000000000000000]
trunc_ln102_2          (partselect    ) [ 01000000000000000000000000000000000000000000000000000000000000000000000000010000000000000000000000000000000000000000000000000000000000000000000000000000000000000000]
trunc_ln102_1          (trunc         ) [ 01100000000000000000000000000000000000000000000000000000000000000000000000011111111111111111111111111111111111111111111111111111111111111111111111110000000000000000]
sext_ln101             (sext          ) [ 00000000000000000000000000000000000000000000000000000000000000000000000000000000000000000000000000000000000000000000000000000000000000000000000000000000000000000000]
gmem_CHN_1_addr_1      (getelementptr ) [ 01100000000000000000000000000000000000000000000000000000000000000000000000001111111111111111111111111111111111111111111111111111111111111111111111100000000000000000]
sext_ln102             (sext          ) [ 00000000000000000000000000000000000000000000000000000000000000000000000000000000000000000000000000000000000000000000000000000000000000000000000000000000000000000000]
gmem_CHN_2_addr        (getelementptr ) [ 01100000000000000000000000000000000000000000000000000000000000000000000000001111111111111111111111111111111111111111111111111111111111111111111111100000000000000000]
gmem_CHN_1_load_1_req  (readreq       ) [ 00000000000000000000000000000000000000000000000000000000000000000000000000000000000000000000000000000000000000000000000000000000000000000000000000000000000000000000]
gmem_CHN_2_load_req    (readreq       ) [ 00000000000000000000000000000000000000000000000000000000000000000000000000000000000000000000000000000000000000000000000000000000000000000000000000000000000000000000]
gmem_CHN_1_addr_1_read (read          ) [ 00000000000000000000000000000000000000000000000000000000000000000000000000000000000000000000000000000000000000000000000000000000000000000000000000000000000000000000]
u_degree               (trunc         ) [ 01100000000000000000000000000000000000000000000000000000000000000000000000000000000000000000000000000000000000000000000000000000000000000000000000011110000000000000]
gmem_CHN_2_addr_read   (read          ) [ 01000000000000000000000000000000000000000000000000000000000000000000000000000000000000000000000000000000000000000000000000000000000000000000000000010000000000000000]
shl_ln102_1            (bitconcatenate) [ 00000000000000000000000000000000000000000000000000000000000000000000000000000000000000000000000000000000000000000000000000000000000000000000000000000000000000000000]
zext_ln102_1           (zext          ) [ 00000000000000000000000000000000000000000000000000000000000000000000000000000000000000000000000000000000000000000000000000000000000000000000000000000000000000000000]
lshr_ln102             (lshr          ) [ 00000000000000000000000000000000000000000000000000000000000000000000000000000000000000000000000000000000000000000000000000000000000000000000000000000000000000000000]
trunc_ln102_3          (trunc         ) [ 01100000000000000000000000000000000000000000000000000000000000000000000000000000000000000000000000000000000000000000000000000000000000000000000000001111000000000000]
conv                   (uitofp        ) [ 01100000000000000000000000000000000000000000000000000000000000000000000000000000000000000000000000000000000000000000000000000000000000000000000000000001111111111110]
Pcurr_u                (bitcast       ) [ 01100000000000000000000000000000000000000000000000000000000000000000000000000000000000000000000000000000000000000000000000000000000000000000000000000000111111111110]
contribution           (fdiv          ) [ 01000000000000000000000000000000000000000000000000000000000000000000000000000000000000000000000000000000000000000000000000000000000000000000000000000000000000000001]
specpipeline_ln96      (specpipeline  ) [ 00000000000000000000000000000000000000000000000000000000000000000000000000000000000000000000000000000000000000000000000000000000000000000000000000000000000000000000]
specloopname_ln95      (specloopname  ) [ 00000000000000000000000000000000000000000000000000000000000000000000000000000000000000000000000000000000000000000000000000000000000000000000000000000000000000000000]
bitcast_ln104          (bitcast       ) [ 00000000000000000000000000000000000000000000000000000000000000000000000000000000000000000000000000000000000000000000000000000000000000000000000000000000000000000000]
write_ln104            (write         ) [ 00000000000000000000000000000000000000000000000000000000000000000000000000000000000000000000000000000000000000000000000000000000000000000000000000000000000000000000]
br_ln95                (br            ) [ 00000000000000000000000000000000000000000000000000000000000000000000000000000000000000000000000000000000000000000000000000000000000000000000000000000000000000000000]
ret_ln0                (ret           ) [ 00000000000000000000000000000000000000000000000000000000000000000000000000000000000000000000000000000000000000000000000000000000000000000000000000000000000000000000]
</LifeTime>

<model>

<comp_list>
<comp id="0" class="1000" name="v_size">
<pin_list>
<pin id="1" dir="1" index="0" bw="1" slack="0"/>
</pin_list>
<bind>
<StgValue><ssdm name="v_size"/></StgValue>
</bind>
</comp>

<comp id="2" class="1000" name="mem0">
<pin_list>
<pin id="3" dir="1" index="0" bw="1" slack="0"/>
</pin_list>
<bind>
<StgValue><ssdm name="mem0"/></StgValue>
</bind>
</comp>

<comp id="4" class="1000" name="v_neighbours">
<pin_list>
<pin id="5" dir="1" index="0" bw="1" slack="0"/>
</pin_list>
<bind>
<StgValue><ssdm name="v_neighbours"/></StgValue>
</bind>
</comp>

<comp id="6" class="1000" name="gmem_CHN_1">
<pin_list>
<pin id="7" dir="1" index="0" bw="1" slack="0"/>
</pin_list>
<bind>
<StgValue><ssdm name="gmem_CHN_1"/><MemPortTyVec>0 </MemPortTyVec>
</StgValue>
</bind>
</comp>

<comp id="8" class="1000" name="adj_list">
<pin_list>
<pin id="9" dir="1" index="0" bw="1" slack="0"/>
</pin_list>
<bind>
<StgValue><ssdm name="adj_list"/></StgValue>
</bind>
</comp>

<comp id="10" class="1000" name="mem1">
<pin_list>
<pin id="11" dir="1" index="0" bw="1" slack="0"/>
</pin_list>
<bind>
<StgValue><ssdm name="mem1"/></StgValue>
</bind>
</comp>

<comp id="12" class="1000" name="Pcurr">
<pin_list>
<pin id="13" dir="1" index="0" bw="1" slack="0"/>
</pin_list>
<bind>
<StgValue><ssdm name="Pcurr"/></StgValue>
</bind>
</comp>

<comp id="14" class="1000" name="gmem_CHN_2">
<pin_list>
<pin id="15" dir="1" index="0" bw="1" slack="0"/>
</pin_list>
<bind>
<StgValue><ssdm name="gmem_CHN_2"/><MemPortTyVec>0 </MemPortTyVec>
</StgValue>
</bind>
</comp>

<comp id="16" class="1000" name="adder_in_feed_1">
<pin_list>
<pin id="17" dir="1" index="0" bw="1" slack="0"/>
</pin_list>
<bind>
<StgValue><ssdm name="adder_in_feed_1"/></StgValue>
</bind>
</comp>

<comp id="18" class="1001" name="const_18">
<pin_list>
<pin id="19" dir="1" index="0" bw="1" slack="0"/>
</pin_list>
<bind>
<StgValue><ssdm name=""/></StgValue>
</bind>
</comp>

<comp id="20" class="1001" name="const_20">
<pin_list>
<pin id="21" dir="1" index="0" bw="1" slack="2147483647"/>
</pin_list>
<bind>
<StgValue><ssdm name="_ssdm_op_SpecInterface"/></StgValue>
</bind>
</comp>

<comp id="22" class="1001" name="const_22">
<pin_list>
<pin id="23" dir="1" index="0" bw="1" slack="2147483647"/>
</pin_list>
<bind>
<StgValue><ssdm name="empty_17"/></StgValue>
</bind>
</comp>

<comp id="24" class="1001" name="const_24">
<pin_list>
<pin id="25" dir="1" index="0" bw="1" slack="0"/>
</pin_list>
<bind>
<StgValue><ssdm name=""/></StgValue>
</bind>
</comp>

<comp id="26" class="1001" name="const_26">
<pin_list>
<pin id="27" dir="1" index="0" bw="1" slack="2147483647"/>
</pin_list>
<bind>
<StgValue><ssdm name="empty_16"/></StgValue>
</bind>
</comp>

<comp id="28" class="1001" name="const_28">
<pin_list>
<pin id="29" dir="1" index="0" bw="1" slack="2147483647"/>
</pin_list>
<bind>
<StgValue><ssdm name=""/></StgValue>
</bind>
</comp>

<comp id="30" class="1001" name="const_30">
<pin_list>
<pin id="31" dir="1" index="0" bw="1" slack="2147483647"/>
</pin_list>
<bind>
<StgValue><ssdm name="empty_15"/></StgValue>
</bind>
</comp>

<comp id="32" class="1001" name="const_32">
<pin_list>
<pin id="33" dir="1" index="0" bw="1" slack="2147483647"/>
</pin_list>
<bind>
<StgValue><ssdm name="empty_14"/></StgValue>
</bind>
</comp>

<comp id="34" class="1001" name="const_34">
<pin_list>
<pin id="35" dir="1" index="0" bw="1" slack="2147483647"/>
</pin_list>
<bind>
<StgValue><ssdm name=""/></StgValue>
</bind>
</comp>

<comp id="36" class="1001" name="const_36">
<pin_list>
<pin id="37" dir="1" index="0" bw="1" slack="2147483647"/>
</pin_list>
<bind>
<StgValue><ssdm name=""/></StgValue>
</bind>
</comp>

<comp id="38" class="1001" name="const_38">
<pin_list>
<pin id="39" dir="1" index="0" bw="1" slack="2147483647"/>
</pin_list>
<bind>
<StgValue><ssdm name=""/></StgValue>
</bind>
</comp>

<comp id="40" class="1001" name="const_40">
<pin_list>
<pin id="41" dir="1" index="0" bw="1" slack="2147483647"/>
</pin_list>
<bind>
<StgValue><ssdm name="empty_4"/></StgValue>
</bind>
</comp>

<comp id="42" class="1001" name="const_42">
<pin_list>
<pin id="43" dir="1" index="0" bw="1" slack="0"/>
</pin_list>
<bind>
<StgValue><ssdm name="_ssdm_op_Read.ap_auto.i64"/></StgValue>
</bind>
</comp>

<comp id="44" class="1001" name="const_44">
<pin_list>
<pin id="45" dir="1" index="0" bw="1" slack="0"/>
</pin_list>
<bind>
<StgValue><ssdm name="_ssdm_op_Read.ap_auto.i32"/></StgValue>
</bind>
</comp>

<comp id="46" class="1001" name="const_46">
<pin_list>
<pin id="47" dir="1" index="0" bw="1" slack="0"/>
</pin_list>
<bind>
<StgValue><ssdm name="_ssdm_op_BitConcatenate.i34.i32.i2"/></StgValue>
</bind>
</comp>

<comp id="48" class="1001" name="const_48">
<pin_list>
<pin id="49" dir="1" index="0" bw="1" slack="0"/>
</pin_list>
<bind>
<StgValue><ssdm name=""/></StgValue>
</bind>
</comp>

<comp id="50" class="1001" name="const_50">
<pin_list>
<pin id="51" dir="1" index="0" bw="1" slack="0"/>
</pin_list>
<bind>
<StgValue><ssdm name="_ssdm_op_PartSelect.i61.i64.i32.i32"/></StgValue>
</bind>
</comp>

<comp id="52" class="1001" name="const_52">
<pin_list>
<pin id="53" dir="1" index="0" bw="1" slack="0"/>
</pin_list>
<bind>
<StgValue><ssdm name=""/></StgValue>
</bind>
</comp>

<comp id="54" class="1001" name="const_54">
<pin_list>
<pin id="55" dir="1" index="0" bw="1" slack="0"/>
</pin_list>
<bind>
<StgValue><ssdm name=""/></StgValue>
</bind>
</comp>

<comp id="56" class="1001" name="const_56">
<pin_list>
<pin id="57" dir="1" index="0" bw="1" slack="0"/>
</pin_list>
<bind>
<StgValue><ssdm name="_ssdm_op_ReadReq.m_axi.i64P1A"/></StgValue>
</bind>
</comp>

<comp id="58" class="1001" name="const_58">
<pin_list>
<pin id="59" dir="1" index="0" bw="1" slack="0"/>
</pin_list>
<bind>
<StgValue><ssdm name=""/></StgValue>
</bind>
</comp>

<comp id="60" class="1001" name="const_60">
<pin_list>
<pin id="61" dir="1" index="0" bw="1" slack="0"/>
</pin_list>
<bind>
<StgValue><ssdm name="_ssdm_op_Read.m_axi.i64P1A"/></StgValue>
</bind>
</comp>

<comp id="62" class="1001" name="const_62">
<pin_list>
<pin id="63" dir="1" index="0" bw="1" slack="0"/>
</pin_list>
<bind>
<StgValue><ssdm name="_ssdm_op_BitConcatenate.i6.i3.i3"/></StgValue>
</bind>
</comp>

<comp id="64" class="1001" name="const_64">
<pin_list>
<pin id="65" dir="1" index="0" bw="1" slack="0"/>
</pin_list>
<bind>
<StgValue><ssdm name=""/></StgValue>
</bind>
</comp>

<comp id="66" class="1001" name="const_66">
<pin_list>
<pin id="67" dir="1" index="0" bw="1" slack="0"/>
</pin_list>
<bind>
<StgValue><ssdm name="_ssdm_op_BitConcatenate.i32.i28.i4"/></StgValue>
</bind>
</comp>

<comp id="68" class="1001" name="const_68">
<pin_list>
<pin id="69" dir="1" index="0" bw="1" slack="0"/>
</pin_list>
<bind>
<StgValue><ssdm name=""/></StgValue>
</bind>
</comp>

<comp id="70" class="1001" name="const_70">
<pin_list>
<pin id="71" dir="1" index="0" bw="1" slack="2147483647"/>
</pin_list>
<bind>
<StgValue><ssdm name="_ssdm_op_SpecPipeline"/></StgValue>
</bind>
</comp>

<comp id="72" class="1001" name="const_72">
<pin_list>
<pin id="73" dir="1" index="0" bw="1" slack="2147483647"/>
</pin_list>
<bind>
<StgValue><ssdm name="_ssdm_op_SpecLoopName"/></StgValue>
</bind>
</comp>

<comp id="74" class="1001" name="const_74">
<pin_list>
<pin id="75" dir="1" index="0" bw="1" slack="2147483647"/>
</pin_list>
<bind>
<StgValue><ssdm name="empty"/></StgValue>
</bind>
</comp>

<comp id="76" class="1001" name="const_76">
<pin_list>
<pin id="77" dir="1" index="0" bw="1" slack="0"/>
</pin_list>
<bind>
<StgValue><ssdm name="_ssdm_op_Write.ap_fifo.volatile.i32P0A"/></StgValue>
</bind>
</comp>

<comp id="78" class="1004" name="i_fu_78">
<pin_list>
<pin id="79" dir="0" index="0" bw="1" slack="0"/>
<pin id="80" dir="1" index="1" bw="32" slack="0"/>
</pin_list>
<bind>
<opcode="alloca(26) " fcode="alloca"/>
<opset="i/1 "/>
</bind>
</comp>

<comp id="82" class="1004" name="Pcurr_read_read_fu_82">
<pin_list>
<pin id="83" dir="0" index="0" bw="64" slack="0"/>
<pin id="84" dir="0" index="1" bw="64" slack="0"/>
<pin id="85" dir="1" index="2" bw="64" slack="73"/>
</pin_list>
<bind>
<opcode="read(1150) " fcode="read"/>
<opset="Pcurr_read/1 "/>
</bind>
</comp>

<comp id="88" class="1004" name="mem1_read_read_fu_88">
<pin_list>
<pin id="89" dir="0" index="0" bw="64" slack="0"/>
<pin id="90" dir="0" index="1" bw="64" slack="0"/>
<pin id="91" dir="1" index="2" bw="64" slack="73"/>
</pin_list>
<bind>
<opcode="read(1150) " fcode="read"/>
<opset="mem1_read/1 "/>
</bind>
</comp>

<comp id="94" class="1004" name="adj_list_read_read_fu_94">
<pin_list>
<pin id="95" dir="0" index="0" bw="64" slack="0"/>
<pin id="96" dir="0" index="1" bw="64" slack="0"/>
<pin id="97" dir="1" index="2" bw="64" slack="73"/>
</pin_list>
<bind>
<opcode="read(1150) " fcode="read"/>
<opset="adj_list_read/1 "/>
</bind>
</comp>

<comp id="100" class="1004" name="v_neighbours_read_read_fu_100">
<pin_list>
<pin id="101" dir="0" index="0" bw="64" slack="0"/>
<pin id="102" dir="0" index="1" bw="64" slack="0"/>
<pin id="103" dir="1" index="2" bw="64" slack="0"/>
</pin_list>
<bind>
<opcode="read(1150) " fcode="read"/>
<opset="v_neighbours_read/1 "/>
</bind>
</comp>

<comp id="106" class="1004" name="mem0_read_read_fu_106">
<pin_list>
<pin id="107" dir="0" index="0" bw="64" slack="0"/>
<pin id="108" dir="0" index="1" bw="64" slack="0"/>
<pin id="109" dir="1" index="2" bw="64" slack="0"/>
</pin_list>
<bind>
<opcode="read(1150) " fcode="read"/>
<opset="mem0_read/1 "/>
</bind>
</comp>

<comp id="112" class="1004" name="v_size_read_read_fu_112">
<pin_list>
<pin id="113" dir="0" index="0" bw="32" slack="0"/>
<pin id="114" dir="0" index="1" bw="32" slack="0"/>
<pin id="115" dir="1" index="2" bw="32" slack="0"/>
</pin_list>
<bind>
<opcode="read(1150) " fcode="read"/>
<opset="v_size_read/1 "/>
</bind>
</comp>

<comp id="118" class="1004" name="write_ln104_write_fu_118">
<pin_list>
<pin id="119" dir="0" index="0" bw="0" slack="0"/>
<pin id="120" dir="0" index="1" bw="32" slack="0"/>
<pin id="121" dir="0" index="2" bw="32" slack="0"/>
<pin id="122" dir="1" index="3" bw="0" slack="2147483647"/>
</pin_list>
<bind>
<opcode="write(1151) " fcode="write"/>
<opset="write_ln104/163 "/>
</bind>
</comp>

<comp id="125" class="1004" name="grp_readreq_fu_125">
<pin_list>
<pin id="126" dir="0" index="0" bw="1" slack="0"/>
<pin id="127" dir="0" index="1" bw="64" slack="0"/>
<pin id="128" dir="0" index="2" bw="1" slack="0"/>
<pin id="129" dir="1" index="3" bw="1" slack="2147483647"/>
</pin_list>
<bind>
<opcode="readreq(1154) " fcode="readreq"/>
<opset="gmem_CHN_1_load_req/2 gmem_CHN_1_load_1_req/75 "/>
</bind>
</comp>

<comp id="132" class="1004" name="grp_read_fu_132">
<pin_list>
<pin id="133" dir="0" index="0" bw="64" slack="0"/>
<pin id="134" dir="0" index="1" bw="64" slack="71"/>
<pin id="135" dir="1" index="2" bw="64" slack="0"/>
</pin_list>
<bind>
<opcode="read(1150) " fcode="read"/>
<opset="gmem_CHN_1_addr_read/73 gmem_CHN_1_addr_1_read/146 "/>
</bind>
</comp>

<comp id="137" class="1004" name="grp_readreq_fu_137">
<pin_list>
<pin id="138" dir="0" index="0" bw="1" slack="0"/>
<pin id="139" dir="0" index="1" bw="64" slack="0"/>
<pin id="140" dir="0" index="2" bw="1" slack="0"/>
<pin id="141" dir="1" index="3" bw="1" slack="2147483647"/>
</pin_list>
<bind>
<opcode="readreq(1154) " fcode="readreq"/>
<opset="gmem_CHN_2_load_req/75 "/>
</bind>
</comp>

<comp id="144" class="1004" name="gmem_CHN_2_addr_read_read_fu_144">
<pin_list>
<pin id="145" dir="0" index="0" bw="64" slack="0"/>
<pin id="146" dir="0" index="1" bw="64" slack="71"/>
<pin id="147" dir="1" index="2" bw="64" slack="1"/>
</pin_list>
<bind>
<opcode="read(1150) " fcode="read"/>
<opset="gmem_CHN_2_addr_read/146 "/>
</bind>
</comp>

<comp id="149" class="1004" name="grp_fu_149">
<pin_list>
<pin id="150" dir="0" index="0" bw="32" slack="0"/>
<pin id="151" dir="0" index="1" bw="32" slack="1"/>
<pin id="152" dir="1" index="2" bw="32" slack="1"/>
</pin_list>
<bind>
<opcode="fdiv(16) " fcode="fdiv"/>
<opset="contribution/151 "/>
</bind>
</comp>

<comp id="153" class="1004" name="grp_fu_153">
<pin_list>
<pin id="154" dir="0" index="0" bw="32" slack="1"/>
<pin id="155" dir="1" index="1" bw="32" slack="1"/>
</pin_list>
<bind>
<opcode="uitofp(38) " fcode="uitofp"/>
<opset="conv/147 "/>
</bind>
</comp>

<comp id="156" class="1004" name="store_ln95_store_fu_156">
<pin_list>
<pin id="157" dir="0" index="0" bw="1" slack="0"/>
<pin id="158" dir="0" index="1" bw="32" slack="0"/>
<pin id="159" dir="1" index="2" bw="0" slack="2147483647"/>
</pin_list>
<bind>
<opcode="store(28) " fcode="store"/>
<opset="store_ln95/1 "/>
</bind>
</comp>

<comp id="161" class="1004" name="i_1_load_fu_161">
<pin_list>
<pin id="162" dir="0" index="0" bw="32" slack="0"/>
<pin id="163" dir="1" index="1" bw="32" slack="0"/>
</pin_list>
<bind>
<opcode="load(27) " fcode="load"/>
<opset="i_1/1 "/>
</bind>
</comp>

<comp id="164" class="1004" name="icmp_ln95_fu_164">
<pin_list>
<pin id="165" dir="0" index="0" bw="32" slack="0"/>
<pin id="166" dir="0" index="1" bw="32" slack="0"/>
<pin id="167" dir="1" index="2" bw="1" slack="1"/>
</pin_list>
<bind>
<opcode="icmp(45) " fcode="icmp"/>
<opset="icmp_ln95/1 "/>
</bind>
</comp>

<comp id="170" class="1004" name="add_ln95_fu_170">
<pin_list>
<pin id="171" dir="0" index="0" bw="32" slack="0"/>
<pin id="172" dir="0" index="1" bw="1" slack="0"/>
<pin id="173" dir="1" index="2" bw="32" slack="0"/>
</pin_list>
<bind>
<opcode="add(8) " fcode="add"/>
<opset="add_ln95/1 "/>
</bind>
</comp>

<comp id="176" class="1004" name="shl_ln_fu_176">
<pin_list>
<pin id="177" dir="0" index="0" bw="34" slack="0"/>
<pin id="178" dir="0" index="1" bw="32" slack="0"/>
<pin id="179" dir="0" index="2" bw="1" slack="0"/>
<pin id="180" dir="1" index="3" bw="34" slack="0"/>
</pin_list>
<bind>
<opcode="bitconcatenate(1004) " fcode="bitconcatenate"/>
<opset="shl_ln/1 "/>
</bind>
</comp>

<comp id="184" class="1004" name="zext_ln97_fu_184">
<pin_list>
<pin id="185" dir="0" index="0" bw="34" slack="0"/>
<pin id="186" dir="1" index="1" bw="64" slack="0"/>
</pin_list>
<bind>
<opcode="zext(34) " fcode="zext"/>
<opset="zext_ln97/1 "/>
</bind>
</comp>

<comp id="188" class="1004" name="add_ln97_fu_188">
<pin_list>
<pin id="189" dir="0" index="0" bw="34" slack="0"/>
<pin id="190" dir="0" index="1" bw="64" slack="0"/>
<pin id="191" dir="1" index="2" bw="64" slack="0"/>
</pin_list>
<bind>
<opcode="add(8) " fcode="add"/>
<opset="add_ln97/1 "/>
</bind>
</comp>

<comp id="194" class="1004" name="add_ln97_1_fu_194">
<pin_list>
<pin id="195" dir="0" index="0" bw="64" slack="0"/>
<pin id="196" dir="0" index="1" bw="64" slack="0"/>
<pin id="197" dir="1" index="2" bw="64" slack="0"/>
</pin_list>
<bind>
<opcode="add(8) " fcode="add"/>
<opset="add_ln97_1/1 "/>
</bind>
</comp>

<comp id="200" class="1004" name="trunc_ln97_1_fu_200">
<pin_list>
<pin id="201" dir="0" index="0" bw="61" slack="0"/>
<pin id="202" dir="0" index="1" bw="64" slack="0"/>
<pin id="203" dir="0" index="2" bw="3" slack="0"/>
<pin id="204" dir="0" index="3" bw="7" slack="0"/>
<pin id="205" dir="1" index="4" bw="61" slack="1"/>
</pin_list>
<bind>
<opcode="partselect(1002) " fcode="partselect"/>
<opset="trunc_ln97_1/1 "/>
</bind>
</comp>

<comp id="210" class="1004" name="trunc_ln97_fu_210">
<pin_list>
<pin id="211" dir="0" index="0" bw="64" slack="0"/>
<pin id="212" dir="1" index="1" bw="3" slack="73"/>
</pin_list>
<bind>
<opcode="trunc(33) " fcode="trunc"/>
<opset="trunc_ln97/1 "/>
</bind>
</comp>

<comp id="214" class="1004" name="store_ln95_store_fu_214">
<pin_list>
<pin id="215" dir="0" index="0" bw="32" slack="0"/>
<pin id="216" dir="0" index="1" bw="32" slack="0"/>
<pin id="217" dir="1" index="2" bw="0" slack="2147483647"/>
</pin_list>
<bind>
<opcode="store(28) " fcode="store"/>
<opset="store_ln95/1 "/>
</bind>
</comp>

<comp id="219" class="1004" name="sext_ln97_fu_219">
<pin_list>
<pin id="220" dir="0" index="0" bw="61" slack="1"/>
<pin id="221" dir="1" index="1" bw="64" slack="0"/>
</pin_list>
<bind>
<opcode="sext(35) " fcode="sext"/>
<opset="sext_ln97/2 "/>
</bind>
</comp>

<comp id="222" class="1004" name="gmem_CHN_1_addr_fu_222">
<pin_list>
<pin id="223" dir="0" index="0" bw="64" slack="0"/>
<pin id="224" dir="0" index="1" bw="64" slack="0"/>
<pin id="225" dir="1" index="2" bw="64" slack="0"/>
</pin_list>
<bind>
<opcode="getelementptr(29) " fcode="getelementptr"/>
<opset="gmem_CHN_1_addr/2 "/>
</bind>
</comp>

<comp id="229" class="1004" name="shl_ln97_1_fu_229">
<pin_list>
<pin id="230" dir="0" index="0" bw="6" slack="0"/>
<pin id="231" dir="0" index="1" bw="3" slack="73"/>
<pin id="232" dir="0" index="2" bw="1" slack="0"/>
<pin id="233" dir="1" index="3" bw="6" slack="0"/>
</pin_list>
<bind>
<opcode="bitconcatenate(1004) " fcode="bitconcatenate"/>
<opset="shl_ln97_1/74 "/>
</bind>
</comp>

<comp id="236" class="1004" name="zext_ln97_1_fu_236">
<pin_list>
<pin id="237" dir="0" index="0" bw="6" slack="0"/>
<pin id="238" dir="1" index="1" bw="64" slack="0"/>
</pin_list>
<bind>
<opcode="zext(34) " fcode="zext"/>
<opset="zext_ln97_1/74 "/>
</bind>
</comp>

<comp id="240" class="1004" name="lshr_ln97_fu_240">
<pin_list>
<pin id="241" dir="0" index="0" bw="64" slack="1"/>
<pin id="242" dir="0" index="1" bw="6" slack="0"/>
<pin id="243" dir="1" index="2" bw="64" slack="0"/>
</pin_list>
<bind>
<opcode="lshr(21) " fcode="lshr"/>
<opset="lshr_ln97/74 "/>
</bind>
</comp>

<comp id="245" class="1004" name="trunc_ln101_fu_245">
<pin_list>
<pin id="246" dir="0" index="0" bw="64" slack="0"/>
<pin id="247" dir="1" index="1" bw="28" slack="0"/>
</pin_list>
<bind>
<opcode="trunc(33) " fcode="trunc"/>
<opset="trunc_ln101/74 "/>
</bind>
</comp>

<comp id="249" class="1004" name="add_ln101_fu_249">
<pin_list>
<pin id="250" dir="0" index="0" bw="64" slack="73"/>
<pin id="251" dir="0" index="1" bw="64" slack="73"/>
<pin id="252" dir="1" index="2" bw="64" slack="0"/>
</pin_list>
<bind>
<opcode="add(8) " fcode="add"/>
<opset="add_ln101/74 "/>
</bind>
</comp>

<comp id="253" class="1004" name="or_ln_fu_253">
<pin_list>
<pin id="254" dir="0" index="0" bw="32" slack="0"/>
<pin id="255" dir="0" index="1" bw="28" slack="0"/>
<pin id="256" dir="0" index="2" bw="4" slack="0"/>
<pin id="257" dir="1" index="3" bw="32" slack="0"/>
</pin_list>
<bind>
<opcode="bitconcatenate(1004) " fcode="bitconcatenate"/>
<opset="or_ln/74 "/>
</bind>
</comp>

<comp id="261" class="1004" name="zext_ln101_fu_261">
<pin_list>
<pin id="262" dir="0" index="0" bw="32" slack="0"/>
<pin id="263" dir="1" index="1" bw="64" slack="0"/>
</pin_list>
<bind>
<opcode="zext(34) " fcode="zext"/>
<opset="zext_ln101/74 "/>
</bind>
</comp>

<comp id="265" class="1004" name="add_ln101_1_fu_265">
<pin_list>
<pin id="266" dir="0" index="0" bw="32" slack="0"/>
<pin id="267" dir="0" index="1" bw="64" slack="0"/>
<pin id="268" dir="1" index="2" bw="64" slack="0"/>
</pin_list>
<bind>
<opcode="add(8) " fcode="add"/>
<opset="add_ln101_1/74 "/>
</bind>
</comp>

<comp id="271" class="1004" name="trunc_ln_fu_271">
<pin_list>
<pin id="272" dir="0" index="0" bw="61" slack="0"/>
<pin id="273" dir="0" index="1" bw="64" slack="0"/>
<pin id="274" dir="0" index="2" bw="3" slack="0"/>
<pin id="275" dir="0" index="3" bw="7" slack="0"/>
<pin id="276" dir="1" index="4" bw="61" slack="1"/>
</pin_list>
<bind>
<opcode="partselect(1002) " fcode="partselect"/>
<opset="trunc_ln/74 "/>
</bind>
</comp>

<comp id="281" class="1004" name="trunc_ln102_fu_281">
<pin_list>
<pin id="282" dir="0" index="0" bw="64" slack="0"/>
<pin id="283" dir="1" index="1" bw="32" slack="0"/>
</pin_list>
<bind>
<opcode="trunc(33) " fcode="trunc"/>
<opset="trunc_ln102/74 "/>
</bind>
</comp>

<comp id="285" class="1004" name="shl_ln1_fu_285">
<pin_list>
<pin id="286" dir="0" index="0" bw="34" slack="0"/>
<pin id="287" dir="0" index="1" bw="32" slack="0"/>
<pin id="288" dir="0" index="2" bw="1" slack="0"/>
<pin id="289" dir="1" index="3" bw="34" slack="0"/>
</pin_list>
<bind>
<opcode="bitconcatenate(1004) " fcode="bitconcatenate"/>
<opset="shl_ln1/74 "/>
</bind>
</comp>

<comp id="293" class="1004" name="zext_ln102_fu_293">
<pin_list>
<pin id="294" dir="0" index="0" bw="34" slack="0"/>
<pin id="295" dir="1" index="1" bw="64" slack="0"/>
</pin_list>
<bind>
<opcode="zext(34) " fcode="zext"/>
<opset="zext_ln102/74 "/>
</bind>
</comp>

<comp id="297" class="1004" name="add_ln102_fu_297">
<pin_list>
<pin id="298" dir="0" index="0" bw="34" slack="0"/>
<pin id="299" dir="0" index="1" bw="64" slack="73"/>
<pin id="300" dir="1" index="2" bw="64" slack="0"/>
</pin_list>
<bind>
<opcode="add(8) " fcode="add"/>
<opset="add_ln102/74 "/>
</bind>
</comp>

<comp id="302" class="1004" name="add_ln102_1_fu_302">
<pin_list>
<pin id="303" dir="0" index="0" bw="64" slack="0"/>
<pin id="304" dir="0" index="1" bw="64" slack="73"/>
<pin id="305" dir="1" index="2" bw="64" slack="0"/>
</pin_list>
<bind>
<opcode="add(8) " fcode="add"/>
<opset="add_ln102_1/74 "/>
</bind>
</comp>

<comp id="307" class="1004" name="trunc_ln102_2_fu_307">
<pin_list>
<pin id="308" dir="0" index="0" bw="61" slack="0"/>
<pin id="309" dir="0" index="1" bw="64" slack="0"/>
<pin id="310" dir="0" index="2" bw="3" slack="0"/>
<pin id="311" dir="0" index="3" bw="7" slack="0"/>
<pin id="312" dir="1" index="4" bw="61" slack="1"/>
</pin_list>
<bind>
<opcode="partselect(1002) " fcode="partselect"/>
<opset="trunc_ln102_2/74 "/>
</bind>
</comp>

<comp id="317" class="1004" name="trunc_ln102_1_fu_317">
<pin_list>
<pin id="318" dir="0" index="0" bw="64" slack="0"/>
<pin id="319" dir="1" index="1" bw="3" slack="73"/>
</pin_list>
<bind>
<opcode="trunc(33) " fcode="trunc"/>
<opset="trunc_ln102_1/74 "/>
</bind>
</comp>

<comp id="321" class="1004" name="sext_ln101_fu_321">
<pin_list>
<pin id="322" dir="0" index="0" bw="61" slack="1"/>
<pin id="323" dir="1" index="1" bw="64" slack="0"/>
</pin_list>
<bind>
<opcode="sext(35) " fcode="sext"/>
<opset="sext_ln101/75 "/>
</bind>
</comp>

<comp id="324" class="1004" name="gmem_CHN_1_addr_1_fu_324">
<pin_list>
<pin id="325" dir="0" index="0" bw="64" slack="0"/>
<pin id="326" dir="0" index="1" bw="64" slack="0"/>
<pin id="327" dir="1" index="2" bw="64" slack="0"/>
</pin_list>
<bind>
<opcode="getelementptr(29) " fcode="getelementptr"/>
<opset="gmem_CHN_1_addr_1/75 "/>
</bind>
</comp>

<comp id="331" class="1004" name="sext_ln102_fu_331">
<pin_list>
<pin id="332" dir="0" index="0" bw="61" slack="1"/>
<pin id="333" dir="1" index="1" bw="64" slack="0"/>
</pin_list>
<bind>
<opcode="sext(35) " fcode="sext"/>
<opset="sext_ln102/75 "/>
</bind>
</comp>

<comp id="334" class="1004" name="gmem_CHN_2_addr_fu_334">
<pin_list>
<pin id="335" dir="0" index="0" bw="64" slack="0"/>
<pin id="336" dir="0" index="1" bw="64" slack="0"/>
<pin id="337" dir="1" index="2" bw="64" slack="0"/>
</pin_list>
<bind>
<opcode="getelementptr(29) " fcode="getelementptr"/>
<opset="gmem_CHN_2_addr/75 "/>
</bind>
</comp>

<comp id="341" class="1004" name="u_degree_fu_341">
<pin_list>
<pin id="342" dir="0" index="0" bw="64" slack="0"/>
<pin id="343" dir="1" index="1" bw="32" slack="1"/>
</pin_list>
<bind>
<opcode="trunc(33) " fcode="trunc"/>
<opset="u_degree/146 "/>
</bind>
</comp>

<comp id="345" class="1004" name="shl_ln102_1_fu_345">
<pin_list>
<pin id="346" dir="0" index="0" bw="6" slack="0"/>
<pin id="347" dir="0" index="1" bw="3" slack="73"/>
<pin id="348" dir="0" index="2" bw="1" slack="0"/>
<pin id="349" dir="1" index="3" bw="6" slack="0"/>
</pin_list>
<bind>
<opcode="bitconcatenate(1004) " fcode="bitconcatenate"/>
<opset="shl_ln102_1/147 "/>
</bind>
</comp>

<comp id="352" class="1004" name="zext_ln102_1_fu_352">
<pin_list>
<pin id="353" dir="0" index="0" bw="6" slack="0"/>
<pin id="354" dir="1" index="1" bw="64" slack="0"/>
</pin_list>
<bind>
<opcode="zext(34) " fcode="zext"/>
<opset="zext_ln102_1/147 "/>
</bind>
</comp>

<comp id="356" class="1004" name="lshr_ln102_fu_356">
<pin_list>
<pin id="357" dir="0" index="0" bw="64" slack="1"/>
<pin id="358" dir="0" index="1" bw="6" slack="0"/>
<pin id="359" dir="1" index="2" bw="64" slack="0"/>
</pin_list>
<bind>
<opcode="lshr(21) " fcode="lshr"/>
<opset="lshr_ln102/147 "/>
</bind>
</comp>

<comp id="361" class="1004" name="trunc_ln102_3_fu_361">
<pin_list>
<pin id="362" dir="0" index="0" bw="64" slack="0"/>
<pin id="363" dir="1" index="1" bw="32" slack="4"/>
</pin_list>
<bind>
<opcode="trunc(33) " fcode="trunc"/>
<opset="trunc_ln102_3/147 "/>
</bind>
</comp>

<comp id="365" class="1004" name="Pcurr_u_fu_365">
<pin_list>
<pin id="366" dir="0" index="0" bw="32" slack="4"/>
<pin id="367" dir="1" index="1" bw="32" slack="0"/>
</pin_list>
<bind>
<opcode="bitcast(44) " fcode="bitcast"/>
<opset="Pcurr_u/151 "/>
</bind>
</comp>

<comp id="369" class="1004" name="bitcast_ln104_fu_369">
<pin_list>
<pin id="370" dir="0" index="0" bw="32" slack="1"/>
<pin id="371" dir="1" index="1" bw="32" slack="0"/>
</pin_list>
<bind>
<opcode="bitcast(44) " fcode="bitcast"/>
<opset="bitcast_ln104/163 "/>
</bind>
</comp>

<comp id="373" class="1005" name="i_reg_373">
<pin_list>
<pin id="374" dir="0" index="0" bw="32" slack="0"/>
<pin id="375" dir="1" index="1" bw="32" slack="0"/>
</pin_list>
<bind>
<opset="i "/>
</bind>
</comp>

<comp id="380" class="1005" name="Pcurr_read_reg_380">
<pin_list>
<pin id="381" dir="0" index="0" bw="64" slack="73"/>
<pin id="382" dir="1" index="1" bw="64" slack="73"/>
</pin_list>
<bind>
<opset="Pcurr_read "/>
</bind>
</comp>

<comp id="385" class="1005" name="mem1_read_reg_385">
<pin_list>
<pin id="386" dir="0" index="0" bw="64" slack="73"/>
<pin id="387" dir="1" index="1" bw="64" slack="73"/>
</pin_list>
<bind>
<opset="mem1_read "/>
</bind>
</comp>

<comp id="390" class="1005" name="adj_list_read_reg_390">
<pin_list>
<pin id="391" dir="0" index="0" bw="64" slack="73"/>
<pin id="392" dir="1" index="1" bw="64" slack="73"/>
</pin_list>
<bind>
<opset="adj_list_read "/>
</bind>
</comp>

<comp id="395" class="1005" name="mem0_read_reg_395">
<pin_list>
<pin id="396" dir="0" index="0" bw="64" slack="73"/>
<pin id="397" dir="1" index="1" bw="64" slack="73"/>
</pin_list>
<bind>
<opset="mem0_read "/>
</bind>
</comp>

<comp id="400" class="1005" name="icmp_ln95_reg_400">
<pin_list>
<pin id="401" dir="0" index="0" bw="1" slack="1"/>
<pin id="402" dir="1" index="1" bw="1" slack="2147483647"/>
</pin_list>
<bind>
<opset="icmp_ln95 "/>
</bind>
</comp>

<comp id="404" class="1005" name="trunc_ln97_1_reg_404">
<pin_list>
<pin id="405" dir="0" index="0" bw="61" slack="1"/>
<pin id="406" dir="1" index="1" bw="61" slack="1"/>
</pin_list>
<bind>
<opset="trunc_ln97_1 "/>
</bind>
</comp>

<comp id="409" class="1005" name="trunc_ln97_reg_409">
<pin_list>
<pin id="410" dir="0" index="0" bw="3" slack="73"/>
<pin id="411" dir="1" index="1" bw="3" slack="73"/>
</pin_list>
<bind>
<opset="trunc_ln97 "/>
</bind>
</comp>

<comp id="414" class="1005" name="gmem_CHN_1_addr_reg_414">
<pin_list>
<pin id="415" dir="0" index="0" bw="64" slack="1"/>
<pin id="416" dir="1" index="1" bw="64" slack="1"/>
</pin_list>
<bind>
<opset="gmem_CHN_1_addr "/>
</bind>
</comp>

<comp id="420" class="1005" name="gmem_CHN_1_addr_read_reg_420">
<pin_list>
<pin id="421" dir="0" index="0" bw="64" slack="1"/>
<pin id="422" dir="1" index="1" bw="64" slack="1"/>
</pin_list>
<bind>
<opset="gmem_CHN_1_addr_read "/>
</bind>
</comp>

<comp id="425" class="1005" name="trunc_ln_reg_425">
<pin_list>
<pin id="426" dir="0" index="0" bw="61" slack="1"/>
<pin id="427" dir="1" index="1" bw="61" slack="1"/>
</pin_list>
<bind>
<opset="trunc_ln "/>
</bind>
</comp>

<comp id="430" class="1005" name="trunc_ln102_2_reg_430">
<pin_list>
<pin id="431" dir="0" index="0" bw="61" slack="1"/>
<pin id="432" dir="1" index="1" bw="61" slack="1"/>
</pin_list>
<bind>
<opset="trunc_ln102_2 "/>
</bind>
</comp>

<comp id="435" class="1005" name="trunc_ln102_1_reg_435">
<pin_list>
<pin id="436" dir="0" index="0" bw="3" slack="73"/>
<pin id="437" dir="1" index="1" bw="3" slack="73"/>
</pin_list>
<bind>
<opset="trunc_ln102_1 "/>
</bind>
</comp>

<comp id="440" class="1005" name="gmem_CHN_1_addr_1_reg_440">
<pin_list>
<pin id="441" dir="0" index="0" bw="64" slack="1"/>
<pin id="442" dir="1" index="1" bw="64" slack="1"/>
</pin_list>
<bind>
<opset="gmem_CHN_1_addr_1 "/>
</bind>
</comp>

<comp id="446" class="1005" name="gmem_CHN_2_addr_reg_446">
<pin_list>
<pin id="447" dir="0" index="0" bw="64" slack="1"/>
<pin id="448" dir="1" index="1" bw="64" slack="1"/>
</pin_list>
<bind>
<opset="gmem_CHN_2_addr "/>
</bind>
</comp>

<comp id="452" class="1005" name="u_degree_reg_452">
<pin_list>
<pin id="453" dir="0" index="0" bw="32" slack="1"/>
<pin id="454" dir="1" index="1" bw="32" slack="1"/>
</pin_list>
<bind>
<opset="u_degree "/>
</bind>
</comp>

<comp id="457" class="1005" name="gmem_CHN_2_addr_read_reg_457">
<pin_list>
<pin id="458" dir="0" index="0" bw="64" slack="1"/>
<pin id="459" dir="1" index="1" bw="64" slack="1"/>
</pin_list>
<bind>
<opset="gmem_CHN_2_addr_read "/>
</bind>
</comp>

<comp id="462" class="1005" name="trunc_ln102_3_reg_462">
<pin_list>
<pin id="463" dir="0" index="0" bw="32" slack="4"/>
<pin id="464" dir="1" index="1" bw="32" slack="4"/>
</pin_list>
<bind>
<opset="trunc_ln102_3 "/>
</bind>
</comp>

<comp id="467" class="1005" name="conv_reg_467">
<pin_list>
<pin id="468" dir="0" index="0" bw="32" slack="1"/>
<pin id="469" dir="1" index="1" bw="32" slack="1"/>
</pin_list>
<bind>
<opset="conv "/>
</bind>
</comp>

<comp id="472" class="1005" name="Pcurr_u_reg_472">
<pin_list>
<pin id="473" dir="0" index="0" bw="32" slack="1"/>
<pin id="474" dir="1" index="1" bw="32" slack="1"/>
</pin_list>
<bind>
<opset="Pcurr_u "/>
</bind>
</comp>

<comp id="477" class="1005" name="contribution_reg_477">
<pin_list>
<pin id="478" dir="0" index="0" bw="32" slack="1"/>
<pin id="479" dir="1" index="1" bw="32" slack="1"/>
</pin_list>
<bind>
<opset="contribution "/>
</bind>
</comp>

</comp_list>

<net_list>
<net id="81"><net_src comp="18" pin="0"/><net_sink comp="78" pin=0"/></net>

<net id="86"><net_src comp="42" pin="0"/><net_sink comp="82" pin=0"/></net>

<net id="87"><net_src comp="12" pin="0"/><net_sink comp="82" pin=1"/></net>

<net id="92"><net_src comp="42" pin="0"/><net_sink comp="88" pin=0"/></net>

<net id="93"><net_src comp="10" pin="0"/><net_sink comp="88" pin=1"/></net>

<net id="98"><net_src comp="42" pin="0"/><net_sink comp="94" pin=0"/></net>

<net id="99"><net_src comp="8" pin="0"/><net_sink comp="94" pin=1"/></net>

<net id="104"><net_src comp="42" pin="0"/><net_sink comp="100" pin=0"/></net>

<net id="105"><net_src comp="4" pin="0"/><net_sink comp="100" pin=1"/></net>

<net id="110"><net_src comp="42" pin="0"/><net_sink comp="106" pin=0"/></net>

<net id="111"><net_src comp="2" pin="0"/><net_sink comp="106" pin=1"/></net>

<net id="116"><net_src comp="44" pin="0"/><net_sink comp="112" pin=0"/></net>

<net id="117"><net_src comp="0" pin="0"/><net_sink comp="112" pin=1"/></net>

<net id="123"><net_src comp="76" pin="0"/><net_sink comp="118" pin=0"/></net>

<net id="124"><net_src comp="16" pin="0"/><net_sink comp="118" pin=1"/></net>

<net id="130"><net_src comp="56" pin="0"/><net_sink comp="125" pin=0"/></net>

<net id="131"><net_src comp="58" pin="0"/><net_sink comp="125" pin=2"/></net>

<net id="136"><net_src comp="60" pin="0"/><net_sink comp="132" pin=0"/></net>

<net id="142"><net_src comp="56" pin="0"/><net_sink comp="137" pin=0"/></net>

<net id="143"><net_src comp="58" pin="0"/><net_sink comp="137" pin=2"/></net>

<net id="148"><net_src comp="60" pin="0"/><net_sink comp="144" pin=0"/></net>

<net id="160"><net_src comp="24" pin="0"/><net_sink comp="156" pin=0"/></net>

<net id="168"><net_src comp="161" pin="1"/><net_sink comp="164" pin=0"/></net>

<net id="169"><net_src comp="112" pin="2"/><net_sink comp="164" pin=1"/></net>

<net id="174"><net_src comp="161" pin="1"/><net_sink comp="170" pin=0"/></net>

<net id="175"><net_src comp="18" pin="0"/><net_sink comp="170" pin=1"/></net>

<net id="181"><net_src comp="46" pin="0"/><net_sink comp="176" pin=0"/></net>

<net id="182"><net_src comp="161" pin="1"/><net_sink comp="176" pin=1"/></net>

<net id="183"><net_src comp="48" pin="0"/><net_sink comp="176" pin=2"/></net>

<net id="187"><net_src comp="176" pin="3"/><net_sink comp="184" pin=0"/></net>

<net id="192"><net_src comp="184" pin="1"/><net_sink comp="188" pin=0"/></net>

<net id="193"><net_src comp="106" pin="2"/><net_sink comp="188" pin=1"/></net>

<net id="198"><net_src comp="188" pin="2"/><net_sink comp="194" pin=0"/></net>

<net id="199"><net_src comp="100" pin="2"/><net_sink comp="194" pin=1"/></net>

<net id="206"><net_src comp="50" pin="0"/><net_sink comp="200" pin=0"/></net>

<net id="207"><net_src comp="194" pin="2"/><net_sink comp="200" pin=1"/></net>

<net id="208"><net_src comp="52" pin="0"/><net_sink comp="200" pin=2"/></net>

<net id="209"><net_src comp="54" pin="0"/><net_sink comp="200" pin=3"/></net>

<net id="213"><net_src comp="194" pin="2"/><net_sink comp="210" pin=0"/></net>

<net id="218"><net_src comp="170" pin="2"/><net_sink comp="214" pin=0"/></net>

<net id="226"><net_src comp="6" pin="0"/><net_sink comp="222" pin=0"/></net>

<net id="227"><net_src comp="219" pin="1"/><net_sink comp="222" pin=1"/></net>

<net id="228"><net_src comp="222" pin="2"/><net_sink comp="125" pin=1"/></net>

<net id="234"><net_src comp="62" pin="0"/><net_sink comp="229" pin=0"/></net>

<net id="235"><net_src comp="64" pin="0"/><net_sink comp="229" pin=2"/></net>

<net id="239"><net_src comp="229" pin="3"/><net_sink comp="236" pin=0"/></net>

<net id="244"><net_src comp="236" pin="1"/><net_sink comp="240" pin=1"/></net>

<net id="248"><net_src comp="240" pin="2"/><net_sink comp="245" pin=0"/></net>

<net id="258"><net_src comp="66" pin="0"/><net_sink comp="253" pin=0"/></net>

<net id="259"><net_src comp="245" pin="1"/><net_sink comp="253" pin=1"/></net>

<net id="260"><net_src comp="68" pin="0"/><net_sink comp="253" pin=2"/></net>

<net id="264"><net_src comp="253" pin="3"/><net_sink comp="261" pin=0"/></net>

<net id="269"><net_src comp="261" pin="1"/><net_sink comp="265" pin=0"/></net>

<net id="270"><net_src comp="249" pin="2"/><net_sink comp="265" pin=1"/></net>

<net id="277"><net_src comp="50" pin="0"/><net_sink comp="271" pin=0"/></net>

<net id="278"><net_src comp="265" pin="2"/><net_sink comp="271" pin=1"/></net>

<net id="279"><net_src comp="52" pin="0"/><net_sink comp="271" pin=2"/></net>

<net id="280"><net_src comp="54" pin="0"/><net_sink comp="271" pin=3"/></net>

<net id="284"><net_src comp="240" pin="2"/><net_sink comp="281" pin=0"/></net>

<net id="290"><net_src comp="46" pin="0"/><net_sink comp="285" pin=0"/></net>

<net id="291"><net_src comp="281" pin="1"/><net_sink comp="285" pin=1"/></net>

<net id="292"><net_src comp="48" pin="0"/><net_sink comp="285" pin=2"/></net>

<net id="296"><net_src comp="285" pin="3"/><net_sink comp="293" pin=0"/></net>

<net id="301"><net_src comp="293" pin="1"/><net_sink comp="297" pin=0"/></net>

<net id="306"><net_src comp="297" pin="2"/><net_sink comp="302" pin=0"/></net>

<net id="313"><net_src comp="50" pin="0"/><net_sink comp="307" pin=0"/></net>

<net id="314"><net_src comp="302" pin="2"/><net_sink comp="307" pin=1"/></net>

<net id="315"><net_src comp="52" pin="0"/><net_sink comp="307" pin=2"/></net>

<net id="316"><net_src comp="54" pin="0"/><net_sink comp="307" pin=3"/></net>

<net id="320"><net_src comp="302" pin="2"/><net_sink comp="317" pin=0"/></net>

<net id="328"><net_src comp="6" pin="0"/><net_sink comp="324" pin=0"/></net>

<net id="329"><net_src comp="321" pin="1"/><net_sink comp="324" pin=1"/></net>

<net id="330"><net_src comp="324" pin="2"/><net_sink comp="125" pin=1"/></net>

<net id="338"><net_src comp="14" pin="0"/><net_sink comp="334" pin=0"/></net>

<net id="339"><net_src comp="331" pin="1"/><net_sink comp="334" pin=1"/></net>

<net id="340"><net_src comp="334" pin="2"/><net_sink comp="137" pin=1"/></net>

<net id="344"><net_src comp="132" pin="2"/><net_sink comp="341" pin=0"/></net>

<net id="350"><net_src comp="62" pin="0"/><net_sink comp="345" pin=0"/></net>

<net id="351"><net_src comp="64" pin="0"/><net_sink comp="345" pin=2"/></net>

<net id="355"><net_src comp="345" pin="3"/><net_sink comp="352" pin=0"/></net>

<net id="360"><net_src comp="352" pin="1"/><net_sink comp="356" pin=1"/></net>

<net id="364"><net_src comp="356" pin="2"/><net_sink comp="361" pin=0"/></net>

<net id="368"><net_src comp="365" pin="1"/><net_sink comp="149" pin=0"/></net>

<net id="372"><net_src comp="369" pin="1"/><net_sink comp="118" pin=2"/></net>

<net id="376"><net_src comp="78" pin="1"/><net_sink comp="373" pin=0"/></net>

<net id="377"><net_src comp="373" pin="1"/><net_sink comp="156" pin=1"/></net>

<net id="378"><net_src comp="373" pin="1"/><net_sink comp="161" pin=0"/></net>

<net id="379"><net_src comp="373" pin="1"/><net_sink comp="214" pin=1"/></net>

<net id="383"><net_src comp="82" pin="2"/><net_sink comp="380" pin=0"/></net>

<net id="384"><net_src comp="380" pin="1"/><net_sink comp="302" pin=1"/></net>

<net id="388"><net_src comp="88" pin="2"/><net_sink comp="385" pin=0"/></net>

<net id="389"><net_src comp="385" pin="1"/><net_sink comp="297" pin=1"/></net>

<net id="393"><net_src comp="94" pin="2"/><net_sink comp="390" pin=0"/></net>

<net id="394"><net_src comp="390" pin="1"/><net_sink comp="249" pin=0"/></net>

<net id="398"><net_src comp="106" pin="2"/><net_sink comp="395" pin=0"/></net>

<net id="399"><net_src comp="395" pin="1"/><net_sink comp="249" pin=1"/></net>

<net id="403"><net_src comp="164" pin="2"/><net_sink comp="400" pin=0"/></net>

<net id="407"><net_src comp="200" pin="4"/><net_sink comp="404" pin=0"/></net>

<net id="408"><net_src comp="404" pin="1"/><net_sink comp="219" pin=0"/></net>

<net id="412"><net_src comp="210" pin="1"/><net_sink comp="409" pin=0"/></net>

<net id="413"><net_src comp="409" pin="1"/><net_sink comp="229" pin=1"/></net>

<net id="417"><net_src comp="222" pin="2"/><net_sink comp="414" pin=0"/></net>

<net id="418"><net_src comp="414" pin="1"/><net_sink comp="125" pin=1"/></net>

<net id="419"><net_src comp="414" pin="1"/><net_sink comp="132" pin=1"/></net>

<net id="423"><net_src comp="132" pin="2"/><net_sink comp="420" pin=0"/></net>

<net id="424"><net_src comp="420" pin="1"/><net_sink comp="240" pin=0"/></net>

<net id="428"><net_src comp="271" pin="4"/><net_sink comp="425" pin=0"/></net>

<net id="429"><net_src comp="425" pin="1"/><net_sink comp="321" pin=0"/></net>

<net id="433"><net_src comp="307" pin="4"/><net_sink comp="430" pin=0"/></net>

<net id="434"><net_src comp="430" pin="1"/><net_sink comp="331" pin=0"/></net>

<net id="438"><net_src comp="317" pin="1"/><net_sink comp="435" pin=0"/></net>

<net id="439"><net_src comp="435" pin="1"/><net_sink comp="345" pin=1"/></net>

<net id="443"><net_src comp="324" pin="2"/><net_sink comp="440" pin=0"/></net>

<net id="444"><net_src comp="440" pin="1"/><net_sink comp="125" pin=1"/></net>

<net id="445"><net_src comp="440" pin="1"/><net_sink comp="132" pin=1"/></net>

<net id="449"><net_src comp="334" pin="2"/><net_sink comp="446" pin=0"/></net>

<net id="450"><net_src comp="446" pin="1"/><net_sink comp="137" pin=1"/></net>

<net id="451"><net_src comp="446" pin="1"/><net_sink comp="144" pin=1"/></net>

<net id="455"><net_src comp="341" pin="1"/><net_sink comp="452" pin=0"/></net>

<net id="456"><net_src comp="452" pin="1"/><net_sink comp="153" pin=0"/></net>

<net id="460"><net_src comp="144" pin="2"/><net_sink comp="457" pin=0"/></net>

<net id="461"><net_src comp="457" pin="1"/><net_sink comp="356" pin=0"/></net>

<net id="465"><net_src comp="361" pin="1"/><net_sink comp="462" pin=0"/></net>

<net id="466"><net_src comp="462" pin="1"/><net_sink comp="365" pin=0"/></net>

<net id="470"><net_src comp="153" pin="1"/><net_sink comp="467" pin=0"/></net>

<net id="471"><net_src comp="467" pin="1"/><net_sink comp="149" pin=1"/></net>

<net id="475"><net_src comp="365" pin="1"/><net_sink comp="472" pin=0"/></net>

<net id="476"><net_src comp="472" pin="1"/><net_sink comp="149" pin=0"/></net>

<net id="480"><net_src comp="149" pin="2"/><net_sink comp="477" pin=0"/></net>

<net id="481"><net_src comp="477" pin="1"/><net_sink comp="369" pin=0"/></net>

</net_list>

</model> 
---------------- Datapath Model END ------------------

* FSMD analyzer results:
  - Output states:
	Port: gmem_CHN_1 | {}
	Port: gmem_CHN_2 | {}
	Port: adder_in_feed_1 | {163 }
 - Input state : 
	Port: readVertex_Pipeline_VITIS_LOOP_95_1 : v_size | {1 }
	Port: readVertex_Pipeline_VITIS_LOOP_95_1 : mem0 | {1 }
	Port: readVertex_Pipeline_VITIS_LOOP_95_1 : v_neighbours | {1 }
	Port: readVertex_Pipeline_VITIS_LOOP_95_1 : gmem_CHN_1 | {2 3 4 5 6 7 8 9 10 11 12 13 14 15 16 17 18 19 20 21 22 23 24 25 26 27 28 29 30 31 32 33 34 35 36 37 38 39 40 41 42 43 44 45 46 47 48 49 50 51 52 53 54 55 56 57 58 59 60 61 62 63 64 65 66 67 68 69 70 71 72 73 75 76 77 78 79 80 81 82 83 84 85 86 87 88 89 90 91 92 93 94 95 96 97 98 99 100 101 102 103 104 105 106 107 108 109 110 111 112 113 114 115 116 117 118 119 120 121 122 123 124 125 126 127 128 129 130 131 132 133 134 135 136 137 138 139 140 141 142 143 144 145 146 }
	Port: readVertex_Pipeline_VITIS_LOOP_95_1 : adj_list | {1 }
	Port: readVertex_Pipeline_VITIS_LOOP_95_1 : mem1 | {1 }
	Port: readVertex_Pipeline_VITIS_LOOP_95_1 : Pcurr | {1 }
	Port: readVertex_Pipeline_VITIS_LOOP_95_1 : gmem_CHN_2 | {75 76 77 78 79 80 81 82 83 84 85 86 87 88 89 90 91 92 93 94 95 96 97 98 99 100 101 102 103 104 105 106 107 108 109 110 111 112 113 114 115 116 117 118 119 120 121 122 123 124 125 126 127 128 129 130 131 132 133 134 135 136 137 138 139 140 141 142 143 144 145 146 }
	Port: readVertex_Pipeline_VITIS_LOOP_95_1 : adder_in_feed_1 | {}
  - Chain level:
	State 1
		store_ln95 : 1
		i_1 : 1
		icmp_ln95 : 2
		br_ln95 : 3
		add_ln95 : 2
		shl_ln : 2
		zext_ln97 : 3
		add_ln97 : 4
		add_ln97_1 : 5
		trunc_ln97_1 : 6
		trunc_ln97 : 6
		store_ln95 : 3
	State 2
		gmem_CHN_1_addr : 1
		gmem_CHN_1_load_req : 2
	State 3
	State 4
	State 5
	State 6
	State 7
	State 8
	State 9
	State 10
	State 11
	State 12
	State 13
	State 14
	State 15
	State 16
	State 17
	State 18
	State 19
	State 20
	State 21
	State 22
	State 23
	State 24
	State 25
	State 26
	State 27
	State 28
	State 29
	State 30
	State 31
	State 32
	State 33
	State 34
	State 35
	State 36
	State 37
	State 38
	State 39
	State 40
	State 41
	State 42
	State 43
	State 44
	State 45
	State 46
	State 47
	State 48
	State 49
	State 50
	State 51
	State 52
	State 53
	State 54
	State 55
	State 56
	State 57
	State 58
	State 59
	State 60
	State 61
	State 62
	State 63
	State 64
	State 65
	State 66
	State 67
	State 68
	State 69
	State 70
	State 71
	State 72
	State 73
	State 74
		zext_ln97_1 : 1
		lshr_ln97 : 2
		trunc_ln101 : 3
		or_ln : 4
		zext_ln101 : 5
		add_ln101_1 : 6
		trunc_ln : 7
		trunc_ln102 : 3
		shl_ln1 : 4
		zext_ln102 : 5
		add_ln102 : 6
		add_ln102_1 : 7
		trunc_ln102_2 : 8
		trunc_ln102_1 : 8
	State 75
		gmem_CHN_1_addr_1 : 1
		gmem_CHN_1_load_1_req : 2
		gmem_CHN_2_addr : 1
		gmem_CHN_2_load_req : 2
	State 76
	State 77
	State 78
	State 79
	State 80
	State 81
	State 82
	State 83
	State 84
	State 85
	State 86
	State 87
	State 88
	State 89
	State 90
	State 91
	State 92
	State 93
	State 94
	State 95
	State 96
	State 97
	State 98
	State 99
	State 100
	State 101
	State 102
	State 103
	State 104
	State 105
	State 106
	State 107
	State 108
	State 109
	State 110
	State 111
	State 112
	State 113
	State 114
	State 115
	State 116
	State 117
	State 118
	State 119
	State 120
	State 121
	State 122
	State 123
	State 124
	State 125
	State 126
	State 127
	State 128
	State 129
	State 130
	State 131
	State 132
	State 133
	State 134
	State 135
	State 136
	State 137
	State 138
	State 139
	State 140
	State 141
	State 142
	State 143
	State 144
	State 145
	State 146
	State 147
		zext_ln102_1 : 1
		lshr_ln102 : 2
		trunc_ln102_3 : 3
	State 148
	State 149
	State 150
	State 151
		contribution : 1
	State 152
	State 153
	State 154
	State 155
	State 156
	State 157
	State 158
	State 159
	State 160
	State 161
	State 162
	State 163
		write_ln104 : 1


============================================================
+ Verbose Summary: Datapath Resource usage 
============================================================

* Functional unit list:
|----------|----------------------------------|---------|---------|
| Operation|          Functional Unit         |    FF   |   LUT   |
|----------|----------------------------------|---------|---------|
|          |          add_ln95_fu_170         |    0    |    39   |
|          |          add_ln97_fu_188         |    0    |    64   |
|          |         add_ln97_1_fu_194        |    0    |    64   |
|    add   |         add_ln101_fu_249         |    0    |    64   |
|          |        add_ln101_1_fu_265        |    0    |    64   |
|          |         add_ln102_fu_297         |    0    |    64   |
|          |        add_ln102_1_fu_302        |    0    |    64   |
|----------|----------------------------------|---------|---------|
|   lshr   |         lshr_ln97_fu_240         |    0    |   182   |
|          |         lshr_ln102_fu_356        |    0    |   182   |
|----------|----------------------------------|---------|---------|
|   icmp   |         icmp_ln95_fu_164         |    0    |    39   |
|----------|----------------------------------|---------|---------|
|          |       Pcurr_read_read_fu_82      |    0    |    0    |
|          |       mem1_read_read_fu_88       |    0    |    0    |
|          |     adj_list_read_read_fu_94     |    0    |    0    |
|   read   |   v_neighbours_read_read_fu_100  |    0    |    0    |
|          |       mem0_read_read_fu_106      |    0    |    0    |
|          |      v_size_read_read_fu_112     |    0    |    0    |
|          |          grp_read_fu_132         |    0    |    0    |
|          | gmem_CHN_2_addr_read_read_fu_144 |    0    |    0    |
|----------|----------------------------------|---------|---------|
|   write  |     write_ln104_write_fu_118     |    0    |    0    |
|----------|----------------------------------|---------|---------|
|  readreq |        grp_readreq_fu_125        |    0    |    0    |
|          |        grp_readreq_fu_137        |    0    |    0    |
|----------|----------------------------------|---------|---------|
|   fdiv   |            grp_fu_149            |    0    |    0    |
|----------|----------------------------------|---------|---------|
|  uitofp  |            grp_fu_153            |    0    |    0    |
|----------|----------------------------------|---------|---------|
|          |           shl_ln_fu_176          |    0    |    0    |
|          |         shl_ln97_1_fu_229        |    0    |    0    |
|bitconcatenate|           or_ln_fu_253           |    0    |    0    |
|          |          shl_ln1_fu_285          |    0    |    0    |
|          |        shl_ln102_1_fu_345        |    0    |    0    |
|----------|----------------------------------|---------|---------|
|          |         zext_ln97_fu_184         |    0    |    0    |
|          |        zext_ln97_1_fu_236        |    0    |    0    |
|   zext   |         zext_ln101_fu_261        |    0    |    0    |
|          |         zext_ln102_fu_293        |    0    |    0    |
|          |        zext_ln102_1_fu_352       |    0    |    0    |
|----------|----------------------------------|---------|---------|
|          |        trunc_ln97_1_fu_200       |    0    |    0    |
|partselect|          trunc_ln_fu_271         |    0    |    0    |
|          |       trunc_ln102_2_fu_307       |    0    |    0    |
|----------|----------------------------------|---------|---------|
|          |         trunc_ln97_fu_210        |    0    |    0    |
|          |        trunc_ln101_fu_245        |    0    |    0    |
|   trunc  |        trunc_ln102_fu_281        |    0    |    0    |
|          |       trunc_ln102_1_fu_317       |    0    |    0    |
|          |          u_degree_fu_341         |    0    |    0    |
|          |       trunc_ln102_3_fu_361       |    0    |    0    |
|----------|----------------------------------|---------|---------|
|          |         sext_ln97_fu_219         |    0    |    0    |
|   sext   |         sext_ln101_fu_321        |    0    |    0    |
|          |         sext_ln102_fu_331        |    0    |    0    |
|----------|----------------------------------|---------|---------|
|   Total  |                                  |    0    |   826   |
|----------|----------------------------------|---------|---------|

Memories:
N/A

* Register list:
+----------------------------+--------+
|                            |   FF   |
+----------------------------+--------+
|     Pcurr_read_reg_380     |   64   |
|       Pcurr_u_reg_472      |   32   |
|    adj_list_read_reg_390   |   64   |
|    contribution_reg_477    |   32   |
|        conv_reg_467        |   32   |
|  gmem_CHN_1_addr_1_reg_440 |   64   |
|gmem_CHN_1_addr_read_reg_420|   64   |
|   gmem_CHN_1_addr_reg_414  |   64   |
|gmem_CHN_2_addr_read_reg_457|   64   |
|   gmem_CHN_2_addr_reg_446  |   64   |
|          i_reg_373         |   32   |
|      icmp_ln95_reg_400     |    1   |
|      mem0_read_reg_395     |   64   |
|      mem1_read_reg_385     |   64   |
|    trunc_ln102_1_reg_435   |    3   |
|    trunc_ln102_2_reg_430   |   61   |
|    trunc_ln102_3_reg_462   |   32   |
|    trunc_ln97_1_reg_404    |   61   |
|     trunc_ln97_reg_409     |    3   |
|      trunc_ln_reg_425      |   61   |
|      u_degree_reg_452      |   32   |
+----------------------------+--------+
|            Total           |   958  |
+----------------------------+--------+

* Multiplexer (MUX) list: 
|--------------------|------|------|------|--------||---------||---------||---------|
|        Comp        |  Pin | Size |  BW  | S x BW ||  Delay  ||    FF   ||   LUT   |
|--------------------|------|------|------|--------||---------||---------||---------|
| grp_readreq_fu_125 |  p1  |   4  |  64  |   256  ||    0    ||    20   |
|   grp_read_fu_132  |  p1  |   2  |  64  |   128  ||    0    ||    9    |
| grp_readreq_fu_137 |  p1  |   2  |  64  |   128  ||    0    ||    9    |
|     grp_fu_149     |  p0  |   2  |  32  |   64   ||    0    ||    9    |
|--------------------|------|------|------|--------||---------||---------||---------|
|        Total       |      |      |      |   576  || 1.61371 ||    0    ||    47   |
|--------------------|------|------|------|--------||---------||---------||---------|



* Summary:
+-----------+--------+--------+--------+
|           |  Delay |   FF   |   LUT  |
+-----------+--------+--------+--------+
|  Function |    -   |    0   |   826  |
|   Memory  |    -   |    -   |    -   |
|Multiplexer|    1   |    0   |   47   |
|  Register |    -   |   958  |    -   |
+-----------+--------+--------+--------+
|   Total   |    1   |   958  |   873  |
+-----------+--------+--------+--------+
