

================================================================
== Vitis HLS Report for 'write_arg'
================================================================
* Date:           Thu Aug 14 17:22:49 2025

* Version:        2024.1 (Build 5069499 on May 21 2024)
* Project:        vertex_map
* Solution:       hls (Vivado IP Flow Target)
* Product family: virtexuplusHBM
* Target device:  xcu55c-fsvh2892-2LV-e


================================================================
== Performance Estimates
================================================================
+ Timing: 
    * Summary: 
    +--------+---------+----------+------------+
    |  Clock |  Target | Estimated| Uncertainty|
    +--------+---------+----------+------------+
    |ap_clk  |  4.00 ns|  2.920 ns|     1.08 ns|
    +--------+---------+----------+------------+

+ Latency: 
    * Summary: 
    +---------+---------+----------+----------+-----+-----+---------+
    |  Latency (cycles) |  Latency (absolute) |  Interval | Pipeline|
    |   min   |   max   |    min   |    max   | min | max |   Type  |
    +---------+---------+----------+----------+-----+-----+---------+
    |      141|      141|  0.564 us|  0.564 us|  141|  141|       no|
    +---------+---------+----------+----------+-----+-----+---------+

    + Detail: 
        * Instance: 
        N/A

        * Loop: 
        N/A



================================================================
== Utilization Estimates
================================================================
* Summary: 
+---------------------+---------+------+---------+---------+-----+
|         Name        | BRAM_18K|  DSP |    FF   |   LUT   | URAM|
+---------------------+---------+------+---------+---------+-----+
|DSP                  |        -|     -|        -|        -|    -|
|Expression           |        -|     -|        0|      742|    -|
|FIFO                 |        -|     -|        -|        -|    -|
|Instance             |        -|     5|      461|      276|    -|
|Memory               |        -|     -|        -|        -|    -|
|Multiplexer          |        -|     -|        0|      897|    -|
|Register             |        -|     -|      729|        -|    -|
+---------------------+---------+------+---------+---------+-----+
|Total                |        0|     5|     1190|     1915|    0|
+---------------------+---------+------+---------+---------+-----+
|Available SLR        |     1344|  3008|   869120|   434560|  320|
+---------------------+---------+------+---------+---------+-----+
|Utilization SLR (%)  |        0|    ~0|       ~0|       ~0|    0|
+---------------------+---------+------+---------+---------+-----+
|Available            |     4032|  9024|  2607360|  1303680|  960|
+---------------------+---------+------+---------+---------+-----+
|Utilization (%)      |        0|    ~0|       ~0|       ~0|    0|
+---------------------+---------+------+---------+---------+-----+

+ Detail: 
    * Instance: 
    +----------------------------------------+------------------------------------+---------+----+-----+-----+-----+
    |                Instance                |               Module               | BRAM_18K| DSP|  FF | LUT | URAM|
    +----------------------------------------+------------------------------------+---------+----+-----+-----+-----+
    |faddfsub_32ns_32ns_32_7_full_dsp_1_U58  |faddfsub_32ns_32ns_32_7_full_dsp_1  |        0|   2|  318|  198|    0|
    |fcmp_32ns_32ns_1_2_no_dsp_1_U62         |fcmp_32ns_32ns_1_2_no_dsp_1         |        0|   0|    0|    0|    0|
    |fdiv_32ns_32ns_32_12_no_dsp_1_U60       |fdiv_32ns_32ns_32_12_no_dsp_1       |        0|   0|    0|    0|    0|
    |fmul_32ns_32ns_32_4_max_dsp_1_U59       |fmul_32ns_32ns_32_4_max_dsp_1       |        0|   3|  143|   78|    0|
    |uitofp_32ns_32_4_no_dsp_1_U61           |uitofp_32ns_32_4_no_dsp_1           |        0|   0|    0|    0|    0|
    +----------------------------------------+------------------------------------+---------+----+-----+-----+-----+
    |Total                                   |                                    |        0|   5|  461|  276|    0|
    +----------------------------------------+------------------------------------+---------+----+-----+-----+-----+

    * DSP: 
    N/A

    * Memory: 
    N/A

    * FIFO: 
    N/A

    * Expression: 
    +------------------------+----------+----+---+-----+------------+------------+
    |      Variable Name     | Operation| DSP| FF| LUT | Bitwidth P0| Bitwidth P1|
    +------------------------+----------+----+---+-----+------------+------------+
    |add_ln197_1_fu_261_p2   |         +|   0|  0|   64|          64|          64|
    |add_ln197_fu_255_p2     |         +|   0|  0|   64|          64|          64|
    |add_ln201_1_fu_287_p2   |         +|   0|  0|   64|          64|          64|
    |add_ln201_fu_281_p2     |         +|   0|  0|   64|          64|          64|
    |and_ln204_1_fu_456_p2   |       and|   0|  0|    2|           1|           1|
    |and_ln204_fu_450_p2     |       and|   0|  0|    2|           1|           1|
    |ap_block_state141_io    |       and|   0|  0|    2|           1|           1|
    |icmp_ln204_1_fu_364_p2  |      icmp|   0|  0|   30|          23|           1|
    |icmp_ln204_2_fu_432_p2  |      icmp|   0|  0|   15|           8|           2|
    |icmp_ln204_3_fu_438_p2  |      icmp|   0|  0|   30|          23|           1|
    |icmp_ln204_fu_358_p2    |      icmp|   0|  0|   15|           8|           2|
    |lshr_ln197_fu_473_p2    |      lshr|   0|  0|  182|          64|          64|
    |ap_block_state1         |        or|   0|  0|    2|           1|           1|
    |ap_block_state141       |        or|   0|  0|    2|           1|           1|
    |ap_block_state142       |        or|   0|  0|    2|           1|           1|
    |or_ln204_1_fu_444_p2    |        or|   0|  0|    2|           1|           1|
    |or_ln204_fu_428_p2      |        or|   0|  0|    2|           1|           1|
    |shl_ln201_2_fu_398_p2   |       shl|   0|  0|  182|          64|          64|
    |shl_ln201_fu_381_p2     |       shl|   0|  0|   16|           4|           8|
    +------------------------+----------+----+---+-----+------------+------------+
    |Total                   |          |   0|  0|  742|         458|         406|
    +------------------------+----------+----+---+-----+------------+------------+

    * Multiplexer: 
    +---------------------------+-----+-----------+-----+-----------+
    |            Name           | LUT | Input Size| Bits| Total Bits|
    +---------------------------+-----+-----------+-----+-----------+
    |ap_NS_fsm                  |  753|        143|    1|        143|
    |ap_done                    |    9|          2|    1|          2|
    |gmem_CHN_5_blk_n_AR        |    9|          2|    1|          2|
    |gmem_CHN_5_blk_n_AW        |    9|          2|    1|          2|
    |gmem_CHN_5_blk_n_B         |    9|          2|    1|          2|
    |gmem_CHN_5_blk_n_R         |    9|          2|    1|          2|
    |gmem_CHN_5_blk_n_W         |    9|          2|    1|          2|
    |grp_fu_172_opcode          |   14|          3|    2|          6|
    |grp_fu_172_p0              |   20|          4|   32|        128|
    |grp_fu_172_p1              |   20|          4|   32|        128|
    |mem_blk_n                  |    9|          2|    1|          2|
    |sums_stream_blk_n          |    9|          2|    1|          2|
    |taskOutGlobal_TDATA_blk_n  |    9|          2|    1|          2|
    |taskToWrite_blk_n          |    9|          2|    1|          2|
    +---------------------------+-----+-----------+-----+-----------+
    |Total                      |  897|        174|   77|        425|
    +---------------------------+-----+-----------+-----+-----------+

    * Register: 
    +------------------------------+-----+----+-----+-----------+
    |             Name             |  FF | LUT| Bits| Const Bits|
    +------------------------------+-----+----+-----+-----------+
    |and_ln204_1_reg_610           |    1|   0|    1|          0|
    |ap_CS_fsm                     |  142|   0|  142|          0|
    |ap_done_reg                   |    1|   0|    1|          0|
    |conv_reg_571                  |   32|   0|   32|          0|
    |div_reg_576                   |   32|   0|   32|          0|
    |gmem_CHN_5_addr_read_reg_614  |   64|   0|   64|          0|
    |icmp_ln204_1_reg_589          |    1|   0|    1|          0|
    |icmp_ln204_reg_584            |    1|   0|    1|          0|
    |mul_reg_566                   |   32|   0|   32|          0|
    |reg_192                       |   32|   0|   32|          0|
    |shl_ln201_2_reg_599           |   64|   0|   64|          0|
    |shl_ln201_reg_594             |    8|   0|    8|          0|
    |sums_stream_read_reg_513      |   32|   0|   32|          0|
    |task_vertex_count_reg_518     |   32|   0|   32|          0|
    |trunc_ln189_4_reg_523         |   32|   0|   32|          0|
    |trunc_ln197_1_reg_619         |   32|   0|   32|          0|
    |trunc_ln197_2_reg_528         |   61|   0|   61|          0|
    |trunc_ln197_reg_533           |    3|   0|    3|          0|
    |trunc_ln201_1_reg_544         |   61|   0|   61|          0|
    |trunc_ln201_reg_538           |    3|   0|    3|          0|
    |trunc_ln313_reg_629           |   31|   0|   31|          0|
    |val_fu_116                    |   32|   0|   32|          0|
    +------------------------------+-----+----+-----+-----------+
    |Total                         |  729|   0|  729|          0|
    +------------------------------+-----+----+-----+-----------+



================================================================
== Interface
================================================================
* Summary: 
+----------------------------+-----+-----+------------+---------------+--------------+
|          RTL Ports         | Dir | Bits|  Protocol  | Source Object |    C Type    |
+----------------------------+-----+-----+------------+---------------+--------------+
|ap_clk                      |   in|    1|  ap_ctrl_hs|      write_arg|  return value|
|ap_rst                      |   in|    1|  ap_ctrl_hs|      write_arg|  return value|
|ap_start                    |   in|    1|  ap_ctrl_hs|      write_arg|  return value|
|ap_done                     |  out|    1|  ap_ctrl_hs|      write_arg|  return value|
|ap_continue                 |   in|    1|  ap_ctrl_hs|      write_arg|  return value|
|ap_idle                     |  out|    1|  ap_ctrl_hs|      write_arg|  return value|
|ap_ready                    |  out|    1|  ap_ctrl_hs|      write_arg|  return value|
|m_axi_gmem_CHN_5_AWVALID    |  out|    1|       m_axi|           gmem|       pointer|
|m_axi_gmem_CHN_5_AWREADY    |   in|    1|       m_axi|           gmem|       pointer|
|m_axi_gmem_CHN_5_AWADDR     |  out|   64|       m_axi|           gmem|       pointer|
|m_axi_gmem_CHN_5_AWID       |  out|    1|       m_axi|           gmem|       pointer|
|m_axi_gmem_CHN_5_AWLEN      |  out|   32|       m_axi|           gmem|       pointer|
|m_axi_gmem_CHN_5_AWSIZE     |  out|    3|       m_axi|           gmem|       pointer|
|m_axi_gmem_CHN_5_AWBURST    |  out|    2|       m_axi|           gmem|       pointer|
|m_axi_gmem_CHN_5_AWLOCK     |  out|    2|       m_axi|           gmem|       pointer|
|m_axi_gmem_CHN_5_AWCACHE    |  out|    4|       m_axi|           gmem|       pointer|
|m_axi_gmem_CHN_5_AWPROT     |  out|    3|       m_axi|           gmem|       pointer|
|m_axi_gmem_CHN_5_AWQOS      |  out|    4|       m_axi|           gmem|       pointer|
|m_axi_gmem_CHN_5_AWREGION   |  out|    4|       m_axi|           gmem|       pointer|
|m_axi_gmem_CHN_5_AWUSER     |  out|    1|       m_axi|           gmem|       pointer|
|m_axi_gmem_CHN_5_WVALID     |  out|    1|       m_axi|           gmem|       pointer|
|m_axi_gmem_CHN_5_WREADY     |   in|    1|       m_axi|           gmem|       pointer|
|m_axi_gmem_CHN_5_WDATA      |  out|   64|       m_axi|           gmem|       pointer|
|m_axi_gmem_CHN_5_WSTRB      |  out|    8|       m_axi|           gmem|       pointer|
|m_axi_gmem_CHN_5_WLAST      |  out|    1|       m_axi|           gmem|       pointer|
|m_axi_gmem_CHN_5_WID        |  out|    1|       m_axi|           gmem|       pointer|
|m_axi_gmem_CHN_5_WUSER      |  out|    1|       m_axi|           gmem|       pointer|
|m_axi_gmem_CHN_5_ARVALID    |  out|    1|       m_axi|           gmem|       pointer|
|m_axi_gmem_CHN_5_ARREADY    |   in|    1|       m_axi|           gmem|       pointer|
|m_axi_gmem_CHN_5_ARADDR     |  out|   64|       m_axi|           gmem|       pointer|
|m_axi_gmem_CHN_5_ARID       |  out|    1|       m_axi|           gmem|       pointer|
|m_axi_gmem_CHN_5_ARLEN      |  out|   32|       m_axi|           gmem|       pointer|
|m_axi_gmem_CHN_5_ARSIZE     |  out|    3|       m_axi|           gmem|       pointer|
|m_axi_gmem_CHN_5_ARBURST    |  out|    2|       m_axi|           gmem|       pointer|
|m_axi_gmem_CHN_5_ARLOCK     |  out|    2|       m_axi|           gmem|       pointer|
|m_axi_gmem_CHN_5_ARCACHE    |  out|    4|       m_axi|           gmem|       pointer|
|m_axi_gmem_CHN_5_ARPROT     |  out|    3|       m_axi|           gmem|       pointer|
|m_axi_gmem_CHN_5_ARQOS      |  out|    4|       m_axi|           gmem|       pointer|
|m_axi_gmem_CHN_5_ARREGION   |  out|    4|       m_axi|           gmem|       pointer|
|m_axi_gmem_CHN_5_ARUSER     |  out|    1|       m_axi|           gmem|       pointer|
|m_axi_gmem_CHN_5_RVALID     |   in|    1|       m_axi|           gmem|       pointer|
|m_axi_gmem_CHN_5_RREADY     |  out|    1|       m_axi|           gmem|       pointer|
|m_axi_gmem_CHN_5_RDATA      |   in|   64|       m_axi|           gmem|       pointer|
|m_axi_gmem_CHN_5_RLAST      |   in|    1|       m_axi|           gmem|       pointer|
|m_axi_gmem_CHN_5_RID        |   in|    1|       m_axi|           gmem|       pointer|
|m_axi_gmem_CHN_5_RFIFONUM   |   in|   11|       m_axi|           gmem|       pointer|
|m_axi_gmem_CHN_5_RUSER      |   in|    1|       m_axi|           gmem|       pointer|
|m_axi_gmem_CHN_5_RRESP      |   in|    2|       m_axi|           gmem|       pointer|
|m_axi_gmem_CHN_5_BVALID     |   in|    1|       m_axi|           gmem|       pointer|
|m_axi_gmem_CHN_5_BREADY     |  out|    1|       m_axi|           gmem|       pointer|
|m_axi_gmem_CHN_5_BRESP      |   in|    2|       m_axi|           gmem|       pointer|
|m_axi_gmem_CHN_5_BID        |   in|    1|       m_axi|           gmem|       pointer|
|m_axi_gmem_CHN_5_BUSER      |   in|    1|       m_axi|           gmem|       pointer|
|mem_dout                    |   in|   64|     ap_fifo|            mem|       pointer|
|mem_num_data_valid          |   in|    4|     ap_fifo|            mem|       pointer|
|mem_fifo_cap                |   in|    4|     ap_fifo|            mem|       pointer|
|mem_empty_n                 |   in|    1|     ap_fifo|            mem|       pointer|
|mem_read                    |  out|    1|     ap_fifo|            mem|       pointer|
|taskOutGlobal_TDATA         |  out|  512|        axis|  taskOutGlobal|       pointer|
|taskOutGlobal_TVALID        |  out|    1|        axis|  taskOutGlobal|       pointer|
|taskOutGlobal_TREADY        |   in|    1|        axis|  taskOutGlobal|       pointer|
|taskToWrite_dout            |   in|  480|     ap_fifo|    taskToWrite|       pointer|
|taskToWrite_num_data_valid  |   in|    5|     ap_fifo|    taskToWrite|       pointer|
|taskToWrite_fifo_cap        |   in|    5|     ap_fifo|    taskToWrite|       pointer|
|taskToWrite_empty_n         |   in|    1|     ap_fifo|    taskToWrite|       pointer|
|taskToWrite_read            |  out|    1|     ap_fifo|    taskToWrite|       pointer|
|sums_stream_dout            |   in|   32|     ap_fifo|    sums_stream|       pointer|
|sums_stream_num_data_valid  |   in|    5|     ap_fifo|    sums_stream|       pointer|
|sums_stream_fifo_cap        |   in|    5|     ap_fifo|    sums_stream|       pointer|
|sums_stream_empty_n         |   in|    1|     ap_fifo|    sums_stream|       pointer|
|sums_stream_read            |  out|    1|     ap_fifo|    sums_stream|       pointer|
+----------------------------+-----+-----+------------+---------------+--------------+

============================================================
+ Verbose Summary: Synthesis Manager
============================================================
InlineROM: 1
ExposeGlobal: 0
============================================================
+ Verbose Summary: CDFG Model
============================================================
IsTopModel: 0
ResetActiveHigh: 1
IsCombinational: 2
IsDatapathOnly: 0
HasWiredReturn: 1
HasMFsm: 0
HasVarLatency: 1
IsPipeline: 0
IsRtlPipelined: 0
IsInstanceOverlapped: 0
IsDontTouch: 0
HasImplIP: 0
IsGatedGlobalClock: 0


============================================================
+ Verbose Summary: Schedule
============================================================
* Number of FSM states : 142
* Pipeline : 0
* Dataflow Pipeline: 0

* FSM state transitions: 
1 --> 2 
2 --> 3 
3 --> 4 
4 --> 5 
5 --> 6 
6 --> 7 
7 --> 8 
8 --> 9 
9 --> 10 
10 --> 11 
11 --> 12 
12 --> 13 
13 --> 14 
14 --> 15 
15 --> 16 
16 --> 17 
17 --> 18 
18 --> 19 
19 --> 20 
20 --> 21 
21 --> 22 
22 --> 23 
23 --> 24 
24 --> 25 
25 --> 26 
26 --> 27 
27 --> 28 
28 --> 29 
29 --> 30 
30 --> 31 
31 --> 32 
32 --> 33 
33 --> 34 
34 --> 35 
35 --> 36 
36 --> 37 
37 --> 38 
38 --> 39 
39 --> 40 
40 --> 41 
41 --> 42 
42 --> 43 
43 --> 44 
44 --> 45 
45 --> 46 
46 --> 47 
47 --> 48 
48 --> 49 
49 --> 50 
50 --> 51 
51 --> 52 
52 --> 53 
53 --> 54 
54 --> 55 
55 --> 56 
56 --> 57 
57 --> 58 
58 --> 59 
59 --> 60 
60 --> 61 
61 --> 62 
62 --> 63 
63 --> 64 
64 --> 65 
65 --> 66 
66 --> 67 
67 --> 68 
68 --> 69 
69 --> 70 
70 --> 71 
71 --> 72 
72 --> 73 
73 --> 74 
74 --> 75 
75 --> 76 
76 --> 77 
77 --> 78 
78 --> 79 
79 --> 80 
80 --> 81 
81 --> 82 
82 --> 83 
83 --> 84 
84 --> 85 
85 --> 86 
86 --> 87 
87 --> 88 
88 --> 89 
89 --> 90 
90 --> 91 
91 --> 92 
92 --> 93 
93 --> 94 
94 --> 95 
95 --> 96 
96 --> 97 
97 --> 98 
98 --> 99 
99 --> 100 
100 --> 101 
101 --> 102 
102 --> 103 
103 --> 104 
104 --> 105 
105 --> 106 
106 --> 107 
107 --> 108 
108 --> 109 
109 --> 110 
110 --> 111 
111 --> 112 
112 --> 113 
113 --> 114 
114 --> 115 
115 --> 116 
116 --> 117 
117 --> 118 
118 --> 119 
119 --> 120 
120 --> 121 
121 --> 122 
122 --> 123 
123 --> 124 
124 --> 125 
125 --> 126 
126 --> 127 
127 --> 128 
128 --> 129 
129 --> 130 
130 --> 131 
131 --> 132 
132 --> 133 
133 --> 134 
134 --> 135 
135 --> 136 
136 --> 137 
137 --> 138 
138 --> 139 
139 --> 140 
140 --> 141 
141 --> 142 
142 --> 

* FSM state operations: 

State 1 <SV = 0> <Delay = 2.25>
ST_1 : Operation 143 [1/1] (1.40ns)   --->   "%mem_1 = read i64 @_ssdm_op_Read.ap_fifo.i64P0A, i64 %mem"   --->   Operation 143 'read' 'mem_1' <Predicate = true> <Delay = 1.40> <CoreInst = "FIFO_SRL">   --->   Core 80 'FIFO_SRL' <Latency = 0> <II = 1> <Delay = 1.40> <Storage> <Opcode : 'read' 'write' 'nbread' 'nbwrite'> <Ports = 0> <Width = 64> <Depth = 5> <FIFO>
ST_1 : Operation 144 [1/1] (0.00ns)   --->   "%val = alloca i64 1"   --->   Operation 144 'alloca' 'val' <Predicate = true> <Delay = 0.00>
ST_1 : Operation 145 [1/1] (1.43ns)   --->   "%sums_stream_read = read i32 @_ssdm_op_Read.ap_fifo.volatile.i32P0A, i32 %sums_stream" [../pageRankReduce/pageRank.cpp:187]   --->   Operation 145 'read' 'sums_stream_read' <Predicate = true> <Delay = 1.43> <CoreInst = "FIFO_SRL">   --->   Core 80 'FIFO_SRL' <Latency = 0> <II = 1> <Delay = 1.43> <Storage> <Opcode : 'read' 'write' 'nbread' 'nbwrite'> <Ports = 0> <Width = 32> <Depth = 9> <FIFO>
ST_1 : Operation 146 [1/1] (1.23ns)   --->   "%taskToWrite_read = read i480 @_ssdm_op_Read.ap_fifo.volatile.i480P0A, i480 %taskToWrite" [../pageRankReduce/pageRank.cpp:189]   --->   Operation 146 'read' 'taskToWrite_read' <Predicate = true> <Delay = 1.23> <CoreInst = "FIFO">   --->   Core 77 'FIFO' <Latency = 0> <II = 1> <Delay = 1.23> <Storage> <Opcode : 'read' 'write' 'nbread' 'nbwrite'> <Ports = 0> <Width = 480> <Depth = 9> <FIFO>
ST_1 : Operation 147 [1/1] (0.00ns)   --->   "%task_pPrCurr = trunc i480 %taskToWrite_read" [../pageRankReduce/pageRank.cpp:189]   --->   Operation 147 'trunc' 'task_pPrCurr' <Predicate = true> <Delay = 0.00>
ST_1 : Operation 148 [1/1] (0.00ns)   --->   "%task_pPrNext = partselect i64 @_ssdm_op_PartSelect.i64.i480.i32.i32, i480 %taskToWrite_read, i32 64, i32 127" [../pageRankReduce/pageRank.cpp:189]   --->   Operation 148 'partselect' 'task_pPrNext' <Predicate = true> <Delay = 0.00>
ST_1 : Operation 149 [1/1] (0.00ns)   --->   "%task_vertex_count = partselect i32 @_ssdm_op_PartSelect.i32.i480.i32.i32, i480 %taskToWrite_read, i32 288, i32 319" [../pageRankReduce/pageRank.cpp:189]   --->   Operation 149 'partselect' 'task_vertex_count' <Predicate = true> <Delay = 0.00>
ST_1 : Operation 150 [1/1] (0.00ns)   --->   "%trunc_ln189_4 = partselect i32 @_ssdm_op_PartSelect.i32.i480.i32.i32, i480 %taskToWrite_read, i32 320, i32 351" [../pageRankReduce/pageRank.cpp:189]   --->   Operation 150 'partselect' 'trunc_ln189_4' <Predicate = true> <Delay = 0.00>
ST_1 : Operation 151 [1/1] (0.00ns)   --->   "%tmp_4 = partselect i32 @_ssdm_op_PartSelect.i32.i480.i32.i32, i480 %taskToWrite_read, i32 256, i32 287" [../pageRankReduce/pageRank.cpp:197]   --->   Operation 151 'partselect' 'tmp_4' <Predicate = true> <Delay = 0.00>
ST_1 : Operation 152 [1/1] (0.00ns)   --->   "%and_ln = bitconcatenate i34 @_ssdm_op_BitConcatenate.i34.i32.i2, i32 %tmp_4, i2 0" [../pageRankReduce/pageRank.cpp:197]   --->   Operation 152 'bitconcatenate' 'and_ln' <Predicate = true> <Delay = 0.00>
ST_1 : Operation 153 [1/1] (0.00ns)   --->   "%zext_ln197 = zext i34 %and_ln" [../pageRankReduce/pageRank.cpp:197]   --->   Operation 153 'zext' 'zext_ln197' <Predicate = true> <Delay = 0.00>
ST_1 : Operation 154 [1/1] (0.00ns) (grouped into TernaryAdder)   --->   "%add_ln197 = add i64 %task_pPrCurr, i64 %zext_ln197" [../pageRankReduce/pageRank.cpp:197]   --->   Operation 154 'add' 'add_ln197' <Predicate = true> <Delay = 0.00> <CoreInst = "TAddSub">   --->   Core 10 'TAddSub' <Latency = 0> <II = 1> <Delay = 0.42> <IPBlock> <Opcode : '' 'add' 'sub'> <InPorts = 3> <OutPorts = 1> <Sync> <CReg>
ST_1 : Operation 155 [1/1] (0.84ns) (root node of TernaryAdder)   --->   "%add_ln197_1 = add i64 %add_ln197, i64 %mem_1" [../pageRankReduce/pageRank.cpp:197]   --->   Operation 155 'add' 'add_ln197_1' <Predicate = true> <Delay = 0.84> <CoreInst = "TAddSub">   --->   Core 10 'TAddSub' <Latency = 0> <II = 1> <Delay = 0.42> <IPBlock> <Opcode : '' 'add' 'sub'> <InPorts = 3> <OutPorts = 1> <Sync> <CReg>
ST_1 : Operation 156 [1/1] (0.00ns)   --->   "%trunc_ln197_2 = partselect i61 @_ssdm_op_PartSelect.i61.i64.i32.i32, i64 %add_ln197_1, i32 3, i32 63" [../pageRankReduce/pageRank.cpp:197]   --->   Operation 156 'partselect' 'trunc_ln197_2' <Predicate = true> <Delay = 0.00>
ST_1 : Operation 157 [1/1] (0.00ns)   --->   "%trunc_ln197 = trunc i64 %add_ln197_1" [../pageRankReduce/pageRank.cpp:197]   --->   Operation 157 'trunc' 'trunc_ln197' <Predicate = true> <Delay = 0.00>
ST_1 : Operation 158 [1/1] (0.00ns) (grouped into TernaryAdder)   --->   "%add_ln201 = add i64 %task_pPrNext, i64 %zext_ln197" [../pageRankReduce/pageRank.cpp:201]   --->   Operation 158 'add' 'add_ln201' <Predicate = true> <Delay = 0.00> <CoreInst = "TAddSub">   --->   Core 10 'TAddSub' <Latency = 0> <II = 1> <Delay = 0.42> <IPBlock> <Opcode : '' 'add' 'sub'> <InPorts = 3> <OutPorts = 1> <Sync> <CReg>
ST_1 : Operation 159 [1/1] (0.84ns) (root node of TernaryAdder)   --->   "%add_ln201_1 = add i64 %add_ln201, i64 %mem_1" [../pageRankReduce/pageRank.cpp:201]   --->   Operation 159 'add' 'add_ln201_1' <Predicate = true> <Delay = 0.84> <CoreInst = "TAddSub">   --->   Core 10 'TAddSub' <Latency = 0> <II = 1> <Delay = 0.42> <IPBlock> <Opcode : '' 'add' 'sub'> <InPorts = 3> <OutPorts = 1> <Sync> <CReg>
ST_1 : Operation 160 [1/1] (0.00ns)   --->   "%trunc_ln201 = trunc i64 %add_ln201_1" [../pageRankReduce/pageRank.cpp:201]   --->   Operation 160 'trunc' 'trunc_ln201' <Predicate = true> <Delay = 0.00>
ST_1 : Operation 161 [1/1] (0.00ns)   --->   "%trunc_ln201_1 = partselect i61 @_ssdm_op_PartSelect.i61.i64.i32.i32, i64 %add_ln201_1, i32 3, i32 63" [../pageRankReduce/pageRank.cpp:201]   --->   Operation 161 'partselect' 'trunc_ln201_1' <Predicate = true> <Delay = 0.00>

State 2 <SV = 1> <Delay = 2.92>
ST_2 : Operation 162 [1/1] (0.00ns)   --->   "%sum = bitcast i32 %sums_stream_read" [../pageRankReduce/pageRank.cpp:187]   --->   Operation 162 'bitcast' 'sum' <Predicate = true> <Delay = 0.00>
ST_2 : Operation 163 [1/1] (0.00ns)   --->   "%task_gamma = bitcast i32 %trunc_ln189_4" [../pageRankReduce/pageRank.cpp:189]   --->   Operation 163 'bitcast' 'task_gamma' <Predicate = true> <Delay = 0.00>
ST_2 : Operation 164 [7/7] (2.34ns)   --->   "%sub = fsub i32 1, i32 %task_gamma" [../pageRankReduce/pageRank.cpp:196]   --->   Operation 164 'fsub' 'sub' <Predicate = true> <Delay = 2.34> <CoreInst = "FAddSub_fulldsp">   --->   Core 18 'FAddSub_fulldsp' <Latency = 6> <II = 1> <Delay = 2.34> <FuncUnit> <Opcode : 'fadd' 'fsub'> <InPorts = 2> <OutPorts = 1>
ST_2 : Operation 165 [4/4] (2.32ns)   --->   "%mul = fmul i32 %task_gamma, i32 %sum" [../pageRankReduce/pageRank.cpp:196]   --->   Operation 165 'fmul' 'mul' <Predicate = true> <Delay = 2.32> <CoreInst = "FMul_maxdsp">   --->   Core 30 'FMul_maxdsp' <Latency = 3> <II = 1> <Delay = 2.32> <FuncUnit> <Opcode : 'fmul'> <InPorts = 2> <OutPorts = 1>
ST_2 : Operation 166 [1/1] (0.00ns)   --->   "%sext_ln197 = sext i61 %trunc_ln197_2" [../pageRankReduce/pageRank.cpp:197]   --->   Operation 166 'sext' 'sext_ln197' <Predicate = true> <Delay = 0.00>
ST_2 : Operation 167 [1/1] (0.00ns)   --->   "%gmem_CHN_5_addr = getelementptr i64 %gmem_CHN_5, i64 %sext_ln197" [../pageRankReduce/pageRank.cpp:197]   --->   Operation 167 'getelementptr' 'gmem_CHN_5_addr' <Predicate = true> <Delay = 0.00>
ST_2 : Operation 168 [71/71] (2.92ns)   --->   "%gmem_CHN_5_load_req = readreq i1 @_ssdm_op_ReadReq.m_axi.i64P1A, i64 %gmem_CHN_5_addr, i64 1" [../pageRankReduce/pageRank.cpp:197]   --->   Operation 168 'readreq' 'gmem_CHN_5_load_req' <Predicate = true> <Delay = 2.92> <CoreInst = "m_axi">   --->   Core 119 'm_axi' <Latency = 0> <II = 1> <Delay = 1.00> <Adapter> <Opcode : 'read' 'write' 'readreq' 'writereq' 'writeresp'>

State 3 <SV = 2> <Delay = 2.92>
ST_3 : Operation 169 [6/7] (2.34ns)   --->   "%sub = fsub i32 1, i32 %task_gamma" [../pageRankReduce/pageRank.cpp:196]   --->   Operation 169 'fsub' 'sub' <Predicate = true> <Delay = 2.34> <CoreInst = "FAddSub_fulldsp">   --->   Core 18 'FAddSub_fulldsp' <Latency = 6> <II = 1> <Delay = 2.34> <FuncUnit> <Opcode : 'fadd' 'fsub'> <InPorts = 2> <OutPorts = 1>
ST_3 : Operation 170 [3/4] (2.32ns)   --->   "%mul = fmul i32 %task_gamma, i32 %sum" [../pageRankReduce/pageRank.cpp:196]   --->   Operation 170 'fmul' 'mul' <Predicate = true> <Delay = 2.32> <CoreInst = "FMul_maxdsp">   --->   Core 30 'FMul_maxdsp' <Latency = 3> <II = 1> <Delay = 2.32> <FuncUnit> <Opcode : 'fmul'> <InPorts = 2> <OutPorts = 1>
ST_3 : Operation 171 [70/71] (2.92ns)   --->   "%gmem_CHN_5_load_req = readreq i1 @_ssdm_op_ReadReq.m_axi.i64P1A, i64 %gmem_CHN_5_addr, i64 1" [../pageRankReduce/pageRank.cpp:197]   --->   Operation 171 'readreq' 'gmem_CHN_5_load_req' <Predicate = true> <Delay = 2.92> <CoreInst = "m_axi">   --->   Core 119 'm_axi' <Latency = 0> <II = 1> <Delay = 1.00> <Adapter> <Opcode : 'read' 'write' 'readreq' 'writereq' 'writeresp'>

State 4 <SV = 3> <Delay = 2.92>
ST_4 : Operation 172 [5/7] (2.34ns)   --->   "%sub = fsub i32 1, i32 %task_gamma" [../pageRankReduce/pageRank.cpp:196]   --->   Operation 172 'fsub' 'sub' <Predicate = true> <Delay = 2.34> <CoreInst = "FAddSub_fulldsp">   --->   Core 18 'FAddSub_fulldsp' <Latency = 6> <II = 1> <Delay = 2.34> <FuncUnit> <Opcode : 'fadd' 'fsub'> <InPorts = 2> <OutPorts = 1>
ST_4 : Operation 173 [2/4] (2.32ns)   --->   "%mul = fmul i32 %task_gamma, i32 %sum" [../pageRankReduce/pageRank.cpp:196]   --->   Operation 173 'fmul' 'mul' <Predicate = true> <Delay = 2.32> <CoreInst = "FMul_maxdsp">   --->   Core 30 'FMul_maxdsp' <Latency = 3> <II = 1> <Delay = 2.32> <FuncUnit> <Opcode : 'fmul'> <InPorts = 2> <OutPorts = 1>
ST_4 : Operation 174 [69/71] (2.92ns)   --->   "%gmem_CHN_5_load_req = readreq i1 @_ssdm_op_ReadReq.m_axi.i64P1A, i64 %gmem_CHN_5_addr, i64 1" [../pageRankReduce/pageRank.cpp:197]   --->   Operation 174 'readreq' 'gmem_CHN_5_load_req' <Predicate = true> <Delay = 2.92> <CoreInst = "m_axi">   --->   Core 119 'm_axi' <Latency = 0> <II = 1> <Delay = 1.00> <Adapter> <Opcode : 'read' 'write' 'readreq' 'writereq' 'writeresp'>

State 5 <SV = 4> <Delay = 2.92>
ST_5 : Operation 175 [4/7] (2.34ns)   --->   "%sub = fsub i32 1, i32 %task_gamma" [../pageRankReduce/pageRank.cpp:196]   --->   Operation 175 'fsub' 'sub' <Predicate = true> <Delay = 2.34> <CoreInst = "FAddSub_fulldsp">   --->   Core 18 'FAddSub_fulldsp' <Latency = 6> <II = 1> <Delay = 2.34> <FuncUnit> <Opcode : 'fadd' 'fsub'> <InPorts = 2> <OutPorts = 1>
ST_5 : Operation 176 [4/4] (2.66ns)   --->   "%conv = uitofp i32 %task_vertex_count" [../pageRankReduce/pageRank.cpp:196]   --->   Operation 176 'uitofp' 'conv' <Predicate = true> <Delay = 2.66> <CoreInst = "Int2Float">   --->   Core 62 'Int2Float' <Latency = 3> <II = 1> <Delay = 2.66> <FuncUnit> <Opcode : 'uitofp' 'sitofp'> <InPorts = 1> <OutPorts = 1>
ST_5 : Operation 177 [1/4] (2.32ns)   --->   "%mul = fmul i32 %task_gamma, i32 %sum" [../pageRankReduce/pageRank.cpp:196]   --->   Operation 177 'fmul' 'mul' <Predicate = true> <Delay = 2.32> <CoreInst = "FMul_maxdsp">   --->   Core 30 'FMul_maxdsp' <Latency = 3> <II = 1> <Delay = 2.32> <FuncUnit> <Opcode : 'fmul'> <InPorts = 2> <OutPorts = 1>
ST_5 : Operation 178 [68/71] (2.92ns)   --->   "%gmem_CHN_5_load_req = readreq i1 @_ssdm_op_ReadReq.m_axi.i64P1A, i64 %gmem_CHN_5_addr, i64 1" [../pageRankReduce/pageRank.cpp:197]   --->   Operation 178 'readreq' 'gmem_CHN_5_load_req' <Predicate = true> <Delay = 2.92> <CoreInst = "m_axi">   --->   Core 119 'm_axi' <Latency = 0> <II = 1> <Delay = 1.00> <Adapter> <Opcode : 'read' 'write' 'readreq' 'writereq' 'writeresp'>

State 6 <SV = 5> <Delay = 2.92>
ST_6 : Operation 179 [3/7] (2.34ns)   --->   "%sub = fsub i32 1, i32 %task_gamma" [../pageRankReduce/pageRank.cpp:196]   --->   Operation 179 'fsub' 'sub' <Predicate = true> <Delay = 2.34> <CoreInst = "FAddSub_fulldsp">   --->   Core 18 'FAddSub_fulldsp' <Latency = 6> <II = 1> <Delay = 2.34> <FuncUnit> <Opcode : 'fadd' 'fsub'> <InPorts = 2> <OutPorts = 1>
ST_6 : Operation 180 [3/4] (2.66ns)   --->   "%conv = uitofp i32 %task_vertex_count" [../pageRankReduce/pageRank.cpp:196]   --->   Operation 180 'uitofp' 'conv' <Predicate = true> <Delay = 2.66> <CoreInst = "Int2Float">   --->   Core 62 'Int2Float' <Latency = 3> <II = 1> <Delay = 2.66> <FuncUnit> <Opcode : 'uitofp' 'sitofp'> <InPorts = 1> <OutPorts = 1>
ST_6 : Operation 181 [67/71] (2.92ns)   --->   "%gmem_CHN_5_load_req = readreq i1 @_ssdm_op_ReadReq.m_axi.i64P1A, i64 %gmem_CHN_5_addr, i64 1" [../pageRankReduce/pageRank.cpp:197]   --->   Operation 181 'readreq' 'gmem_CHN_5_load_req' <Predicate = true> <Delay = 2.92> <CoreInst = "m_axi">   --->   Core 119 'm_axi' <Latency = 0> <II = 1> <Delay = 1.00> <Adapter> <Opcode : 'read' 'write' 'readreq' 'writereq' 'writeresp'>

State 7 <SV = 6> <Delay = 2.92>
ST_7 : Operation 182 [2/7] (2.34ns)   --->   "%sub = fsub i32 1, i32 %task_gamma" [../pageRankReduce/pageRank.cpp:196]   --->   Operation 182 'fsub' 'sub' <Predicate = true> <Delay = 2.34> <CoreInst = "FAddSub_fulldsp">   --->   Core 18 'FAddSub_fulldsp' <Latency = 6> <II = 1> <Delay = 2.34> <FuncUnit> <Opcode : 'fadd' 'fsub'> <InPorts = 2> <OutPorts = 1>
ST_7 : Operation 183 [2/4] (2.66ns)   --->   "%conv = uitofp i32 %task_vertex_count" [../pageRankReduce/pageRank.cpp:196]   --->   Operation 183 'uitofp' 'conv' <Predicate = true> <Delay = 2.66> <CoreInst = "Int2Float">   --->   Core 62 'Int2Float' <Latency = 3> <II = 1> <Delay = 2.66> <FuncUnit> <Opcode : 'uitofp' 'sitofp'> <InPorts = 1> <OutPorts = 1>
ST_7 : Operation 184 [66/71] (2.92ns)   --->   "%gmem_CHN_5_load_req = readreq i1 @_ssdm_op_ReadReq.m_axi.i64P1A, i64 %gmem_CHN_5_addr, i64 1" [../pageRankReduce/pageRank.cpp:197]   --->   Operation 184 'readreq' 'gmem_CHN_5_load_req' <Predicate = true> <Delay = 2.92> <CoreInst = "m_axi">   --->   Core 119 'm_axi' <Latency = 0> <II = 1> <Delay = 1.00> <Adapter> <Opcode : 'read' 'write' 'readreq' 'writereq' 'writeresp'>

State 8 <SV = 7> <Delay = 2.92>
ST_8 : Operation 185 [1/7] (2.34ns)   --->   "%sub = fsub i32 1, i32 %task_gamma" [../pageRankReduce/pageRank.cpp:196]   --->   Operation 185 'fsub' 'sub' <Predicate = true> <Delay = 2.34> <CoreInst = "FAddSub_fulldsp">   --->   Core 18 'FAddSub_fulldsp' <Latency = 6> <II = 1> <Delay = 2.34> <FuncUnit> <Opcode : 'fadd' 'fsub'> <InPorts = 2> <OutPorts = 1>
ST_8 : Operation 186 [1/4] (2.66ns)   --->   "%conv = uitofp i32 %task_vertex_count" [../pageRankReduce/pageRank.cpp:196]   --->   Operation 186 'uitofp' 'conv' <Predicate = true> <Delay = 2.66> <CoreInst = "Int2Float">   --->   Core 62 'Int2Float' <Latency = 3> <II = 1> <Delay = 2.66> <FuncUnit> <Opcode : 'uitofp' 'sitofp'> <InPorts = 1> <OutPorts = 1>
ST_8 : Operation 187 [65/71] (2.92ns)   --->   "%gmem_CHN_5_load_req = readreq i1 @_ssdm_op_ReadReq.m_axi.i64P1A, i64 %gmem_CHN_5_addr, i64 1" [../pageRankReduce/pageRank.cpp:197]   --->   Operation 187 'readreq' 'gmem_CHN_5_load_req' <Predicate = true> <Delay = 2.92> <CoreInst = "m_axi">   --->   Core 119 'm_axi' <Latency = 0> <II = 1> <Delay = 1.00> <Adapter> <Opcode : 'read' 'write' 'readreq' 'writereq' 'writeresp'>

State 9 <SV = 8> <Delay = 2.92>
ST_9 : Operation 188 [12/12] (2.32ns)   --->   "%div = fdiv i32 %sub, i32 %conv" [../pageRankReduce/pageRank.cpp:196]   --->   Operation 188 'fdiv' 'div' <Predicate = true> <Delay = 2.32> <CoreInst = "FDiv">   --->   Core 20 'FDiv' <Latency = 11> <II = 1> <Delay = 2.32> <FuncUnit> <Opcode : 'fdiv' 'frem'> <InPorts = 2> <OutPorts = 1>
ST_9 : Operation 189 [64/71] (2.92ns)   --->   "%gmem_CHN_5_load_req = readreq i1 @_ssdm_op_ReadReq.m_axi.i64P1A, i64 %gmem_CHN_5_addr, i64 1" [../pageRankReduce/pageRank.cpp:197]   --->   Operation 189 'readreq' 'gmem_CHN_5_load_req' <Predicate = true> <Delay = 2.92> <CoreInst = "m_axi">   --->   Core 119 'm_axi' <Latency = 0> <II = 1> <Delay = 1.00> <Adapter> <Opcode : 'read' 'write' 'readreq' 'writereq' 'writeresp'>

State 10 <SV = 9> <Delay = 2.92>
ST_10 : Operation 190 [11/12] (2.32ns)   --->   "%div = fdiv i32 %sub, i32 %conv" [../pageRankReduce/pageRank.cpp:196]   --->   Operation 190 'fdiv' 'div' <Predicate = true> <Delay = 2.32> <CoreInst = "FDiv">   --->   Core 20 'FDiv' <Latency = 11> <II = 1> <Delay = 2.32> <FuncUnit> <Opcode : 'fdiv' 'frem'> <InPorts = 2> <OutPorts = 1>
ST_10 : Operation 191 [63/71] (2.92ns)   --->   "%gmem_CHN_5_load_req = readreq i1 @_ssdm_op_ReadReq.m_axi.i64P1A, i64 %gmem_CHN_5_addr, i64 1" [../pageRankReduce/pageRank.cpp:197]   --->   Operation 191 'readreq' 'gmem_CHN_5_load_req' <Predicate = true> <Delay = 2.92> <CoreInst = "m_axi">   --->   Core 119 'm_axi' <Latency = 0> <II = 1> <Delay = 1.00> <Adapter> <Opcode : 'read' 'write' 'readreq' 'writereq' 'writeresp'>

State 11 <SV = 10> <Delay = 2.92>
ST_11 : Operation 192 [10/12] (2.32ns)   --->   "%div = fdiv i32 %sub, i32 %conv" [../pageRankReduce/pageRank.cpp:196]   --->   Operation 192 'fdiv' 'div' <Predicate = true> <Delay = 2.32> <CoreInst = "FDiv">   --->   Core 20 'FDiv' <Latency = 11> <II = 1> <Delay = 2.32> <FuncUnit> <Opcode : 'fdiv' 'frem'> <InPorts = 2> <OutPorts = 1>
ST_11 : Operation 193 [62/71] (2.92ns)   --->   "%gmem_CHN_5_load_req = readreq i1 @_ssdm_op_ReadReq.m_axi.i64P1A, i64 %gmem_CHN_5_addr, i64 1" [../pageRankReduce/pageRank.cpp:197]   --->   Operation 193 'readreq' 'gmem_CHN_5_load_req' <Predicate = true> <Delay = 2.92> <CoreInst = "m_axi">   --->   Core 119 'm_axi' <Latency = 0> <II = 1> <Delay = 1.00> <Adapter> <Opcode : 'read' 'write' 'readreq' 'writereq' 'writeresp'>

State 12 <SV = 11> <Delay = 2.92>
ST_12 : Operation 194 [9/12] (2.32ns)   --->   "%div = fdiv i32 %sub, i32 %conv" [../pageRankReduce/pageRank.cpp:196]   --->   Operation 194 'fdiv' 'div' <Predicate = true> <Delay = 2.32> <CoreInst = "FDiv">   --->   Core 20 'FDiv' <Latency = 11> <II = 1> <Delay = 2.32> <FuncUnit> <Opcode : 'fdiv' 'frem'> <InPorts = 2> <OutPorts = 1>
ST_12 : Operation 195 [61/71] (2.92ns)   --->   "%gmem_CHN_5_load_req = readreq i1 @_ssdm_op_ReadReq.m_axi.i64P1A, i64 %gmem_CHN_5_addr, i64 1" [../pageRankReduce/pageRank.cpp:197]   --->   Operation 195 'readreq' 'gmem_CHN_5_load_req' <Predicate = true> <Delay = 2.92> <CoreInst = "m_axi">   --->   Core 119 'm_axi' <Latency = 0> <II = 1> <Delay = 1.00> <Adapter> <Opcode : 'read' 'write' 'readreq' 'writereq' 'writeresp'>

State 13 <SV = 12> <Delay = 2.92>
ST_13 : Operation 196 [8/12] (2.32ns)   --->   "%div = fdiv i32 %sub, i32 %conv" [../pageRankReduce/pageRank.cpp:196]   --->   Operation 196 'fdiv' 'div' <Predicate = true> <Delay = 2.32> <CoreInst = "FDiv">   --->   Core 20 'FDiv' <Latency = 11> <II = 1> <Delay = 2.32> <FuncUnit> <Opcode : 'fdiv' 'frem'> <InPorts = 2> <OutPorts = 1>
ST_13 : Operation 197 [60/71] (2.92ns)   --->   "%gmem_CHN_5_load_req = readreq i1 @_ssdm_op_ReadReq.m_axi.i64P1A, i64 %gmem_CHN_5_addr, i64 1" [../pageRankReduce/pageRank.cpp:197]   --->   Operation 197 'readreq' 'gmem_CHN_5_load_req' <Predicate = true> <Delay = 2.92> <CoreInst = "m_axi">   --->   Core 119 'm_axi' <Latency = 0> <II = 1> <Delay = 1.00> <Adapter> <Opcode : 'read' 'write' 'readreq' 'writereq' 'writeresp'>

State 14 <SV = 13> <Delay = 2.92>
ST_14 : Operation 198 [7/12] (2.32ns)   --->   "%div = fdiv i32 %sub, i32 %conv" [../pageRankReduce/pageRank.cpp:196]   --->   Operation 198 'fdiv' 'div' <Predicate = true> <Delay = 2.32> <CoreInst = "FDiv">   --->   Core 20 'FDiv' <Latency = 11> <II = 1> <Delay = 2.32> <FuncUnit> <Opcode : 'fdiv' 'frem'> <InPorts = 2> <OutPorts = 1>
ST_14 : Operation 199 [59/71] (2.92ns)   --->   "%gmem_CHN_5_load_req = readreq i1 @_ssdm_op_ReadReq.m_axi.i64P1A, i64 %gmem_CHN_5_addr, i64 1" [../pageRankReduce/pageRank.cpp:197]   --->   Operation 199 'readreq' 'gmem_CHN_5_load_req' <Predicate = true> <Delay = 2.92> <CoreInst = "m_axi">   --->   Core 119 'm_axi' <Latency = 0> <II = 1> <Delay = 1.00> <Adapter> <Opcode : 'read' 'write' 'readreq' 'writereq' 'writeresp'>

State 15 <SV = 14> <Delay = 2.92>
ST_15 : Operation 200 [6/12] (2.32ns)   --->   "%div = fdiv i32 %sub, i32 %conv" [../pageRankReduce/pageRank.cpp:196]   --->   Operation 200 'fdiv' 'div' <Predicate = true> <Delay = 2.32> <CoreInst = "FDiv">   --->   Core 20 'FDiv' <Latency = 11> <II = 1> <Delay = 2.32> <FuncUnit> <Opcode : 'fdiv' 'frem'> <InPorts = 2> <OutPorts = 1>
ST_15 : Operation 201 [58/71] (2.92ns)   --->   "%gmem_CHN_5_load_req = readreq i1 @_ssdm_op_ReadReq.m_axi.i64P1A, i64 %gmem_CHN_5_addr, i64 1" [../pageRankReduce/pageRank.cpp:197]   --->   Operation 201 'readreq' 'gmem_CHN_5_load_req' <Predicate = true> <Delay = 2.92> <CoreInst = "m_axi">   --->   Core 119 'm_axi' <Latency = 0> <II = 1> <Delay = 1.00> <Adapter> <Opcode : 'read' 'write' 'readreq' 'writereq' 'writeresp'>

State 16 <SV = 15> <Delay = 2.92>
ST_16 : Operation 202 [5/12] (2.32ns)   --->   "%div = fdiv i32 %sub, i32 %conv" [../pageRankReduce/pageRank.cpp:196]   --->   Operation 202 'fdiv' 'div' <Predicate = true> <Delay = 2.32> <CoreInst = "FDiv">   --->   Core 20 'FDiv' <Latency = 11> <II = 1> <Delay = 2.32> <FuncUnit> <Opcode : 'fdiv' 'frem'> <InPorts = 2> <OutPorts = 1>
ST_16 : Operation 203 [57/71] (2.92ns)   --->   "%gmem_CHN_5_load_req = readreq i1 @_ssdm_op_ReadReq.m_axi.i64P1A, i64 %gmem_CHN_5_addr, i64 1" [../pageRankReduce/pageRank.cpp:197]   --->   Operation 203 'readreq' 'gmem_CHN_5_load_req' <Predicate = true> <Delay = 2.92> <CoreInst = "m_axi">   --->   Core 119 'm_axi' <Latency = 0> <II = 1> <Delay = 1.00> <Adapter> <Opcode : 'read' 'write' 'readreq' 'writereq' 'writeresp'>

State 17 <SV = 16> <Delay = 2.92>
ST_17 : Operation 204 [4/12] (2.32ns)   --->   "%div = fdiv i32 %sub, i32 %conv" [../pageRankReduce/pageRank.cpp:196]   --->   Operation 204 'fdiv' 'div' <Predicate = true> <Delay = 2.32> <CoreInst = "FDiv">   --->   Core 20 'FDiv' <Latency = 11> <II = 1> <Delay = 2.32> <FuncUnit> <Opcode : 'fdiv' 'frem'> <InPorts = 2> <OutPorts = 1>
ST_17 : Operation 205 [56/71] (2.92ns)   --->   "%gmem_CHN_5_load_req = readreq i1 @_ssdm_op_ReadReq.m_axi.i64P1A, i64 %gmem_CHN_5_addr, i64 1" [../pageRankReduce/pageRank.cpp:197]   --->   Operation 205 'readreq' 'gmem_CHN_5_load_req' <Predicate = true> <Delay = 2.92> <CoreInst = "m_axi">   --->   Core 119 'm_axi' <Latency = 0> <II = 1> <Delay = 1.00> <Adapter> <Opcode : 'read' 'write' 'readreq' 'writereq' 'writeresp'>

State 18 <SV = 17> <Delay = 2.92>
ST_18 : Operation 206 [3/12] (2.32ns)   --->   "%div = fdiv i32 %sub, i32 %conv" [../pageRankReduce/pageRank.cpp:196]   --->   Operation 206 'fdiv' 'div' <Predicate = true> <Delay = 2.32> <CoreInst = "FDiv">   --->   Core 20 'FDiv' <Latency = 11> <II = 1> <Delay = 2.32> <FuncUnit> <Opcode : 'fdiv' 'frem'> <InPorts = 2> <OutPorts = 1>
ST_18 : Operation 207 [55/71] (2.92ns)   --->   "%gmem_CHN_5_load_req = readreq i1 @_ssdm_op_ReadReq.m_axi.i64P1A, i64 %gmem_CHN_5_addr, i64 1" [../pageRankReduce/pageRank.cpp:197]   --->   Operation 207 'readreq' 'gmem_CHN_5_load_req' <Predicate = true> <Delay = 2.92> <CoreInst = "m_axi">   --->   Core 119 'm_axi' <Latency = 0> <II = 1> <Delay = 1.00> <Adapter> <Opcode : 'read' 'write' 'readreq' 'writereq' 'writeresp'>

State 19 <SV = 18> <Delay = 2.92>
ST_19 : Operation 208 [2/12] (2.32ns)   --->   "%div = fdiv i32 %sub, i32 %conv" [../pageRankReduce/pageRank.cpp:196]   --->   Operation 208 'fdiv' 'div' <Predicate = true> <Delay = 2.32> <CoreInst = "FDiv">   --->   Core 20 'FDiv' <Latency = 11> <II = 1> <Delay = 2.32> <FuncUnit> <Opcode : 'fdiv' 'frem'> <InPorts = 2> <OutPorts = 1>
ST_19 : Operation 209 [54/71] (2.92ns)   --->   "%gmem_CHN_5_load_req = readreq i1 @_ssdm_op_ReadReq.m_axi.i64P1A, i64 %gmem_CHN_5_addr, i64 1" [../pageRankReduce/pageRank.cpp:197]   --->   Operation 209 'readreq' 'gmem_CHN_5_load_req' <Predicate = true> <Delay = 2.92> <CoreInst = "m_axi">   --->   Core 119 'm_axi' <Latency = 0> <II = 1> <Delay = 1.00> <Adapter> <Opcode : 'read' 'write' 'readreq' 'writereq' 'writeresp'>

State 20 <SV = 19> <Delay = 2.92>
ST_20 : Operation 210 [1/12] (2.32ns)   --->   "%div = fdiv i32 %sub, i32 %conv" [../pageRankReduce/pageRank.cpp:196]   --->   Operation 210 'fdiv' 'div' <Predicate = true> <Delay = 2.32> <CoreInst = "FDiv">   --->   Core 20 'FDiv' <Latency = 11> <II = 1> <Delay = 2.32> <FuncUnit> <Opcode : 'fdiv' 'frem'> <InPorts = 2> <OutPorts = 1>
ST_20 : Operation 211 [53/71] (2.92ns)   --->   "%gmem_CHN_5_load_req = readreq i1 @_ssdm_op_ReadReq.m_axi.i64P1A, i64 %gmem_CHN_5_addr, i64 1" [../pageRankReduce/pageRank.cpp:197]   --->   Operation 211 'readreq' 'gmem_CHN_5_load_req' <Predicate = true> <Delay = 2.92> <CoreInst = "m_axi">   --->   Core 119 'm_axi' <Latency = 0> <II = 1> <Delay = 1.00> <Adapter> <Opcode : 'read' 'write' 'readreq' 'writereq' 'writeresp'>

State 21 <SV = 20> <Delay = 2.92>
ST_21 : Operation 212 [7/7] (2.34ns)   --->   "%Pnext_v = fadd i32 %div, i32 %mul" [../pageRankReduce/pageRank.cpp:196]   --->   Operation 212 'fadd' 'Pnext_v' <Predicate = true> <Delay = 2.34> <CoreInst = "FAddSub_fulldsp">   --->   Core 18 'FAddSub_fulldsp' <Latency = 6> <II = 1> <Delay = 2.34> <FuncUnit> <Opcode : 'fadd' 'fsub'> <InPorts = 2> <OutPorts = 1>
ST_21 : Operation 213 [52/71] (2.92ns)   --->   "%gmem_CHN_5_load_req = readreq i1 @_ssdm_op_ReadReq.m_axi.i64P1A, i64 %gmem_CHN_5_addr, i64 1" [../pageRankReduce/pageRank.cpp:197]   --->   Operation 213 'readreq' 'gmem_CHN_5_load_req' <Predicate = true> <Delay = 2.92> <CoreInst = "m_axi">   --->   Core 119 'm_axi' <Latency = 0> <II = 1> <Delay = 1.00> <Adapter> <Opcode : 'read' 'write' 'readreq' 'writereq' 'writeresp'>

State 22 <SV = 21> <Delay = 2.92>
ST_22 : Operation 214 [6/7] (2.34ns)   --->   "%Pnext_v = fadd i32 %div, i32 %mul" [../pageRankReduce/pageRank.cpp:196]   --->   Operation 214 'fadd' 'Pnext_v' <Predicate = true> <Delay = 2.34> <CoreInst = "FAddSub_fulldsp">   --->   Core 18 'FAddSub_fulldsp' <Latency = 6> <II = 1> <Delay = 2.34> <FuncUnit> <Opcode : 'fadd' 'fsub'> <InPorts = 2> <OutPorts = 1>
ST_22 : Operation 215 [51/71] (2.92ns)   --->   "%gmem_CHN_5_load_req = readreq i1 @_ssdm_op_ReadReq.m_axi.i64P1A, i64 %gmem_CHN_5_addr, i64 1" [../pageRankReduce/pageRank.cpp:197]   --->   Operation 215 'readreq' 'gmem_CHN_5_load_req' <Predicate = true> <Delay = 2.92> <CoreInst = "m_axi">   --->   Core 119 'm_axi' <Latency = 0> <II = 1> <Delay = 1.00> <Adapter> <Opcode : 'read' 'write' 'readreq' 'writereq' 'writeresp'>

State 23 <SV = 22> <Delay = 2.92>
ST_23 : Operation 216 [5/7] (2.34ns)   --->   "%Pnext_v = fadd i32 %div, i32 %mul" [../pageRankReduce/pageRank.cpp:196]   --->   Operation 216 'fadd' 'Pnext_v' <Predicate = true> <Delay = 2.34> <CoreInst = "FAddSub_fulldsp">   --->   Core 18 'FAddSub_fulldsp' <Latency = 6> <II = 1> <Delay = 2.34> <FuncUnit> <Opcode : 'fadd' 'fsub'> <InPorts = 2> <OutPorts = 1>
ST_23 : Operation 217 [50/71] (2.92ns)   --->   "%gmem_CHN_5_load_req = readreq i1 @_ssdm_op_ReadReq.m_axi.i64P1A, i64 %gmem_CHN_5_addr, i64 1" [../pageRankReduce/pageRank.cpp:197]   --->   Operation 217 'readreq' 'gmem_CHN_5_load_req' <Predicate = true> <Delay = 2.92> <CoreInst = "m_axi">   --->   Core 119 'm_axi' <Latency = 0> <II = 1> <Delay = 1.00> <Adapter> <Opcode : 'read' 'write' 'readreq' 'writereq' 'writeresp'>

State 24 <SV = 23> <Delay = 2.92>
ST_24 : Operation 218 [4/7] (2.34ns)   --->   "%Pnext_v = fadd i32 %div, i32 %mul" [../pageRankReduce/pageRank.cpp:196]   --->   Operation 218 'fadd' 'Pnext_v' <Predicate = true> <Delay = 2.34> <CoreInst = "FAddSub_fulldsp">   --->   Core 18 'FAddSub_fulldsp' <Latency = 6> <II = 1> <Delay = 2.34> <FuncUnit> <Opcode : 'fadd' 'fsub'> <InPorts = 2> <OutPorts = 1>
ST_24 : Operation 219 [49/71] (2.92ns)   --->   "%gmem_CHN_5_load_req = readreq i1 @_ssdm_op_ReadReq.m_axi.i64P1A, i64 %gmem_CHN_5_addr, i64 1" [../pageRankReduce/pageRank.cpp:197]   --->   Operation 219 'readreq' 'gmem_CHN_5_load_req' <Predicate = true> <Delay = 2.92> <CoreInst = "m_axi">   --->   Core 119 'm_axi' <Latency = 0> <II = 1> <Delay = 1.00> <Adapter> <Opcode : 'read' 'write' 'readreq' 'writereq' 'writeresp'>

State 25 <SV = 24> <Delay = 2.92>
ST_25 : Operation 220 [3/7] (2.34ns)   --->   "%Pnext_v = fadd i32 %div, i32 %mul" [../pageRankReduce/pageRank.cpp:196]   --->   Operation 220 'fadd' 'Pnext_v' <Predicate = true> <Delay = 2.34> <CoreInst = "FAddSub_fulldsp">   --->   Core 18 'FAddSub_fulldsp' <Latency = 6> <II = 1> <Delay = 2.34> <FuncUnit> <Opcode : 'fadd' 'fsub'> <InPorts = 2> <OutPorts = 1>
ST_25 : Operation 221 [48/71] (2.92ns)   --->   "%gmem_CHN_5_load_req = readreq i1 @_ssdm_op_ReadReq.m_axi.i64P1A, i64 %gmem_CHN_5_addr, i64 1" [../pageRankReduce/pageRank.cpp:197]   --->   Operation 221 'readreq' 'gmem_CHN_5_load_req' <Predicate = true> <Delay = 2.92> <CoreInst = "m_axi">   --->   Core 119 'm_axi' <Latency = 0> <II = 1> <Delay = 1.00> <Adapter> <Opcode : 'read' 'write' 'readreq' 'writereq' 'writeresp'>

State 26 <SV = 25> <Delay = 2.92>
ST_26 : Operation 222 [2/7] (2.34ns)   --->   "%Pnext_v = fadd i32 %div, i32 %mul" [../pageRankReduce/pageRank.cpp:196]   --->   Operation 222 'fadd' 'Pnext_v' <Predicate = true> <Delay = 2.34> <CoreInst = "FAddSub_fulldsp">   --->   Core 18 'FAddSub_fulldsp' <Latency = 6> <II = 1> <Delay = 2.34> <FuncUnit> <Opcode : 'fadd' 'fsub'> <InPorts = 2> <OutPorts = 1>
ST_26 : Operation 223 [47/71] (2.92ns)   --->   "%gmem_CHN_5_load_req = readreq i1 @_ssdm_op_ReadReq.m_axi.i64P1A, i64 %gmem_CHN_5_addr, i64 1" [../pageRankReduce/pageRank.cpp:197]   --->   Operation 223 'readreq' 'gmem_CHN_5_load_req' <Predicate = true> <Delay = 2.92> <CoreInst = "m_axi">   --->   Core 119 'm_axi' <Latency = 0> <II = 1> <Delay = 1.00> <Adapter> <Opcode : 'read' 'write' 'readreq' 'writereq' 'writeresp'>

State 27 <SV = 26> <Delay = 2.92>
ST_27 : Operation 224 [1/7] (2.34ns)   --->   "%Pnext_v = fadd i32 %div, i32 %mul" [../pageRankReduce/pageRank.cpp:196]   --->   Operation 224 'fadd' 'Pnext_v' <Predicate = true> <Delay = 2.34> <CoreInst = "FAddSub_fulldsp">   --->   Core 18 'FAddSub_fulldsp' <Latency = 6> <II = 1> <Delay = 2.34> <FuncUnit> <Opcode : 'fadd' 'fsub'> <InPorts = 2> <OutPorts = 1>
ST_27 : Operation 225 [46/71] (2.92ns)   --->   "%gmem_CHN_5_load_req = readreq i1 @_ssdm_op_ReadReq.m_axi.i64P1A, i64 %gmem_CHN_5_addr, i64 1" [../pageRankReduce/pageRank.cpp:197]   --->   Operation 225 'readreq' 'gmem_CHN_5_load_req' <Predicate = true> <Delay = 2.92> <CoreInst = "m_axi">   --->   Core 119 'm_axi' <Latency = 0> <II = 1> <Delay = 1.00> <Adapter> <Opcode : 'read' 'write' 'readreq' 'writereq' 'writeresp'>
ST_27 : Operation 226 [1/1] (0.00ns)   --->   "%store_ln202 = store i32 %Pnext_v, i32 %val" [../pageRankReduce/pageRank.cpp:202]   --->   Operation 226 'store' 'store_ln202' <Predicate = true> <Delay = 0.00>
ST_27 : Operation 227 [1/1] (0.00ns)   --->   "%store_ln203 = store i32 %Pnext_v, i32 %val" [../pageRankReduce/pageRank.cpp:203]   --->   Operation 227 'store' 'store_ln203' <Predicate = true> <Delay = 0.00>

State 28 <SV = 27> <Delay = 2.92>
ST_28 : Operation 228 [45/71] (2.92ns)   --->   "%gmem_CHN_5_load_req = readreq i1 @_ssdm_op_ReadReq.m_axi.i64P1A, i64 %gmem_CHN_5_addr, i64 1" [../pageRankReduce/pageRank.cpp:197]   --->   Operation 228 'readreq' 'gmem_CHN_5_load_req' <Predicate = true> <Delay = 2.92> <CoreInst = "m_axi">   --->   Core 119 'm_axi' <Latency = 0> <II = 1> <Delay = 1.00> <Adapter> <Opcode : 'read' 'write' 'readreq' 'writereq' 'writeresp'>

State 29 <SV = 28> <Delay = 2.92>
ST_29 : Operation 229 [44/71] (2.92ns)   --->   "%gmem_CHN_5_load_req = readreq i1 @_ssdm_op_ReadReq.m_axi.i64P1A, i64 %gmem_CHN_5_addr, i64 1" [../pageRankReduce/pageRank.cpp:197]   --->   Operation 229 'readreq' 'gmem_CHN_5_load_req' <Predicate = true> <Delay = 2.92> <CoreInst = "m_axi">   --->   Core 119 'm_axi' <Latency = 0> <II = 1> <Delay = 1.00> <Adapter> <Opcode : 'read' 'write' 'readreq' 'writereq' 'writeresp'>

State 30 <SV = 29> <Delay = 2.92>
ST_30 : Operation 230 [43/71] (2.92ns)   --->   "%gmem_CHN_5_load_req = readreq i1 @_ssdm_op_ReadReq.m_axi.i64P1A, i64 %gmem_CHN_5_addr, i64 1" [../pageRankReduce/pageRank.cpp:197]   --->   Operation 230 'readreq' 'gmem_CHN_5_load_req' <Predicate = true> <Delay = 2.92> <CoreInst = "m_axi">   --->   Core 119 'm_axi' <Latency = 0> <II = 1> <Delay = 1.00> <Adapter> <Opcode : 'read' 'write' 'readreq' 'writereq' 'writeresp'>

State 31 <SV = 30> <Delay = 2.92>
ST_31 : Operation 231 [42/71] (2.92ns)   --->   "%gmem_CHN_5_load_req = readreq i1 @_ssdm_op_ReadReq.m_axi.i64P1A, i64 %gmem_CHN_5_addr, i64 1" [../pageRankReduce/pageRank.cpp:197]   --->   Operation 231 'readreq' 'gmem_CHN_5_load_req' <Predicate = true> <Delay = 2.92> <CoreInst = "m_axi">   --->   Core 119 'm_axi' <Latency = 0> <II = 1> <Delay = 1.00> <Adapter> <Opcode : 'read' 'write' 'readreq' 'writereq' 'writeresp'>

State 32 <SV = 31> <Delay = 2.92>
ST_32 : Operation 232 [41/71] (2.92ns)   --->   "%gmem_CHN_5_load_req = readreq i1 @_ssdm_op_ReadReq.m_axi.i64P1A, i64 %gmem_CHN_5_addr, i64 1" [../pageRankReduce/pageRank.cpp:197]   --->   Operation 232 'readreq' 'gmem_CHN_5_load_req' <Predicate = true> <Delay = 2.92> <CoreInst = "m_axi">   --->   Core 119 'm_axi' <Latency = 0> <II = 1> <Delay = 1.00> <Adapter> <Opcode : 'read' 'write' 'readreq' 'writereq' 'writeresp'>

State 33 <SV = 32> <Delay = 2.92>
ST_33 : Operation 233 [40/71] (2.92ns)   --->   "%gmem_CHN_5_load_req = readreq i1 @_ssdm_op_ReadReq.m_axi.i64P1A, i64 %gmem_CHN_5_addr, i64 1" [../pageRankReduce/pageRank.cpp:197]   --->   Operation 233 'readreq' 'gmem_CHN_5_load_req' <Predicate = true> <Delay = 2.92> <CoreInst = "m_axi">   --->   Core 119 'm_axi' <Latency = 0> <II = 1> <Delay = 1.00> <Adapter> <Opcode : 'read' 'write' 'readreq' 'writereq' 'writeresp'>

State 34 <SV = 33> <Delay = 2.92>
ST_34 : Operation 234 [39/71] (2.92ns)   --->   "%gmem_CHN_5_load_req = readreq i1 @_ssdm_op_ReadReq.m_axi.i64P1A, i64 %gmem_CHN_5_addr, i64 1" [../pageRankReduce/pageRank.cpp:197]   --->   Operation 234 'readreq' 'gmem_CHN_5_load_req' <Predicate = true> <Delay = 2.92> <CoreInst = "m_axi">   --->   Core 119 'm_axi' <Latency = 0> <II = 1> <Delay = 1.00> <Adapter> <Opcode : 'read' 'write' 'readreq' 'writereq' 'writeresp'>

State 35 <SV = 34> <Delay = 2.92>
ST_35 : Operation 235 [38/71] (2.92ns)   --->   "%gmem_CHN_5_load_req = readreq i1 @_ssdm_op_ReadReq.m_axi.i64P1A, i64 %gmem_CHN_5_addr, i64 1" [../pageRankReduce/pageRank.cpp:197]   --->   Operation 235 'readreq' 'gmem_CHN_5_load_req' <Predicate = true> <Delay = 2.92> <CoreInst = "m_axi">   --->   Core 119 'm_axi' <Latency = 0> <II = 1> <Delay = 1.00> <Adapter> <Opcode : 'read' 'write' 'readreq' 'writereq' 'writeresp'>

State 36 <SV = 35> <Delay = 2.92>
ST_36 : Operation 236 [37/71] (2.92ns)   --->   "%gmem_CHN_5_load_req = readreq i1 @_ssdm_op_ReadReq.m_axi.i64P1A, i64 %gmem_CHN_5_addr, i64 1" [../pageRankReduce/pageRank.cpp:197]   --->   Operation 236 'readreq' 'gmem_CHN_5_load_req' <Predicate = true> <Delay = 2.92> <CoreInst = "m_axi">   --->   Core 119 'm_axi' <Latency = 0> <II = 1> <Delay = 1.00> <Adapter> <Opcode : 'read' 'write' 'readreq' 'writereq' 'writeresp'>

State 37 <SV = 36> <Delay = 2.92>
ST_37 : Operation 237 [36/71] (2.92ns)   --->   "%gmem_CHN_5_load_req = readreq i1 @_ssdm_op_ReadReq.m_axi.i64P1A, i64 %gmem_CHN_5_addr, i64 1" [../pageRankReduce/pageRank.cpp:197]   --->   Operation 237 'readreq' 'gmem_CHN_5_load_req' <Predicate = true> <Delay = 2.92> <CoreInst = "m_axi">   --->   Core 119 'm_axi' <Latency = 0> <II = 1> <Delay = 1.00> <Adapter> <Opcode : 'read' 'write' 'readreq' 'writereq' 'writeresp'>

State 38 <SV = 37> <Delay = 2.92>
ST_38 : Operation 238 [35/71] (2.92ns)   --->   "%gmem_CHN_5_load_req = readreq i1 @_ssdm_op_ReadReq.m_axi.i64P1A, i64 %gmem_CHN_5_addr, i64 1" [../pageRankReduce/pageRank.cpp:197]   --->   Operation 238 'readreq' 'gmem_CHN_5_load_req' <Predicate = true> <Delay = 2.92> <CoreInst = "m_axi">   --->   Core 119 'm_axi' <Latency = 0> <II = 1> <Delay = 1.00> <Adapter> <Opcode : 'read' 'write' 'readreq' 'writereq' 'writeresp'>

State 39 <SV = 38> <Delay = 2.92>
ST_39 : Operation 239 [34/71] (2.92ns)   --->   "%gmem_CHN_5_load_req = readreq i1 @_ssdm_op_ReadReq.m_axi.i64P1A, i64 %gmem_CHN_5_addr, i64 1" [../pageRankReduce/pageRank.cpp:197]   --->   Operation 239 'readreq' 'gmem_CHN_5_load_req' <Predicate = true> <Delay = 2.92> <CoreInst = "m_axi">   --->   Core 119 'm_axi' <Latency = 0> <II = 1> <Delay = 1.00> <Adapter> <Opcode : 'read' 'write' 'readreq' 'writereq' 'writeresp'>

State 40 <SV = 39> <Delay = 2.92>
ST_40 : Operation 240 [33/71] (2.92ns)   --->   "%gmem_CHN_5_load_req = readreq i1 @_ssdm_op_ReadReq.m_axi.i64P1A, i64 %gmem_CHN_5_addr, i64 1" [../pageRankReduce/pageRank.cpp:197]   --->   Operation 240 'readreq' 'gmem_CHN_5_load_req' <Predicate = true> <Delay = 2.92> <CoreInst = "m_axi">   --->   Core 119 'm_axi' <Latency = 0> <II = 1> <Delay = 1.00> <Adapter> <Opcode : 'read' 'write' 'readreq' 'writereq' 'writeresp'>

State 41 <SV = 40> <Delay = 2.92>
ST_41 : Operation 241 [32/71] (2.92ns)   --->   "%gmem_CHN_5_load_req = readreq i1 @_ssdm_op_ReadReq.m_axi.i64P1A, i64 %gmem_CHN_5_addr, i64 1" [../pageRankReduce/pageRank.cpp:197]   --->   Operation 241 'readreq' 'gmem_CHN_5_load_req' <Predicate = true> <Delay = 2.92> <CoreInst = "m_axi">   --->   Core 119 'm_axi' <Latency = 0> <II = 1> <Delay = 1.00> <Adapter> <Opcode : 'read' 'write' 'readreq' 'writereq' 'writeresp'>

State 42 <SV = 41> <Delay = 2.92>
ST_42 : Operation 242 [31/71] (2.92ns)   --->   "%gmem_CHN_5_load_req = readreq i1 @_ssdm_op_ReadReq.m_axi.i64P1A, i64 %gmem_CHN_5_addr, i64 1" [../pageRankReduce/pageRank.cpp:197]   --->   Operation 242 'readreq' 'gmem_CHN_5_load_req' <Predicate = true> <Delay = 2.92> <CoreInst = "m_axi">   --->   Core 119 'm_axi' <Latency = 0> <II = 1> <Delay = 1.00> <Adapter> <Opcode : 'read' 'write' 'readreq' 'writereq' 'writeresp'>

State 43 <SV = 42> <Delay = 2.92>
ST_43 : Operation 243 [30/71] (2.92ns)   --->   "%gmem_CHN_5_load_req = readreq i1 @_ssdm_op_ReadReq.m_axi.i64P1A, i64 %gmem_CHN_5_addr, i64 1" [../pageRankReduce/pageRank.cpp:197]   --->   Operation 243 'readreq' 'gmem_CHN_5_load_req' <Predicate = true> <Delay = 2.92> <CoreInst = "m_axi">   --->   Core 119 'm_axi' <Latency = 0> <II = 1> <Delay = 1.00> <Adapter> <Opcode : 'read' 'write' 'readreq' 'writereq' 'writeresp'>

State 44 <SV = 43> <Delay = 2.92>
ST_44 : Operation 244 [29/71] (2.92ns)   --->   "%gmem_CHN_5_load_req = readreq i1 @_ssdm_op_ReadReq.m_axi.i64P1A, i64 %gmem_CHN_5_addr, i64 1" [../pageRankReduce/pageRank.cpp:197]   --->   Operation 244 'readreq' 'gmem_CHN_5_load_req' <Predicate = true> <Delay = 2.92> <CoreInst = "m_axi">   --->   Core 119 'm_axi' <Latency = 0> <II = 1> <Delay = 1.00> <Adapter> <Opcode : 'read' 'write' 'readreq' 'writereq' 'writeresp'>

State 45 <SV = 44> <Delay = 2.92>
ST_45 : Operation 245 [28/71] (2.92ns)   --->   "%gmem_CHN_5_load_req = readreq i1 @_ssdm_op_ReadReq.m_axi.i64P1A, i64 %gmem_CHN_5_addr, i64 1" [../pageRankReduce/pageRank.cpp:197]   --->   Operation 245 'readreq' 'gmem_CHN_5_load_req' <Predicate = true> <Delay = 2.92> <CoreInst = "m_axi">   --->   Core 119 'm_axi' <Latency = 0> <II = 1> <Delay = 1.00> <Adapter> <Opcode : 'read' 'write' 'readreq' 'writereq' 'writeresp'>

State 46 <SV = 45> <Delay = 2.92>
ST_46 : Operation 246 [27/71] (2.92ns)   --->   "%gmem_CHN_5_load_req = readreq i1 @_ssdm_op_ReadReq.m_axi.i64P1A, i64 %gmem_CHN_5_addr, i64 1" [../pageRankReduce/pageRank.cpp:197]   --->   Operation 246 'readreq' 'gmem_CHN_5_load_req' <Predicate = true> <Delay = 2.92> <CoreInst = "m_axi">   --->   Core 119 'm_axi' <Latency = 0> <II = 1> <Delay = 1.00> <Adapter> <Opcode : 'read' 'write' 'readreq' 'writereq' 'writeresp'>

State 47 <SV = 46> <Delay = 2.92>
ST_47 : Operation 247 [26/71] (2.92ns)   --->   "%gmem_CHN_5_load_req = readreq i1 @_ssdm_op_ReadReq.m_axi.i64P1A, i64 %gmem_CHN_5_addr, i64 1" [../pageRankReduce/pageRank.cpp:197]   --->   Operation 247 'readreq' 'gmem_CHN_5_load_req' <Predicate = true> <Delay = 2.92> <CoreInst = "m_axi">   --->   Core 119 'm_axi' <Latency = 0> <II = 1> <Delay = 1.00> <Adapter> <Opcode : 'read' 'write' 'readreq' 'writereq' 'writeresp'>

State 48 <SV = 47> <Delay = 2.92>
ST_48 : Operation 248 [25/71] (2.92ns)   --->   "%gmem_CHN_5_load_req = readreq i1 @_ssdm_op_ReadReq.m_axi.i64P1A, i64 %gmem_CHN_5_addr, i64 1" [../pageRankReduce/pageRank.cpp:197]   --->   Operation 248 'readreq' 'gmem_CHN_5_load_req' <Predicate = true> <Delay = 2.92> <CoreInst = "m_axi">   --->   Core 119 'm_axi' <Latency = 0> <II = 1> <Delay = 1.00> <Adapter> <Opcode : 'read' 'write' 'readreq' 'writereq' 'writeresp'>

State 49 <SV = 48> <Delay = 2.92>
ST_49 : Operation 249 [24/71] (2.92ns)   --->   "%gmem_CHN_5_load_req = readreq i1 @_ssdm_op_ReadReq.m_axi.i64P1A, i64 %gmem_CHN_5_addr, i64 1" [../pageRankReduce/pageRank.cpp:197]   --->   Operation 249 'readreq' 'gmem_CHN_5_load_req' <Predicate = true> <Delay = 2.92> <CoreInst = "m_axi">   --->   Core 119 'm_axi' <Latency = 0> <II = 1> <Delay = 1.00> <Adapter> <Opcode : 'read' 'write' 'readreq' 'writereq' 'writeresp'>

State 50 <SV = 49> <Delay = 2.92>
ST_50 : Operation 250 [23/71] (2.92ns)   --->   "%gmem_CHN_5_load_req = readreq i1 @_ssdm_op_ReadReq.m_axi.i64P1A, i64 %gmem_CHN_5_addr, i64 1" [../pageRankReduce/pageRank.cpp:197]   --->   Operation 250 'readreq' 'gmem_CHN_5_load_req' <Predicate = true> <Delay = 2.92> <CoreInst = "m_axi">   --->   Core 119 'm_axi' <Latency = 0> <II = 1> <Delay = 1.00> <Adapter> <Opcode : 'read' 'write' 'readreq' 'writereq' 'writeresp'>

State 51 <SV = 50> <Delay = 2.92>
ST_51 : Operation 251 [22/71] (2.92ns)   --->   "%gmem_CHN_5_load_req = readreq i1 @_ssdm_op_ReadReq.m_axi.i64P1A, i64 %gmem_CHN_5_addr, i64 1" [../pageRankReduce/pageRank.cpp:197]   --->   Operation 251 'readreq' 'gmem_CHN_5_load_req' <Predicate = true> <Delay = 2.92> <CoreInst = "m_axi">   --->   Core 119 'm_axi' <Latency = 0> <II = 1> <Delay = 1.00> <Adapter> <Opcode : 'read' 'write' 'readreq' 'writereq' 'writeresp'>

State 52 <SV = 51> <Delay = 2.92>
ST_52 : Operation 252 [21/71] (2.92ns)   --->   "%gmem_CHN_5_load_req = readreq i1 @_ssdm_op_ReadReq.m_axi.i64P1A, i64 %gmem_CHN_5_addr, i64 1" [../pageRankReduce/pageRank.cpp:197]   --->   Operation 252 'readreq' 'gmem_CHN_5_load_req' <Predicate = true> <Delay = 2.92> <CoreInst = "m_axi">   --->   Core 119 'm_axi' <Latency = 0> <II = 1> <Delay = 1.00> <Adapter> <Opcode : 'read' 'write' 'readreq' 'writereq' 'writeresp'>

State 53 <SV = 52> <Delay = 2.92>
ST_53 : Operation 253 [20/71] (2.92ns)   --->   "%gmem_CHN_5_load_req = readreq i1 @_ssdm_op_ReadReq.m_axi.i64P1A, i64 %gmem_CHN_5_addr, i64 1" [../pageRankReduce/pageRank.cpp:197]   --->   Operation 253 'readreq' 'gmem_CHN_5_load_req' <Predicate = true> <Delay = 2.92> <CoreInst = "m_axi">   --->   Core 119 'm_axi' <Latency = 0> <II = 1> <Delay = 1.00> <Adapter> <Opcode : 'read' 'write' 'readreq' 'writereq' 'writeresp'>

State 54 <SV = 53> <Delay = 2.92>
ST_54 : Operation 254 [19/71] (2.92ns)   --->   "%gmem_CHN_5_load_req = readreq i1 @_ssdm_op_ReadReq.m_axi.i64P1A, i64 %gmem_CHN_5_addr, i64 1" [../pageRankReduce/pageRank.cpp:197]   --->   Operation 254 'readreq' 'gmem_CHN_5_load_req' <Predicate = true> <Delay = 2.92> <CoreInst = "m_axi">   --->   Core 119 'm_axi' <Latency = 0> <II = 1> <Delay = 1.00> <Adapter> <Opcode : 'read' 'write' 'readreq' 'writereq' 'writeresp'>

State 55 <SV = 54> <Delay = 2.92>
ST_55 : Operation 255 [18/71] (2.92ns)   --->   "%gmem_CHN_5_load_req = readreq i1 @_ssdm_op_ReadReq.m_axi.i64P1A, i64 %gmem_CHN_5_addr, i64 1" [../pageRankReduce/pageRank.cpp:197]   --->   Operation 255 'readreq' 'gmem_CHN_5_load_req' <Predicate = true> <Delay = 2.92> <CoreInst = "m_axi">   --->   Core 119 'm_axi' <Latency = 0> <II = 1> <Delay = 1.00> <Adapter> <Opcode : 'read' 'write' 'readreq' 'writereq' 'writeresp'>

State 56 <SV = 55> <Delay = 2.92>
ST_56 : Operation 256 [17/71] (2.92ns)   --->   "%gmem_CHN_5_load_req = readreq i1 @_ssdm_op_ReadReq.m_axi.i64P1A, i64 %gmem_CHN_5_addr, i64 1" [../pageRankReduce/pageRank.cpp:197]   --->   Operation 256 'readreq' 'gmem_CHN_5_load_req' <Predicate = true> <Delay = 2.92> <CoreInst = "m_axi">   --->   Core 119 'm_axi' <Latency = 0> <II = 1> <Delay = 1.00> <Adapter> <Opcode : 'read' 'write' 'readreq' 'writereq' 'writeresp'>

State 57 <SV = 56> <Delay = 2.92>
ST_57 : Operation 257 [16/71] (2.92ns)   --->   "%gmem_CHN_5_load_req = readreq i1 @_ssdm_op_ReadReq.m_axi.i64P1A, i64 %gmem_CHN_5_addr, i64 1" [../pageRankReduce/pageRank.cpp:197]   --->   Operation 257 'readreq' 'gmem_CHN_5_load_req' <Predicate = true> <Delay = 2.92> <CoreInst = "m_axi">   --->   Core 119 'm_axi' <Latency = 0> <II = 1> <Delay = 1.00> <Adapter> <Opcode : 'read' 'write' 'readreq' 'writereq' 'writeresp'>

State 58 <SV = 57> <Delay = 2.92>
ST_58 : Operation 258 [15/71] (2.92ns)   --->   "%gmem_CHN_5_load_req = readreq i1 @_ssdm_op_ReadReq.m_axi.i64P1A, i64 %gmem_CHN_5_addr, i64 1" [../pageRankReduce/pageRank.cpp:197]   --->   Operation 258 'readreq' 'gmem_CHN_5_load_req' <Predicate = true> <Delay = 2.92> <CoreInst = "m_axi">   --->   Core 119 'm_axi' <Latency = 0> <II = 1> <Delay = 1.00> <Adapter> <Opcode : 'read' 'write' 'readreq' 'writereq' 'writeresp'>

State 59 <SV = 58> <Delay = 2.92>
ST_59 : Operation 259 [14/71] (2.92ns)   --->   "%gmem_CHN_5_load_req = readreq i1 @_ssdm_op_ReadReq.m_axi.i64P1A, i64 %gmem_CHN_5_addr, i64 1" [../pageRankReduce/pageRank.cpp:197]   --->   Operation 259 'readreq' 'gmem_CHN_5_load_req' <Predicate = true> <Delay = 2.92> <CoreInst = "m_axi">   --->   Core 119 'm_axi' <Latency = 0> <II = 1> <Delay = 1.00> <Adapter> <Opcode : 'read' 'write' 'readreq' 'writereq' 'writeresp'>

State 60 <SV = 59> <Delay = 2.92>
ST_60 : Operation 260 [13/71] (2.92ns)   --->   "%gmem_CHN_5_load_req = readreq i1 @_ssdm_op_ReadReq.m_axi.i64P1A, i64 %gmem_CHN_5_addr, i64 1" [../pageRankReduce/pageRank.cpp:197]   --->   Operation 260 'readreq' 'gmem_CHN_5_load_req' <Predicate = true> <Delay = 2.92> <CoreInst = "m_axi">   --->   Core 119 'm_axi' <Latency = 0> <II = 1> <Delay = 1.00> <Adapter> <Opcode : 'read' 'write' 'readreq' 'writereq' 'writeresp'>

State 61 <SV = 60> <Delay = 2.92>
ST_61 : Operation 261 [12/71] (2.92ns)   --->   "%gmem_CHN_5_load_req = readreq i1 @_ssdm_op_ReadReq.m_axi.i64P1A, i64 %gmem_CHN_5_addr, i64 1" [../pageRankReduce/pageRank.cpp:197]   --->   Operation 261 'readreq' 'gmem_CHN_5_load_req' <Predicate = true> <Delay = 2.92> <CoreInst = "m_axi">   --->   Core 119 'm_axi' <Latency = 0> <II = 1> <Delay = 1.00> <Adapter> <Opcode : 'read' 'write' 'readreq' 'writereq' 'writeresp'>

State 62 <SV = 61> <Delay = 2.92>
ST_62 : Operation 262 [11/71] (2.92ns)   --->   "%gmem_CHN_5_load_req = readreq i1 @_ssdm_op_ReadReq.m_axi.i64P1A, i64 %gmem_CHN_5_addr, i64 1" [../pageRankReduce/pageRank.cpp:197]   --->   Operation 262 'readreq' 'gmem_CHN_5_load_req' <Predicate = true> <Delay = 2.92> <CoreInst = "m_axi">   --->   Core 119 'm_axi' <Latency = 0> <II = 1> <Delay = 1.00> <Adapter> <Opcode : 'read' 'write' 'readreq' 'writereq' 'writeresp'>

State 63 <SV = 62> <Delay = 2.92>
ST_63 : Operation 263 [10/71] (2.92ns)   --->   "%gmem_CHN_5_load_req = readreq i1 @_ssdm_op_ReadReq.m_axi.i64P1A, i64 %gmem_CHN_5_addr, i64 1" [../pageRankReduce/pageRank.cpp:197]   --->   Operation 263 'readreq' 'gmem_CHN_5_load_req' <Predicate = true> <Delay = 2.92> <CoreInst = "m_axi">   --->   Core 119 'm_axi' <Latency = 0> <II = 1> <Delay = 1.00> <Adapter> <Opcode : 'read' 'write' 'readreq' 'writereq' 'writeresp'>

State 64 <SV = 63> <Delay = 2.92>
ST_64 : Operation 264 [9/71] (2.92ns)   --->   "%gmem_CHN_5_load_req = readreq i1 @_ssdm_op_ReadReq.m_axi.i64P1A, i64 %gmem_CHN_5_addr, i64 1" [../pageRankReduce/pageRank.cpp:197]   --->   Operation 264 'readreq' 'gmem_CHN_5_load_req' <Predicate = true> <Delay = 2.92> <CoreInst = "m_axi">   --->   Core 119 'm_axi' <Latency = 0> <II = 1> <Delay = 1.00> <Adapter> <Opcode : 'read' 'write' 'readreq' 'writereq' 'writeresp'>

State 65 <SV = 64> <Delay = 2.92>
ST_65 : Operation 265 [8/71] (2.92ns)   --->   "%gmem_CHN_5_load_req = readreq i1 @_ssdm_op_ReadReq.m_axi.i64P1A, i64 %gmem_CHN_5_addr, i64 1" [../pageRankReduce/pageRank.cpp:197]   --->   Operation 265 'readreq' 'gmem_CHN_5_load_req' <Predicate = true> <Delay = 2.92> <CoreInst = "m_axi">   --->   Core 119 'm_axi' <Latency = 0> <II = 1> <Delay = 1.00> <Adapter> <Opcode : 'read' 'write' 'readreq' 'writereq' 'writeresp'>

State 66 <SV = 65> <Delay = 2.92>
ST_66 : Operation 266 [7/71] (2.92ns)   --->   "%gmem_CHN_5_load_req = readreq i1 @_ssdm_op_ReadReq.m_axi.i64P1A, i64 %gmem_CHN_5_addr, i64 1" [../pageRankReduce/pageRank.cpp:197]   --->   Operation 266 'readreq' 'gmem_CHN_5_load_req' <Predicate = true> <Delay = 2.92> <CoreInst = "m_axi">   --->   Core 119 'm_axi' <Latency = 0> <II = 1> <Delay = 1.00> <Adapter> <Opcode : 'read' 'write' 'readreq' 'writereq' 'writeresp'>

State 67 <SV = 66> <Delay = 2.92>
ST_67 : Operation 267 [6/71] (2.92ns)   --->   "%gmem_CHN_5_load_req = readreq i1 @_ssdm_op_ReadReq.m_axi.i64P1A, i64 %gmem_CHN_5_addr, i64 1" [../pageRankReduce/pageRank.cpp:197]   --->   Operation 267 'readreq' 'gmem_CHN_5_load_req' <Predicate = true> <Delay = 2.92> <CoreInst = "m_axi">   --->   Core 119 'm_axi' <Latency = 0> <II = 1> <Delay = 1.00> <Adapter> <Opcode : 'read' 'write' 'readreq' 'writereq' 'writeresp'>

State 68 <SV = 67> <Delay = 2.92>
ST_68 : Operation 268 [5/71] (2.92ns)   --->   "%gmem_CHN_5_load_req = readreq i1 @_ssdm_op_ReadReq.m_axi.i64P1A, i64 %gmem_CHN_5_addr, i64 1" [../pageRankReduce/pageRank.cpp:197]   --->   Operation 268 'readreq' 'gmem_CHN_5_load_req' <Predicate = true> <Delay = 2.92> <CoreInst = "m_axi">   --->   Core 119 'm_axi' <Latency = 0> <II = 1> <Delay = 1.00> <Adapter> <Opcode : 'read' 'write' 'readreq' 'writereq' 'writeresp'>

State 69 <SV = 68> <Delay = 2.92>
ST_69 : Operation 269 [4/71] (2.92ns)   --->   "%gmem_CHN_5_load_req = readreq i1 @_ssdm_op_ReadReq.m_axi.i64P1A, i64 %gmem_CHN_5_addr, i64 1" [../pageRankReduce/pageRank.cpp:197]   --->   Operation 269 'readreq' 'gmem_CHN_5_load_req' <Predicate = true> <Delay = 2.92> <CoreInst = "m_axi">   --->   Core 119 'm_axi' <Latency = 0> <II = 1> <Delay = 1.00> <Adapter> <Opcode : 'read' 'write' 'readreq' 'writereq' 'writeresp'>

State 70 <SV = 69> <Delay = 2.92>
ST_70 : Operation 270 [3/71] (2.92ns)   --->   "%gmem_CHN_5_load_req = readreq i1 @_ssdm_op_ReadReq.m_axi.i64P1A, i64 %gmem_CHN_5_addr, i64 1" [../pageRankReduce/pageRank.cpp:197]   --->   Operation 270 'readreq' 'gmem_CHN_5_load_req' <Predicate = true> <Delay = 2.92> <CoreInst = "m_axi">   --->   Core 119 'm_axi' <Latency = 0> <II = 1> <Delay = 1.00> <Adapter> <Opcode : 'read' 'write' 'readreq' 'writereq' 'writeresp'>

State 71 <SV = 70> <Delay = 2.92>
ST_71 : Operation 271 [2/71] (2.92ns)   --->   "%gmem_CHN_5_load_req = readreq i1 @_ssdm_op_ReadReq.m_axi.i64P1A, i64 %gmem_CHN_5_addr, i64 1" [../pageRankReduce/pageRank.cpp:197]   --->   Operation 271 'readreq' 'gmem_CHN_5_load_req' <Predicate = true> <Delay = 2.92> <CoreInst = "m_axi">   --->   Core 119 'm_axi' <Latency = 0> <II = 1> <Delay = 1.00> <Adapter> <Opcode : 'read' 'write' 'readreq' 'writereq' 'writeresp'>
ST_71 : Operation 272 [1/1] (0.00ns)   --->   "%val_load = load i32 %val" [../pageRankReduce/pageRank.cpp:204]   --->   Operation 272 'load' 'val_load' <Predicate = true> <Delay = 0.00>
ST_71 : Operation 273 [1/1] (0.00ns)   --->   "%bitcast_ln204 = bitcast i32 %val_load" [../pageRankReduce/pageRank.cpp:204]   --->   Operation 273 'bitcast' 'bitcast_ln204' <Predicate = true> <Delay = 0.00>
ST_71 : Operation 274 [1/1] (0.00ns)   --->   "%tmp_1 = partselect i8 @_ssdm_op_PartSelect.i8.i32.i32.i32, i32 %bitcast_ln204, i32 23, i32 30" [../pageRankReduce/pageRank.cpp:204]   --->   Operation 274 'partselect' 'tmp_1' <Predicate = true> <Delay = 0.00>
ST_71 : Operation 275 [1/1] (0.00ns)   --->   "%trunc_ln204 = trunc i32 %bitcast_ln204" [../pageRankReduce/pageRank.cpp:204]   --->   Operation 275 'trunc' 'trunc_ln204' <Predicate = true> <Delay = 0.00>
ST_71 : Operation 276 [1/1] (0.70ns)   --->   "%icmp_ln204 = icmp_ne  i8 %tmp_1, i8 255" [../pageRankReduce/pageRank.cpp:204]   --->   Operation 276 'icmp' 'icmp_ln204' <Predicate = true> <Delay = 0.70> <CoreInst = "Cmp">   --->   Core 9 'Cmp' <Latency = 0> <II = 1> <Delay = 0.70> <FuncUnit> <Opcode : 'seteq' 'setne' 'setle' 'setge' 'setlt' 'setgt'> <InPorts = 2> <OutPorts = 1>
ST_71 : Operation 277 [1/1] (0.82ns)   --->   "%icmp_ln204_1 = icmp_eq  i23 %trunc_ln204, i23 0" [../pageRankReduce/pageRank.cpp:204]   --->   Operation 277 'icmp' 'icmp_ln204_1' <Predicate = true> <Delay = 0.82> <CoreInst = "Cmp">   --->   Core 9 'Cmp' <Latency = 0> <II = 1> <Delay = 0.82> <FuncUnit> <Opcode : 'seteq' 'setne' 'setle' 'setge' 'setlt' 'setgt'> <InPorts = 2> <OutPorts = 1>
ST_71 : Operation 278 [2/2] (1.64ns)   --->   "%tmp_3 = fcmp_oeq  i32 %val_load, i32 %Pnext_v" [../pageRankReduce/pageRank.cpp:204]   --->   Operation 278 'fcmp' 'tmp_3' <Predicate = true> <Delay = 1.64> <CoreInst = "FCompare">   --->   Core 19 'FCompare' <Latency = 1> <II = 1> <Delay = 1.64> <FuncUnit> <Opcode : 'fcmp'> <InPorts = 2> <OutPorts = 1>

State 72 <SV = 71> <Delay = 2.92>
ST_72 : Operation 279 [1/71] (2.92ns)   --->   "%gmem_CHN_5_load_req = readreq i1 @_ssdm_op_ReadReq.m_axi.i64P1A, i64 %gmem_CHN_5_addr, i64 1" [../pageRankReduce/pageRank.cpp:197]   --->   Operation 279 'readreq' 'gmem_CHN_5_load_req' <Predicate = true> <Delay = 2.92> <CoreInst = "m_axi">   --->   Core 119 'm_axi' <Latency = 0> <II = 1> <Delay = 1.00> <Adapter> <Opcode : 'read' 'write' 'readreq' 'writereq' 'writeresp'>
ST_72 : Operation 280 [1/1] (0.00ns)   --->   "%bitcast_ln201 = bitcast i32 %Pnext_v" [../pageRankReduce/pageRank.cpp:201]   --->   Operation 280 'bitcast' 'bitcast_ln201' <Predicate = true> <Delay = 0.00>
ST_72 : Operation 281 [1/1] (0.00ns)   --->   "%zext_ln201 = zext i32 %bitcast_ln201" [../pageRankReduce/pageRank.cpp:201]   --->   Operation 281 'zext' 'zext_ln201' <Predicate = true> <Delay = 0.00>
ST_72 : Operation 282 [1/1] (0.00ns)   --->   "%zext_ln201_1 = zext i3 %trunc_ln201" [../pageRankReduce/pageRank.cpp:201]   --->   Operation 282 'zext' 'zext_ln201_1' <Predicate = true> <Delay = 0.00>
ST_72 : Operation 283 [1/1] (0.59ns)   --->   "%shl_ln201 = shl i8 15, i8 %zext_ln201_1" [../pageRankReduce/pageRank.cpp:201]   --->   Operation 283 'shl' 'shl_ln201' <Predicate = true> <Delay = 0.59> <CoreInst = "Shifter">   --->   Core 75 'Shifter' <Latency = 0> <II = 1> <Delay = 0.70> <FuncUnit> <Opcode : 'shl' 'lshr' 'ashr'> <InPorts = 2> <OutPorts = 1>
ST_72 : Operation 284 [1/1] (0.00ns)   --->   "%shl_ln201_1 = bitconcatenate i6 @_ssdm_op_BitConcatenate.i6.i3.i3, i3 %trunc_ln201, i3 0" [../pageRankReduce/pageRank.cpp:201]   --->   Operation 284 'bitconcatenate' 'shl_ln201_1' <Predicate = true> <Delay = 0.00>
ST_72 : Operation 285 [1/1] (0.00ns)   --->   "%zext_ln201_2 = zext i6 %shl_ln201_1" [../pageRankReduce/pageRank.cpp:201]   --->   Operation 285 'zext' 'zext_ln201_2' <Predicate = true> <Delay = 0.00>
ST_72 : Operation 286 [1/1] (1.05ns)   --->   "%shl_ln201_2 = shl i64 %zext_ln201, i64 %zext_ln201_2" [../pageRankReduce/pageRank.cpp:201]   --->   Operation 286 'shl' 'shl_ln201_2' <Predicate = true> <Delay = 1.05> <CoreInst = "Shifter">   --->   Core 75 'Shifter' <Latency = 0> <II = 1> <Delay = 1.09> <FuncUnit> <Opcode : 'shl' 'lshr' 'ashr'> <InPorts = 2> <OutPorts = 1>
ST_72 : Operation 287 [1/1] (0.00ns)   --->   "%sext_ln201 = sext i61 %trunc_ln201_1" [../pageRankReduce/pageRank.cpp:201]   --->   Operation 287 'sext' 'sext_ln201' <Predicate = true> <Delay = 0.00>
ST_72 : Operation 288 [1/1] (0.00ns)   --->   "%gmem_CHN_5_addr_1 = getelementptr i64 %gmem_CHN_5, i64 %sext_ln201" [../pageRankReduce/pageRank.cpp:201]   --->   Operation 288 'getelementptr' 'gmem_CHN_5_addr_1' <Predicate = true> <Delay = 0.00>
ST_72 : Operation 289 [1/1] (2.92ns)   --->   "%empty = writereq i1 @_ssdm_op_WriteReq.m_axi.p1i64, i64 %gmem_CHN_5_addr_1, i64 1" [../pageRankReduce/pageRank.cpp:201]   --->   Operation 289 'writereq' 'empty' <Predicate = true> <Delay = 2.92> <CoreInst = "m_axi">   --->   Core 119 'm_axi' <Latency = 0> <II = 1> <Delay = 1.00> <Adapter> <Opcode : 'read' 'write' 'readreq' 'writereq' 'writeresp'>
ST_72 : Operation 290 [1/1] (0.00ns)   --->   "%tmp_2 = partselect i8 @_ssdm_op_PartSelect.i8.i32.i32.i32, i32 %bitcast_ln201, i32 23, i32 30" [../pageRankReduce/pageRank.cpp:204]   --->   Operation 290 'partselect' 'tmp_2' <Predicate = true> <Delay = 0.00>
ST_72 : Operation 291 [1/1] (0.00ns)   --->   "%trunc_ln204_1 = trunc i32 %bitcast_ln201" [../pageRankReduce/pageRank.cpp:204]   --->   Operation 291 'trunc' 'trunc_ln204_1' <Predicate = true> <Delay = 0.00>
ST_72 : Operation 292 [1/1] (0.00ns) (grouped into LUT with out node and_ln204_1)   --->   "%or_ln204 = or i1 %icmp_ln204_1, i1 %icmp_ln204" [../pageRankReduce/pageRank.cpp:204]   --->   Operation 292 'or' 'or_ln204' <Predicate = true> <Delay = 0.00> <CoreInst = "LogicGate">   --->   Core 74 'LogicGate' <Latency = 0> <II = 1> <Delay = 0.12> <FuncUnit> <Opcode : 'and' 'or' 'xor'> <InPorts = 2> <OutPorts = 1>
ST_72 : Operation 293 [1/1] (0.70ns)   --->   "%icmp_ln204_2 = icmp_ne  i8 %tmp_2, i8 255" [../pageRankReduce/pageRank.cpp:204]   --->   Operation 293 'icmp' 'icmp_ln204_2' <Predicate = true> <Delay = 0.70> <CoreInst = "Cmp">   --->   Core 9 'Cmp' <Latency = 0> <II = 1> <Delay = 0.70> <FuncUnit> <Opcode : 'seteq' 'setne' 'setle' 'setge' 'setlt' 'setgt'> <InPorts = 2> <OutPorts = 1>
ST_72 : Operation 294 [1/1] (0.82ns)   --->   "%icmp_ln204_3 = icmp_eq  i23 %trunc_ln204_1, i23 0" [../pageRankReduce/pageRank.cpp:204]   --->   Operation 294 'icmp' 'icmp_ln204_3' <Predicate = true> <Delay = 0.82> <CoreInst = "Cmp">   --->   Core 9 'Cmp' <Latency = 0> <II = 1> <Delay = 0.82> <FuncUnit> <Opcode : 'seteq' 'setne' 'setle' 'setge' 'setlt' 'setgt'> <InPorts = 2> <OutPorts = 1>
ST_72 : Operation 295 [1/1] (0.00ns) (grouped into LUT with out node and_ln204_1)   --->   "%or_ln204_1 = or i1 %icmp_ln204_3, i1 %icmp_ln204_2" [../pageRankReduce/pageRank.cpp:204]   --->   Operation 295 'or' 'or_ln204_1' <Predicate = true> <Delay = 0.00> <CoreInst = "LogicGate">   --->   Core 74 'LogicGate' <Latency = 0> <II = 1> <Delay = 0.12> <FuncUnit> <Opcode : 'and' 'or' 'xor'> <InPorts = 2> <OutPorts = 1>
ST_72 : Operation 296 [1/1] (0.00ns) (grouped into LUT with out node and_ln204_1)   --->   "%and_ln204 = and i1 %or_ln204, i1 %or_ln204_1" [../pageRankReduce/pageRank.cpp:204]   --->   Operation 296 'and' 'and_ln204' <Predicate = true> <Delay = 0.00> <CoreInst = "LogicGate">   --->   Core 74 'LogicGate' <Latency = 0> <II = 1> <Delay = 0.12> <FuncUnit> <Opcode : 'and' 'or' 'xor'> <InPorts = 2> <OutPorts = 1>
ST_72 : Operation 297 [1/2] (1.64ns)   --->   "%tmp_3 = fcmp_oeq  i32 %val_load, i32 %Pnext_v" [../pageRankReduce/pageRank.cpp:204]   --->   Operation 297 'fcmp' 'tmp_3' <Predicate = true> <Delay = 1.64> <CoreInst = "FCompare">   --->   Core 19 'FCompare' <Latency = 1> <II = 1> <Delay = 1.64> <FuncUnit> <Opcode : 'fcmp'> <InPorts = 2> <OutPorts = 1>
ST_72 : Operation 298 [1/1] (0.12ns) (out node of the LUT)   --->   "%and_ln204_1 = and i1 %and_ln204, i1 %tmp_3" [../pageRankReduce/pageRank.cpp:204]   --->   Operation 298 'and' 'and_ln204_1' <Predicate = true> <Delay = 0.12> <CoreInst = "LogicGate">   --->   Core 74 'LogicGate' <Latency = 0> <II = 1> <Delay = 0.12> <FuncUnit> <Opcode : 'and' 'or' 'xor'> <InPorts = 2> <OutPorts = 1>

State 73 <SV = 72> <Delay = 2.92>
ST_73 : Operation 299 [1/1] (2.92ns)   --->   "%gmem_CHN_5_addr_read = read i64 @_ssdm_op_Read.m_axi.i64P1A, i64 %gmem_CHN_5_addr" [../pageRankReduce/pageRank.cpp:197]   --->   Operation 299 'read' 'gmem_CHN_5_addr_read' <Predicate = true> <Delay = 2.92> <CoreInst = "m_axi">   --->   Core 119 'm_axi' <Latency = 0> <II = 1> <Delay = 1.00> <Adapter> <Opcode : 'read' 'write' 'readreq' 'writereq' 'writeresp'>
ST_73 : Operation 300 [1/1] (2.92ns)   --->   "%write_ln201 = write void @_ssdm_op_Write.m_axi.p1i64, i64 %gmem_CHN_5_addr_1, i64 %shl_ln201_2, i8 %shl_ln201" [../pageRankReduce/pageRank.cpp:201]   --->   Operation 300 'write' 'write_ln201' <Predicate = true> <Delay = 2.92> <CoreInst = "m_axi">   --->   Core 119 'm_axi' <Latency = 0> <II = 1> <Delay = 1.00> <Adapter> <Opcode : 'read' 'write' 'readreq' 'writereq' 'writeresp'>

State 74 <SV = 73> <Delay = 2.92>
ST_74 : Operation 301 [1/1] (0.00ns)   --->   "%shl_ln = bitconcatenate i6 @_ssdm_op_BitConcatenate.i6.i3.i3, i3 %trunc_ln197, i3 0" [../pageRankReduce/pageRank.cpp:197]   --->   Operation 301 'bitconcatenate' 'shl_ln' <Predicate = true> <Delay = 0.00>
ST_74 : Operation 302 [1/1] (0.00ns)   --->   "%zext_ln197_1 = zext i6 %shl_ln" [../pageRankReduce/pageRank.cpp:197]   --->   Operation 302 'zext' 'zext_ln197_1' <Predicate = true> <Delay = 0.00>
ST_74 : Operation 303 [1/1] (1.09ns)   --->   "%lshr_ln197 = lshr i64 %gmem_CHN_5_addr_read, i64 %zext_ln197_1" [../pageRankReduce/pageRank.cpp:197]   --->   Operation 303 'lshr' 'lshr_ln197' <Predicate = true> <Delay = 1.09> <CoreInst = "Shifter">   --->   Core 75 'Shifter' <Latency = 0> <II = 1> <Delay = 1.09> <FuncUnit> <Opcode : 'shl' 'lshr' 'ashr'> <InPorts = 2> <OutPorts = 1>
ST_74 : Operation 304 [1/1] (0.00ns)   --->   "%trunc_ln197_1 = trunc i64 %lshr_ln197" [../pageRankReduce/pageRank.cpp:197]   --->   Operation 304 'trunc' 'trunc_ln197_1' <Predicate = true> <Delay = 0.00>
ST_74 : Operation 305 [68/68] (2.92ns)   --->   "%empty_35 = writeresp i1 @_ssdm_op_WriteResp.m_axi.p1i64, i64 %gmem_CHN_5_addr_1" [../pageRankReduce/pageRank.cpp:201]   --->   Operation 305 'writeresp' 'empty_35' <Predicate = true> <Delay = 2.92> <CoreInst = "m_axi">   --->   Core 119 'm_axi' <Latency = 0> <II = 1> <Delay = 1.00> <Adapter> <Opcode : 'read' 'write' 'readreq' 'writereq' 'writeresp'>

State 75 <SV = 74> <Delay = 2.92>
ST_75 : Operation 306 [1/1] (0.00ns)   --->   "%Pcurrent_v = bitcast i32 %trunc_ln197_1" [../pageRankReduce/pageRank.cpp:197]   --->   Operation 306 'bitcast' 'Pcurrent_v' <Predicate = true> <Delay = 0.00>
ST_75 : Operation 307 [7/7] (2.34ns)   --->   "%dc = fsub i32 %Pnext_v, i32 %Pcurrent_v" [../pageRankReduce/pageRank.cpp:198]   --->   Operation 307 'fsub' 'dc' <Predicate = true> <Delay = 2.34> <CoreInst = "FAddSub_fulldsp">   --->   Core 18 'FAddSub_fulldsp' <Latency = 6> <II = 1> <Delay = 2.34> <FuncUnit> <Opcode : 'fadd' 'fsub'> <InPorts = 2> <OutPorts = 1>
ST_75 : Operation 308 [67/68] (2.92ns)   --->   "%empty_35 = writeresp i1 @_ssdm_op_WriteResp.m_axi.p1i64, i64 %gmem_CHN_5_addr_1" [../pageRankReduce/pageRank.cpp:201]   --->   Operation 308 'writeresp' 'empty_35' <Predicate = true> <Delay = 2.92> <CoreInst = "m_axi">   --->   Core 119 'm_axi' <Latency = 0> <II = 1> <Delay = 1.00> <Adapter> <Opcode : 'read' 'write' 'readreq' 'writereq' 'writeresp'>

State 76 <SV = 75> <Delay = 2.92>
ST_76 : Operation 309 [6/7] (2.34ns)   --->   "%dc = fsub i32 %Pnext_v, i32 %Pcurrent_v" [../pageRankReduce/pageRank.cpp:198]   --->   Operation 309 'fsub' 'dc' <Predicate = true> <Delay = 2.34> <CoreInst = "FAddSub_fulldsp">   --->   Core 18 'FAddSub_fulldsp' <Latency = 6> <II = 1> <Delay = 2.34> <FuncUnit> <Opcode : 'fadd' 'fsub'> <InPorts = 2> <OutPorts = 1>
ST_76 : Operation 310 [66/68] (2.92ns)   --->   "%empty_35 = writeresp i1 @_ssdm_op_WriteResp.m_axi.p1i64, i64 %gmem_CHN_5_addr_1" [../pageRankReduce/pageRank.cpp:201]   --->   Operation 310 'writeresp' 'empty_35' <Predicate = true> <Delay = 2.92> <CoreInst = "m_axi">   --->   Core 119 'm_axi' <Latency = 0> <II = 1> <Delay = 1.00> <Adapter> <Opcode : 'read' 'write' 'readreq' 'writereq' 'writeresp'>

State 77 <SV = 76> <Delay = 2.92>
ST_77 : Operation 311 [5/7] (2.34ns)   --->   "%dc = fsub i32 %Pnext_v, i32 %Pcurrent_v" [../pageRankReduce/pageRank.cpp:198]   --->   Operation 311 'fsub' 'dc' <Predicate = true> <Delay = 2.34> <CoreInst = "FAddSub_fulldsp">   --->   Core 18 'FAddSub_fulldsp' <Latency = 6> <II = 1> <Delay = 2.34> <FuncUnit> <Opcode : 'fadd' 'fsub'> <InPorts = 2> <OutPorts = 1>
ST_77 : Operation 312 [65/68] (2.92ns)   --->   "%empty_35 = writeresp i1 @_ssdm_op_WriteResp.m_axi.p1i64, i64 %gmem_CHN_5_addr_1" [../pageRankReduce/pageRank.cpp:201]   --->   Operation 312 'writeresp' 'empty_35' <Predicate = true> <Delay = 2.92> <CoreInst = "m_axi">   --->   Core 119 'm_axi' <Latency = 0> <II = 1> <Delay = 1.00> <Adapter> <Opcode : 'read' 'write' 'readreq' 'writereq' 'writeresp'>

State 78 <SV = 77> <Delay = 2.92>
ST_78 : Operation 313 [4/7] (2.34ns)   --->   "%dc = fsub i32 %Pnext_v, i32 %Pcurrent_v" [../pageRankReduce/pageRank.cpp:198]   --->   Operation 313 'fsub' 'dc' <Predicate = true> <Delay = 2.34> <CoreInst = "FAddSub_fulldsp">   --->   Core 18 'FAddSub_fulldsp' <Latency = 6> <II = 1> <Delay = 2.34> <FuncUnit> <Opcode : 'fadd' 'fsub'> <InPorts = 2> <OutPorts = 1>
ST_78 : Operation 314 [64/68] (2.92ns)   --->   "%empty_35 = writeresp i1 @_ssdm_op_WriteResp.m_axi.p1i64, i64 %gmem_CHN_5_addr_1" [../pageRankReduce/pageRank.cpp:201]   --->   Operation 314 'writeresp' 'empty_35' <Predicate = true> <Delay = 2.92> <CoreInst = "m_axi">   --->   Core 119 'm_axi' <Latency = 0> <II = 1> <Delay = 1.00> <Adapter> <Opcode : 'read' 'write' 'readreq' 'writereq' 'writeresp'>

State 79 <SV = 78> <Delay = 2.92>
ST_79 : Operation 315 [3/7] (2.34ns)   --->   "%dc = fsub i32 %Pnext_v, i32 %Pcurrent_v" [../pageRankReduce/pageRank.cpp:198]   --->   Operation 315 'fsub' 'dc' <Predicate = true> <Delay = 2.34> <CoreInst = "FAddSub_fulldsp">   --->   Core 18 'FAddSub_fulldsp' <Latency = 6> <II = 1> <Delay = 2.34> <FuncUnit> <Opcode : 'fadd' 'fsub'> <InPorts = 2> <OutPorts = 1>
ST_79 : Operation 316 [63/68] (2.92ns)   --->   "%empty_35 = writeresp i1 @_ssdm_op_WriteResp.m_axi.p1i64, i64 %gmem_CHN_5_addr_1" [../pageRankReduce/pageRank.cpp:201]   --->   Operation 316 'writeresp' 'empty_35' <Predicate = true> <Delay = 2.92> <CoreInst = "m_axi">   --->   Core 119 'm_axi' <Latency = 0> <II = 1> <Delay = 1.00> <Adapter> <Opcode : 'read' 'write' 'readreq' 'writereq' 'writeresp'>

State 80 <SV = 79> <Delay = 2.92>
ST_80 : Operation 317 [2/7] (2.34ns)   --->   "%dc = fsub i32 %Pnext_v, i32 %Pcurrent_v" [../pageRankReduce/pageRank.cpp:198]   --->   Operation 317 'fsub' 'dc' <Predicate = true> <Delay = 2.34> <CoreInst = "FAddSub_fulldsp">   --->   Core 18 'FAddSub_fulldsp' <Latency = 6> <II = 1> <Delay = 2.34> <FuncUnit> <Opcode : 'fadd' 'fsub'> <InPorts = 2> <OutPorts = 1>
ST_80 : Operation 318 [62/68] (2.92ns)   --->   "%empty_35 = writeresp i1 @_ssdm_op_WriteResp.m_axi.p1i64, i64 %gmem_CHN_5_addr_1" [../pageRankReduce/pageRank.cpp:201]   --->   Operation 318 'writeresp' 'empty_35' <Predicate = true> <Delay = 2.92> <CoreInst = "m_axi">   --->   Core 119 'm_axi' <Latency = 0> <II = 1> <Delay = 1.00> <Adapter> <Opcode : 'read' 'write' 'readreq' 'writereq' 'writeresp'>

State 81 <SV = 80> <Delay = 2.92>
ST_81 : Operation 319 [1/7] (2.34ns)   --->   "%dc = fsub i32 %Pnext_v, i32 %Pcurrent_v" [../pageRankReduce/pageRank.cpp:198]   --->   Operation 319 'fsub' 'dc' <Predicate = true> <Delay = 2.34> <CoreInst = "FAddSub_fulldsp">   --->   Core 18 'FAddSub_fulldsp' <Latency = 6> <II = 1> <Delay = 2.34> <FuncUnit> <Opcode : 'fadd' 'fsub'> <InPorts = 2> <OutPorts = 1>
ST_81 : Operation 320 [1/1] (0.00ns)   --->   "%data = bitcast i32 %dc" [/wrk/ci/prod/2024.1/hls_product/continuous/545/2024.1/src/shared/hls/clib/src/hls/utils/x_hls_utils.h:288->/wrk/ci/prod/2024.1/hls_product/continuous/545/2024.1/src/shared/hls/clib/hlsmath/include/FloatingPoint/hls_copysign.h:12->/wrk/ci/prod/2024.1/hls_product/continuous/545/2024.1/src/shared/hls/clib/hlsmath/include/FloatingPoint/hls_fabs.h:13->/wrk/ci/prod/2024.1/hls_product/continuous/545/2024.1/src/shared/hls/clib/hlsmath/src/c/fabsfloat.cpp:8->/alpha/tools/Xilinx/Vitis_HLS/2024.1/tps/lnx64/gcc-8.3.0/lib/gcc/x86_64-pc-linux-gnu/8.3.0/../../../../include/c++/8.3.0/bits/std_abs.h:75->../pageRankReduce/pageRank.cpp:198]   --->   Operation 320 'bitcast' 'data' <Predicate = true> <Delay = 0.00>
ST_81 : Operation 321 [1/1] (0.00ns)   --->   "%trunc_ln313 = trunc i32 %data" [/wrk/ci/prod/2024.1/hls_product/continuous/545/2024.1/src/shared/hls/clib/src/hls/utils/x_hls_utils.h:313->/wrk/ci/prod/2024.1/hls_product/continuous/545/2024.1/src/shared/hls/clib/src/hls/utils/x_hls_utils.h:326->/wrk/ci/prod/2024.1/hls_product/continuous/545/2024.1/src/shared/hls/clib/src/hls/utils/x_hls_utils.h:347->/wrk/ci/prod/2024.1/hls_product/continuous/545/2024.1/src/shared/hls/clib/hlsmath/include/FloatingPoint/hls_copysign.h:14->/wrk/ci/prod/2024.1/hls_product/continuous/545/2024.1/src/shared/hls/clib/hlsmath/include/FloatingPoint/hls_fabs.h:13->/wrk/ci/prod/2024.1/hls_product/continuous/545/2024.1/src/shared/hls/clib/hlsmath/src/c/fabsfloat.cpp:8->/alpha/tools/Xilinx/Vitis_HLS/2024.1/tps/lnx64/gcc-8.3.0/lib/gcc/x86_64-pc-linux-gnu/8.3.0/../../../../include/c++/8.3.0/bits/std_abs.h:75->../pageRankReduce/pageRank.cpp:198]   --->   Operation 321 'trunc' 'trunc_ln313' <Predicate = true> <Delay = 0.00>
ST_81 : Operation 322 [61/68] (2.92ns)   --->   "%empty_35 = writeresp i1 @_ssdm_op_WriteResp.m_axi.p1i64, i64 %gmem_CHN_5_addr_1" [../pageRankReduce/pageRank.cpp:201]   --->   Operation 322 'writeresp' 'empty_35' <Predicate = true> <Delay = 2.92> <CoreInst = "m_axi">   --->   Core 119 'm_axi' <Latency = 0> <II = 1> <Delay = 1.00> <Adapter> <Opcode : 'read' 'write' 'readreq' 'writereq' 'writeresp'>

State 82 <SV = 81> <Delay = 2.92>
ST_82 : Operation 323 [60/68] (2.92ns)   --->   "%empty_35 = writeresp i1 @_ssdm_op_WriteResp.m_axi.p1i64, i64 %gmem_CHN_5_addr_1" [../pageRankReduce/pageRank.cpp:201]   --->   Operation 323 'writeresp' 'empty_35' <Predicate = true> <Delay = 2.92> <CoreInst = "m_axi">   --->   Core 119 'm_axi' <Latency = 0> <II = 1> <Delay = 1.00> <Adapter> <Opcode : 'read' 'write' 'readreq' 'writereq' 'writeresp'>

State 83 <SV = 82> <Delay = 2.92>
ST_83 : Operation 324 [59/68] (2.92ns)   --->   "%empty_35 = writeresp i1 @_ssdm_op_WriteResp.m_axi.p1i64, i64 %gmem_CHN_5_addr_1" [../pageRankReduce/pageRank.cpp:201]   --->   Operation 324 'writeresp' 'empty_35' <Predicate = true> <Delay = 2.92> <CoreInst = "m_axi">   --->   Core 119 'm_axi' <Latency = 0> <II = 1> <Delay = 1.00> <Adapter> <Opcode : 'read' 'write' 'readreq' 'writereq' 'writeresp'>

State 84 <SV = 83> <Delay = 2.92>
ST_84 : Operation 325 [58/68] (2.92ns)   --->   "%empty_35 = writeresp i1 @_ssdm_op_WriteResp.m_axi.p1i64, i64 %gmem_CHN_5_addr_1" [../pageRankReduce/pageRank.cpp:201]   --->   Operation 325 'writeresp' 'empty_35' <Predicate = true> <Delay = 2.92> <CoreInst = "m_axi">   --->   Core 119 'm_axi' <Latency = 0> <II = 1> <Delay = 1.00> <Adapter> <Opcode : 'read' 'write' 'readreq' 'writereq' 'writeresp'>

State 85 <SV = 84> <Delay = 2.92>
ST_85 : Operation 326 [57/68] (2.92ns)   --->   "%empty_35 = writeresp i1 @_ssdm_op_WriteResp.m_axi.p1i64, i64 %gmem_CHN_5_addr_1" [../pageRankReduce/pageRank.cpp:201]   --->   Operation 326 'writeresp' 'empty_35' <Predicate = true> <Delay = 2.92> <CoreInst = "m_axi">   --->   Core 119 'm_axi' <Latency = 0> <II = 1> <Delay = 1.00> <Adapter> <Opcode : 'read' 'write' 'readreq' 'writereq' 'writeresp'>

State 86 <SV = 85> <Delay = 2.92>
ST_86 : Operation 327 [56/68] (2.92ns)   --->   "%empty_35 = writeresp i1 @_ssdm_op_WriteResp.m_axi.p1i64, i64 %gmem_CHN_5_addr_1" [../pageRankReduce/pageRank.cpp:201]   --->   Operation 327 'writeresp' 'empty_35' <Predicate = true> <Delay = 2.92> <CoreInst = "m_axi">   --->   Core 119 'm_axi' <Latency = 0> <II = 1> <Delay = 1.00> <Adapter> <Opcode : 'read' 'write' 'readreq' 'writereq' 'writeresp'>

State 87 <SV = 86> <Delay = 2.92>
ST_87 : Operation 328 [55/68] (2.92ns)   --->   "%empty_35 = writeresp i1 @_ssdm_op_WriteResp.m_axi.p1i64, i64 %gmem_CHN_5_addr_1" [../pageRankReduce/pageRank.cpp:201]   --->   Operation 328 'writeresp' 'empty_35' <Predicate = true> <Delay = 2.92> <CoreInst = "m_axi">   --->   Core 119 'm_axi' <Latency = 0> <II = 1> <Delay = 1.00> <Adapter> <Opcode : 'read' 'write' 'readreq' 'writereq' 'writeresp'>

State 88 <SV = 87> <Delay = 2.92>
ST_88 : Operation 329 [54/68] (2.92ns)   --->   "%empty_35 = writeresp i1 @_ssdm_op_WriteResp.m_axi.p1i64, i64 %gmem_CHN_5_addr_1" [../pageRankReduce/pageRank.cpp:201]   --->   Operation 329 'writeresp' 'empty_35' <Predicate = true> <Delay = 2.92> <CoreInst = "m_axi">   --->   Core 119 'm_axi' <Latency = 0> <II = 1> <Delay = 1.00> <Adapter> <Opcode : 'read' 'write' 'readreq' 'writereq' 'writeresp'>

State 89 <SV = 88> <Delay = 2.92>
ST_89 : Operation 330 [53/68] (2.92ns)   --->   "%empty_35 = writeresp i1 @_ssdm_op_WriteResp.m_axi.p1i64, i64 %gmem_CHN_5_addr_1" [../pageRankReduce/pageRank.cpp:201]   --->   Operation 330 'writeresp' 'empty_35' <Predicate = true> <Delay = 2.92> <CoreInst = "m_axi">   --->   Core 119 'm_axi' <Latency = 0> <II = 1> <Delay = 1.00> <Adapter> <Opcode : 'read' 'write' 'readreq' 'writereq' 'writeresp'>

State 90 <SV = 89> <Delay = 2.92>
ST_90 : Operation 331 [52/68] (2.92ns)   --->   "%empty_35 = writeresp i1 @_ssdm_op_WriteResp.m_axi.p1i64, i64 %gmem_CHN_5_addr_1" [../pageRankReduce/pageRank.cpp:201]   --->   Operation 331 'writeresp' 'empty_35' <Predicate = true> <Delay = 2.92> <CoreInst = "m_axi">   --->   Core 119 'm_axi' <Latency = 0> <II = 1> <Delay = 1.00> <Adapter> <Opcode : 'read' 'write' 'readreq' 'writereq' 'writeresp'>

State 91 <SV = 90> <Delay = 2.92>
ST_91 : Operation 332 [51/68] (2.92ns)   --->   "%empty_35 = writeresp i1 @_ssdm_op_WriteResp.m_axi.p1i64, i64 %gmem_CHN_5_addr_1" [../pageRankReduce/pageRank.cpp:201]   --->   Operation 332 'writeresp' 'empty_35' <Predicate = true> <Delay = 2.92> <CoreInst = "m_axi">   --->   Core 119 'm_axi' <Latency = 0> <II = 1> <Delay = 1.00> <Adapter> <Opcode : 'read' 'write' 'readreq' 'writereq' 'writeresp'>

State 92 <SV = 91> <Delay = 2.92>
ST_92 : Operation 333 [50/68] (2.92ns)   --->   "%empty_35 = writeresp i1 @_ssdm_op_WriteResp.m_axi.p1i64, i64 %gmem_CHN_5_addr_1" [../pageRankReduce/pageRank.cpp:201]   --->   Operation 333 'writeresp' 'empty_35' <Predicate = true> <Delay = 2.92> <CoreInst = "m_axi">   --->   Core 119 'm_axi' <Latency = 0> <II = 1> <Delay = 1.00> <Adapter> <Opcode : 'read' 'write' 'readreq' 'writereq' 'writeresp'>

State 93 <SV = 92> <Delay = 2.92>
ST_93 : Operation 334 [49/68] (2.92ns)   --->   "%empty_35 = writeresp i1 @_ssdm_op_WriteResp.m_axi.p1i64, i64 %gmem_CHN_5_addr_1" [../pageRankReduce/pageRank.cpp:201]   --->   Operation 334 'writeresp' 'empty_35' <Predicate = true> <Delay = 2.92> <CoreInst = "m_axi">   --->   Core 119 'm_axi' <Latency = 0> <II = 1> <Delay = 1.00> <Adapter> <Opcode : 'read' 'write' 'readreq' 'writereq' 'writeresp'>

State 94 <SV = 93> <Delay = 2.92>
ST_94 : Operation 335 [48/68] (2.92ns)   --->   "%empty_35 = writeresp i1 @_ssdm_op_WriteResp.m_axi.p1i64, i64 %gmem_CHN_5_addr_1" [../pageRankReduce/pageRank.cpp:201]   --->   Operation 335 'writeresp' 'empty_35' <Predicate = true> <Delay = 2.92> <CoreInst = "m_axi">   --->   Core 119 'm_axi' <Latency = 0> <II = 1> <Delay = 1.00> <Adapter> <Opcode : 'read' 'write' 'readreq' 'writereq' 'writeresp'>

State 95 <SV = 94> <Delay = 2.92>
ST_95 : Operation 336 [47/68] (2.92ns)   --->   "%empty_35 = writeresp i1 @_ssdm_op_WriteResp.m_axi.p1i64, i64 %gmem_CHN_5_addr_1" [../pageRankReduce/pageRank.cpp:201]   --->   Operation 336 'writeresp' 'empty_35' <Predicate = true> <Delay = 2.92> <CoreInst = "m_axi">   --->   Core 119 'm_axi' <Latency = 0> <II = 1> <Delay = 1.00> <Adapter> <Opcode : 'read' 'write' 'readreq' 'writereq' 'writeresp'>

State 96 <SV = 95> <Delay = 2.92>
ST_96 : Operation 337 [46/68] (2.92ns)   --->   "%empty_35 = writeresp i1 @_ssdm_op_WriteResp.m_axi.p1i64, i64 %gmem_CHN_5_addr_1" [../pageRankReduce/pageRank.cpp:201]   --->   Operation 337 'writeresp' 'empty_35' <Predicate = true> <Delay = 2.92> <CoreInst = "m_axi">   --->   Core 119 'm_axi' <Latency = 0> <II = 1> <Delay = 1.00> <Adapter> <Opcode : 'read' 'write' 'readreq' 'writereq' 'writeresp'>

State 97 <SV = 96> <Delay = 2.92>
ST_97 : Operation 338 [45/68] (2.92ns)   --->   "%empty_35 = writeresp i1 @_ssdm_op_WriteResp.m_axi.p1i64, i64 %gmem_CHN_5_addr_1" [../pageRankReduce/pageRank.cpp:201]   --->   Operation 338 'writeresp' 'empty_35' <Predicate = true> <Delay = 2.92> <CoreInst = "m_axi">   --->   Core 119 'm_axi' <Latency = 0> <II = 1> <Delay = 1.00> <Adapter> <Opcode : 'read' 'write' 'readreq' 'writereq' 'writeresp'>

State 98 <SV = 97> <Delay = 2.92>
ST_98 : Operation 339 [44/68] (2.92ns)   --->   "%empty_35 = writeresp i1 @_ssdm_op_WriteResp.m_axi.p1i64, i64 %gmem_CHN_5_addr_1" [../pageRankReduce/pageRank.cpp:201]   --->   Operation 339 'writeresp' 'empty_35' <Predicate = true> <Delay = 2.92> <CoreInst = "m_axi">   --->   Core 119 'm_axi' <Latency = 0> <II = 1> <Delay = 1.00> <Adapter> <Opcode : 'read' 'write' 'readreq' 'writereq' 'writeresp'>

State 99 <SV = 98> <Delay = 2.92>
ST_99 : Operation 340 [43/68] (2.92ns)   --->   "%empty_35 = writeresp i1 @_ssdm_op_WriteResp.m_axi.p1i64, i64 %gmem_CHN_5_addr_1" [../pageRankReduce/pageRank.cpp:201]   --->   Operation 340 'writeresp' 'empty_35' <Predicate = true> <Delay = 2.92> <CoreInst = "m_axi">   --->   Core 119 'm_axi' <Latency = 0> <II = 1> <Delay = 1.00> <Adapter> <Opcode : 'read' 'write' 'readreq' 'writereq' 'writeresp'>

State 100 <SV = 99> <Delay = 2.92>
ST_100 : Operation 341 [42/68] (2.92ns)   --->   "%empty_35 = writeresp i1 @_ssdm_op_WriteResp.m_axi.p1i64, i64 %gmem_CHN_5_addr_1" [../pageRankReduce/pageRank.cpp:201]   --->   Operation 341 'writeresp' 'empty_35' <Predicate = true> <Delay = 2.92> <CoreInst = "m_axi">   --->   Core 119 'm_axi' <Latency = 0> <II = 1> <Delay = 1.00> <Adapter> <Opcode : 'read' 'write' 'readreq' 'writereq' 'writeresp'>

State 101 <SV = 100> <Delay = 2.92>
ST_101 : Operation 342 [41/68] (2.92ns)   --->   "%empty_35 = writeresp i1 @_ssdm_op_WriteResp.m_axi.p1i64, i64 %gmem_CHN_5_addr_1" [../pageRankReduce/pageRank.cpp:201]   --->   Operation 342 'writeresp' 'empty_35' <Predicate = true> <Delay = 2.92> <CoreInst = "m_axi">   --->   Core 119 'm_axi' <Latency = 0> <II = 1> <Delay = 1.00> <Adapter> <Opcode : 'read' 'write' 'readreq' 'writereq' 'writeresp'>

State 102 <SV = 101> <Delay = 2.92>
ST_102 : Operation 343 [40/68] (2.92ns)   --->   "%empty_35 = writeresp i1 @_ssdm_op_WriteResp.m_axi.p1i64, i64 %gmem_CHN_5_addr_1" [../pageRankReduce/pageRank.cpp:201]   --->   Operation 343 'writeresp' 'empty_35' <Predicate = true> <Delay = 2.92> <CoreInst = "m_axi">   --->   Core 119 'm_axi' <Latency = 0> <II = 1> <Delay = 1.00> <Adapter> <Opcode : 'read' 'write' 'readreq' 'writereq' 'writeresp'>

State 103 <SV = 102> <Delay = 2.92>
ST_103 : Operation 344 [39/68] (2.92ns)   --->   "%empty_35 = writeresp i1 @_ssdm_op_WriteResp.m_axi.p1i64, i64 %gmem_CHN_5_addr_1" [../pageRankReduce/pageRank.cpp:201]   --->   Operation 344 'writeresp' 'empty_35' <Predicate = true> <Delay = 2.92> <CoreInst = "m_axi">   --->   Core 119 'm_axi' <Latency = 0> <II = 1> <Delay = 1.00> <Adapter> <Opcode : 'read' 'write' 'readreq' 'writereq' 'writeresp'>

State 104 <SV = 103> <Delay = 2.92>
ST_104 : Operation 345 [38/68] (2.92ns)   --->   "%empty_35 = writeresp i1 @_ssdm_op_WriteResp.m_axi.p1i64, i64 %gmem_CHN_5_addr_1" [../pageRankReduce/pageRank.cpp:201]   --->   Operation 345 'writeresp' 'empty_35' <Predicate = true> <Delay = 2.92> <CoreInst = "m_axi">   --->   Core 119 'm_axi' <Latency = 0> <II = 1> <Delay = 1.00> <Adapter> <Opcode : 'read' 'write' 'readreq' 'writereq' 'writeresp'>

State 105 <SV = 104> <Delay = 2.92>
ST_105 : Operation 346 [37/68] (2.92ns)   --->   "%empty_35 = writeresp i1 @_ssdm_op_WriteResp.m_axi.p1i64, i64 %gmem_CHN_5_addr_1" [../pageRankReduce/pageRank.cpp:201]   --->   Operation 346 'writeresp' 'empty_35' <Predicate = true> <Delay = 2.92> <CoreInst = "m_axi">   --->   Core 119 'm_axi' <Latency = 0> <II = 1> <Delay = 1.00> <Adapter> <Opcode : 'read' 'write' 'readreq' 'writereq' 'writeresp'>

State 106 <SV = 105> <Delay = 2.92>
ST_106 : Operation 347 [36/68] (2.92ns)   --->   "%empty_35 = writeresp i1 @_ssdm_op_WriteResp.m_axi.p1i64, i64 %gmem_CHN_5_addr_1" [../pageRankReduce/pageRank.cpp:201]   --->   Operation 347 'writeresp' 'empty_35' <Predicate = true> <Delay = 2.92> <CoreInst = "m_axi">   --->   Core 119 'm_axi' <Latency = 0> <II = 1> <Delay = 1.00> <Adapter> <Opcode : 'read' 'write' 'readreq' 'writereq' 'writeresp'>

State 107 <SV = 106> <Delay = 2.92>
ST_107 : Operation 348 [35/68] (2.92ns)   --->   "%empty_35 = writeresp i1 @_ssdm_op_WriteResp.m_axi.p1i64, i64 %gmem_CHN_5_addr_1" [../pageRankReduce/pageRank.cpp:201]   --->   Operation 348 'writeresp' 'empty_35' <Predicate = true> <Delay = 2.92> <CoreInst = "m_axi">   --->   Core 119 'm_axi' <Latency = 0> <II = 1> <Delay = 1.00> <Adapter> <Opcode : 'read' 'write' 'readreq' 'writereq' 'writeresp'>

State 108 <SV = 107> <Delay = 2.92>
ST_108 : Operation 349 [34/68] (2.92ns)   --->   "%empty_35 = writeresp i1 @_ssdm_op_WriteResp.m_axi.p1i64, i64 %gmem_CHN_5_addr_1" [../pageRankReduce/pageRank.cpp:201]   --->   Operation 349 'writeresp' 'empty_35' <Predicate = true> <Delay = 2.92> <CoreInst = "m_axi">   --->   Core 119 'm_axi' <Latency = 0> <II = 1> <Delay = 1.00> <Adapter> <Opcode : 'read' 'write' 'readreq' 'writereq' 'writeresp'>

State 109 <SV = 108> <Delay = 2.92>
ST_109 : Operation 350 [33/68] (2.92ns)   --->   "%empty_35 = writeresp i1 @_ssdm_op_WriteResp.m_axi.p1i64, i64 %gmem_CHN_5_addr_1" [../pageRankReduce/pageRank.cpp:201]   --->   Operation 350 'writeresp' 'empty_35' <Predicate = true> <Delay = 2.92> <CoreInst = "m_axi">   --->   Core 119 'm_axi' <Latency = 0> <II = 1> <Delay = 1.00> <Adapter> <Opcode : 'read' 'write' 'readreq' 'writereq' 'writeresp'>

State 110 <SV = 109> <Delay = 2.92>
ST_110 : Operation 351 [32/68] (2.92ns)   --->   "%empty_35 = writeresp i1 @_ssdm_op_WriteResp.m_axi.p1i64, i64 %gmem_CHN_5_addr_1" [../pageRankReduce/pageRank.cpp:201]   --->   Operation 351 'writeresp' 'empty_35' <Predicate = true> <Delay = 2.92> <CoreInst = "m_axi">   --->   Core 119 'm_axi' <Latency = 0> <II = 1> <Delay = 1.00> <Adapter> <Opcode : 'read' 'write' 'readreq' 'writereq' 'writeresp'>

State 111 <SV = 110> <Delay = 2.92>
ST_111 : Operation 352 [31/68] (2.92ns)   --->   "%empty_35 = writeresp i1 @_ssdm_op_WriteResp.m_axi.p1i64, i64 %gmem_CHN_5_addr_1" [../pageRankReduce/pageRank.cpp:201]   --->   Operation 352 'writeresp' 'empty_35' <Predicate = true> <Delay = 2.92> <CoreInst = "m_axi">   --->   Core 119 'm_axi' <Latency = 0> <II = 1> <Delay = 1.00> <Adapter> <Opcode : 'read' 'write' 'readreq' 'writereq' 'writeresp'>

State 112 <SV = 111> <Delay = 2.92>
ST_112 : Operation 353 [30/68] (2.92ns)   --->   "%empty_35 = writeresp i1 @_ssdm_op_WriteResp.m_axi.p1i64, i64 %gmem_CHN_5_addr_1" [../pageRankReduce/pageRank.cpp:201]   --->   Operation 353 'writeresp' 'empty_35' <Predicate = true> <Delay = 2.92> <CoreInst = "m_axi">   --->   Core 119 'm_axi' <Latency = 0> <II = 1> <Delay = 1.00> <Adapter> <Opcode : 'read' 'write' 'readreq' 'writereq' 'writeresp'>

State 113 <SV = 112> <Delay = 2.92>
ST_113 : Operation 354 [29/68] (2.92ns)   --->   "%empty_35 = writeresp i1 @_ssdm_op_WriteResp.m_axi.p1i64, i64 %gmem_CHN_5_addr_1" [../pageRankReduce/pageRank.cpp:201]   --->   Operation 354 'writeresp' 'empty_35' <Predicate = true> <Delay = 2.92> <CoreInst = "m_axi">   --->   Core 119 'm_axi' <Latency = 0> <II = 1> <Delay = 1.00> <Adapter> <Opcode : 'read' 'write' 'readreq' 'writereq' 'writeresp'>

State 114 <SV = 113> <Delay = 2.92>
ST_114 : Operation 355 [28/68] (2.92ns)   --->   "%empty_35 = writeresp i1 @_ssdm_op_WriteResp.m_axi.p1i64, i64 %gmem_CHN_5_addr_1" [../pageRankReduce/pageRank.cpp:201]   --->   Operation 355 'writeresp' 'empty_35' <Predicate = true> <Delay = 2.92> <CoreInst = "m_axi">   --->   Core 119 'm_axi' <Latency = 0> <II = 1> <Delay = 1.00> <Adapter> <Opcode : 'read' 'write' 'readreq' 'writereq' 'writeresp'>

State 115 <SV = 114> <Delay = 2.92>
ST_115 : Operation 356 [27/68] (2.92ns)   --->   "%empty_35 = writeresp i1 @_ssdm_op_WriteResp.m_axi.p1i64, i64 %gmem_CHN_5_addr_1" [../pageRankReduce/pageRank.cpp:201]   --->   Operation 356 'writeresp' 'empty_35' <Predicate = true> <Delay = 2.92> <CoreInst = "m_axi">   --->   Core 119 'm_axi' <Latency = 0> <II = 1> <Delay = 1.00> <Adapter> <Opcode : 'read' 'write' 'readreq' 'writereq' 'writeresp'>

State 116 <SV = 115> <Delay = 2.92>
ST_116 : Operation 357 [26/68] (2.92ns)   --->   "%empty_35 = writeresp i1 @_ssdm_op_WriteResp.m_axi.p1i64, i64 %gmem_CHN_5_addr_1" [../pageRankReduce/pageRank.cpp:201]   --->   Operation 357 'writeresp' 'empty_35' <Predicate = true> <Delay = 2.92> <CoreInst = "m_axi">   --->   Core 119 'm_axi' <Latency = 0> <II = 1> <Delay = 1.00> <Adapter> <Opcode : 'read' 'write' 'readreq' 'writereq' 'writeresp'>

State 117 <SV = 116> <Delay = 2.92>
ST_117 : Operation 358 [25/68] (2.92ns)   --->   "%empty_35 = writeresp i1 @_ssdm_op_WriteResp.m_axi.p1i64, i64 %gmem_CHN_5_addr_1" [../pageRankReduce/pageRank.cpp:201]   --->   Operation 358 'writeresp' 'empty_35' <Predicate = true> <Delay = 2.92> <CoreInst = "m_axi">   --->   Core 119 'm_axi' <Latency = 0> <II = 1> <Delay = 1.00> <Adapter> <Opcode : 'read' 'write' 'readreq' 'writereq' 'writeresp'>

State 118 <SV = 117> <Delay = 2.92>
ST_118 : Operation 359 [24/68] (2.92ns)   --->   "%empty_35 = writeresp i1 @_ssdm_op_WriteResp.m_axi.p1i64, i64 %gmem_CHN_5_addr_1" [../pageRankReduce/pageRank.cpp:201]   --->   Operation 359 'writeresp' 'empty_35' <Predicate = true> <Delay = 2.92> <CoreInst = "m_axi">   --->   Core 119 'm_axi' <Latency = 0> <II = 1> <Delay = 1.00> <Adapter> <Opcode : 'read' 'write' 'readreq' 'writereq' 'writeresp'>

State 119 <SV = 118> <Delay = 2.92>
ST_119 : Operation 360 [23/68] (2.92ns)   --->   "%empty_35 = writeresp i1 @_ssdm_op_WriteResp.m_axi.p1i64, i64 %gmem_CHN_5_addr_1" [../pageRankReduce/pageRank.cpp:201]   --->   Operation 360 'writeresp' 'empty_35' <Predicate = true> <Delay = 2.92> <CoreInst = "m_axi">   --->   Core 119 'm_axi' <Latency = 0> <II = 1> <Delay = 1.00> <Adapter> <Opcode : 'read' 'write' 'readreq' 'writereq' 'writeresp'>

State 120 <SV = 119> <Delay = 2.92>
ST_120 : Operation 361 [22/68] (2.92ns)   --->   "%empty_35 = writeresp i1 @_ssdm_op_WriteResp.m_axi.p1i64, i64 %gmem_CHN_5_addr_1" [../pageRankReduce/pageRank.cpp:201]   --->   Operation 361 'writeresp' 'empty_35' <Predicate = true> <Delay = 2.92> <CoreInst = "m_axi">   --->   Core 119 'm_axi' <Latency = 0> <II = 1> <Delay = 1.00> <Adapter> <Opcode : 'read' 'write' 'readreq' 'writereq' 'writeresp'>

State 121 <SV = 120> <Delay = 2.92>
ST_121 : Operation 362 [21/68] (2.92ns)   --->   "%empty_35 = writeresp i1 @_ssdm_op_WriteResp.m_axi.p1i64, i64 %gmem_CHN_5_addr_1" [../pageRankReduce/pageRank.cpp:201]   --->   Operation 362 'writeresp' 'empty_35' <Predicate = true> <Delay = 2.92> <CoreInst = "m_axi">   --->   Core 119 'm_axi' <Latency = 0> <II = 1> <Delay = 1.00> <Adapter> <Opcode : 'read' 'write' 'readreq' 'writereq' 'writeresp'>

State 122 <SV = 121> <Delay = 2.92>
ST_122 : Operation 363 [20/68] (2.92ns)   --->   "%empty_35 = writeresp i1 @_ssdm_op_WriteResp.m_axi.p1i64, i64 %gmem_CHN_5_addr_1" [../pageRankReduce/pageRank.cpp:201]   --->   Operation 363 'writeresp' 'empty_35' <Predicate = true> <Delay = 2.92> <CoreInst = "m_axi">   --->   Core 119 'm_axi' <Latency = 0> <II = 1> <Delay = 1.00> <Adapter> <Opcode : 'read' 'write' 'readreq' 'writereq' 'writeresp'>

State 123 <SV = 122> <Delay = 2.92>
ST_123 : Operation 364 [19/68] (2.92ns)   --->   "%empty_35 = writeresp i1 @_ssdm_op_WriteResp.m_axi.p1i64, i64 %gmem_CHN_5_addr_1" [../pageRankReduce/pageRank.cpp:201]   --->   Operation 364 'writeresp' 'empty_35' <Predicate = true> <Delay = 2.92> <CoreInst = "m_axi">   --->   Core 119 'm_axi' <Latency = 0> <II = 1> <Delay = 1.00> <Adapter> <Opcode : 'read' 'write' 'readreq' 'writereq' 'writeresp'>

State 124 <SV = 123> <Delay = 2.92>
ST_124 : Operation 365 [18/68] (2.92ns)   --->   "%empty_35 = writeresp i1 @_ssdm_op_WriteResp.m_axi.p1i64, i64 %gmem_CHN_5_addr_1" [../pageRankReduce/pageRank.cpp:201]   --->   Operation 365 'writeresp' 'empty_35' <Predicate = true> <Delay = 2.92> <CoreInst = "m_axi">   --->   Core 119 'm_axi' <Latency = 0> <II = 1> <Delay = 1.00> <Adapter> <Opcode : 'read' 'write' 'readreq' 'writereq' 'writeresp'>

State 125 <SV = 124> <Delay = 2.92>
ST_125 : Operation 366 [17/68] (2.92ns)   --->   "%empty_35 = writeresp i1 @_ssdm_op_WriteResp.m_axi.p1i64, i64 %gmem_CHN_5_addr_1" [../pageRankReduce/pageRank.cpp:201]   --->   Operation 366 'writeresp' 'empty_35' <Predicate = true> <Delay = 2.92> <CoreInst = "m_axi">   --->   Core 119 'm_axi' <Latency = 0> <II = 1> <Delay = 1.00> <Adapter> <Opcode : 'read' 'write' 'readreq' 'writereq' 'writeresp'>

State 126 <SV = 125> <Delay = 2.92>
ST_126 : Operation 367 [16/68] (2.92ns)   --->   "%empty_35 = writeresp i1 @_ssdm_op_WriteResp.m_axi.p1i64, i64 %gmem_CHN_5_addr_1" [../pageRankReduce/pageRank.cpp:201]   --->   Operation 367 'writeresp' 'empty_35' <Predicate = true> <Delay = 2.92> <CoreInst = "m_axi">   --->   Core 119 'm_axi' <Latency = 0> <II = 1> <Delay = 1.00> <Adapter> <Opcode : 'read' 'write' 'readreq' 'writereq' 'writeresp'>

State 127 <SV = 126> <Delay = 2.92>
ST_127 : Operation 368 [15/68] (2.92ns)   --->   "%empty_35 = writeresp i1 @_ssdm_op_WriteResp.m_axi.p1i64, i64 %gmem_CHN_5_addr_1" [../pageRankReduce/pageRank.cpp:201]   --->   Operation 368 'writeresp' 'empty_35' <Predicate = true> <Delay = 2.92> <CoreInst = "m_axi">   --->   Core 119 'm_axi' <Latency = 0> <II = 1> <Delay = 1.00> <Adapter> <Opcode : 'read' 'write' 'readreq' 'writereq' 'writeresp'>

State 128 <SV = 127> <Delay = 2.92>
ST_128 : Operation 369 [14/68] (2.92ns)   --->   "%empty_35 = writeresp i1 @_ssdm_op_WriteResp.m_axi.p1i64, i64 %gmem_CHN_5_addr_1" [../pageRankReduce/pageRank.cpp:201]   --->   Operation 369 'writeresp' 'empty_35' <Predicate = true> <Delay = 2.92> <CoreInst = "m_axi">   --->   Core 119 'm_axi' <Latency = 0> <II = 1> <Delay = 1.00> <Adapter> <Opcode : 'read' 'write' 'readreq' 'writereq' 'writeresp'>

State 129 <SV = 128> <Delay = 2.92>
ST_129 : Operation 370 [13/68] (2.92ns)   --->   "%empty_35 = writeresp i1 @_ssdm_op_WriteResp.m_axi.p1i64, i64 %gmem_CHN_5_addr_1" [../pageRankReduce/pageRank.cpp:201]   --->   Operation 370 'writeresp' 'empty_35' <Predicate = true> <Delay = 2.92> <CoreInst = "m_axi">   --->   Core 119 'm_axi' <Latency = 0> <II = 1> <Delay = 1.00> <Adapter> <Opcode : 'read' 'write' 'readreq' 'writereq' 'writeresp'>

State 130 <SV = 129> <Delay = 2.92>
ST_130 : Operation 371 [12/68] (2.92ns)   --->   "%empty_35 = writeresp i1 @_ssdm_op_WriteResp.m_axi.p1i64, i64 %gmem_CHN_5_addr_1" [../pageRankReduce/pageRank.cpp:201]   --->   Operation 371 'writeresp' 'empty_35' <Predicate = true> <Delay = 2.92> <CoreInst = "m_axi">   --->   Core 119 'm_axi' <Latency = 0> <II = 1> <Delay = 1.00> <Adapter> <Opcode : 'read' 'write' 'readreq' 'writereq' 'writeresp'>

State 131 <SV = 130> <Delay = 2.92>
ST_131 : Operation 372 [11/68] (2.92ns)   --->   "%empty_35 = writeresp i1 @_ssdm_op_WriteResp.m_axi.p1i64, i64 %gmem_CHN_5_addr_1" [../pageRankReduce/pageRank.cpp:201]   --->   Operation 372 'writeresp' 'empty_35' <Predicate = true> <Delay = 2.92> <CoreInst = "m_axi">   --->   Core 119 'm_axi' <Latency = 0> <II = 1> <Delay = 1.00> <Adapter> <Opcode : 'read' 'write' 'readreq' 'writereq' 'writeresp'>

State 132 <SV = 131> <Delay = 2.92>
ST_132 : Operation 373 [10/68] (2.92ns)   --->   "%empty_35 = writeresp i1 @_ssdm_op_WriteResp.m_axi.p1i64, i64 %gmem_CHN_5_addr_1" [../pageRankReduce/pageRank.cpp:201]   --->   Operation 373 'writeresp' 'empty_35' <Predicate = true> <Delay = 2.92> <CoreInst = "m_axi">   --->   Core 119 'm_axi' <Latency = 0> <II = 1> <Delay = 1.00> <Adapter> <Opcode : 'read' 'write' 'readreq' 'writereq' 'writeresp'>

State 133 <SV = 132> <Delay = 2.92>
ST_133 : Operation 374 [9/68] (2.92ns)   --->   "%empty_35 = writeresp i1 @_ssdm_op_WriteResp.m_axi.p1i64, i64 %gmem_CHN_5_addr_1" [../pageRankReduce/pageRank.cpp:201]   --->   Operation 374 'writeresp' 'empty_35' <Predicate = true> <Delay = 2.92> <CoreInst = "m_axi">   --->   Core 119 'm_axi' <Latency = 0> <II = 1> <Delay = 1.00> <Adapter> <Opcode : 'read' 'write' 'readreq' 'writereq' 'writeresp'>

State 134 <SV = 133> <Delay = 2.92>
ST_134 : Operation 375 [8/68] (2.92ns)   --->   "%empty_35 = writeresp i1 @_ssdm_op_WriteResp.m_axi.p1i64, i64 %gmem_CHN_5_addr_1" [../pageRankReduce/pageRank.cpp:201]   --->   Operation 375 'writeresp' 'empty_35' <Predicate = true> <Delay = 2.92> <CoreInst = "m_axi">   --->   Core 119 'm_axi' <Latency = 0> <II = 1> <Delay = 1.00> <Adapter> <Opcode : 'read' 'write' 'readreq' 'writereq' 'writeresp'>

State 135 <SV = 134> <Delay = 2.92>
ST_135 : Operation 376 [7/68] (2.92ns)   --->   "%empty_35 = writeresp i1 @_ssdm_op_WriteResp.m_axi.p1i64, i64 %gmem_CHN_5_addr_1" [../pageRankReduce/pageRank.cpp:201]   --->   Operation 376 'writeresp' 'empty_35' <Predicate = true> <Delay = 2.92> <CoreInst = "m_axi">   --->   Core 119 'm_axi' <Latency = 0> <II = 1> <Delay = 1.00> <Adapter> <Opcode : 'read' 'write' 'readreq' 'writereq' 'writeresp'>

State 136 <SV = 135> <Delay = 2.92>
ST_136 : Operation 377 [6/68] (2.92ns)   --->   "%empty_35 = writeresp i1 @_ssdm_op_WriteResp.m_axi.p1i64, i64 %gmem_CHN_5_addr_1" [../pageRankReduce/pageRank.cpp:201]   --->   Operation 377 'writeresp' 'empty_35' <Predicate = true> <Delay = 2.92> <CoreInst = "m_axi">   --->   Core 119 'm_axi' <Latency = 0> <II = 1> <Delay = 1.00> <Adapter> <Opcode : 'read' 'write' 'readreq' 'writereq' 'writeresp'>

State 137 <SV = 136> <Delay = 2.92>
ST_137 : Operation 378 [5/68] (2.92ns)   --->   "%empty_35 = writeresp i1 @_ssdm_op_WriteResp.m_axi.p1i64, i64 %gmem_CHN_5_addr_1" [../pageRankReduce/pageRank.cpp:201]   --->   Operation 378 'writeresp' 'empty_35' <Predicate = true> <Delay = 2.92> <CoreInst = "m_axi">   --->   Core 119 'm_axi' <Latency = 0> <II = 1> <Delay = 1.00> <Adapter> <Opcode : 'read' 'write' 'readreq' 'writereq' 'writeresp'>

State 138 <SV = 137> <Delay = 2.92>
ST_138 : Operation 379 [4/68] (2.92ns)   --->   "%empty_35 = writeresp i1 @_ssdm_op_WriteResp.m_axi.p1i64, i64 %gmem_CHN_5_addr_1" [../pageRankReduce/pageRank.cpp:201]   --->   Operation 379 'writeresp' 'empty_35' <Predicate = true> <Delay = 2.92> <CoreInst = "m_axi">   --->   Core 119 'm_axi' <Latency = 0> <II = 1> <Delay = 1.00> <Adapter> <Opcode : 'read' 'write' 'readreq' 'writereq' 'writeresp'>

State 139 <SV = 138> <Delay = 2.92>
ST_139 : Operation 380 [3/68] (2.92ns)   --->   "%empty_35 = writeresp i1 @_ssdm_op_WriteResp.m_axi.p1i64, i64 %gmem_CHN_5_addr_1" [../pageRankReduce/pageRank.cpp:201]   --->   Operation 380 'writeresp' 'empty_35' <Predicate = true> <Delay = 2.92> <CoreInst = "m_axi">   --->   Core 119 'm_axi' <Latency = 0> <II = 1> <Delay = 1.00> <Adapter> <Opcode : 'read' 'write' 'readreq' 'writereq' 'writeresp'>

State 140 <SV = 139> <Delay = 2.92>
ST_140 : Operation 381 [2/68] (2.92ns)   --->   "%empty_35 = writeresp i1 @_ssdm_op_WriteResp.m_axi.p1i64, i64 %gmem_CHN_5_addr_1" [../pageRankReduce/pageRank.cpp:201]   --->   Operation 381 'writeresp' 'empty_35' <Predicate = true> <Delay = 2.92> <CoreInst = "m_axi">   --->   Core 119 'm_axi' <Latency = 0> <II = 1> <Delay = 1.00> <Adapter> <Opcode : 'read' 'write' 'readreq' 'writereq' 'writeresp'>

State 141 <SV = 140> <Delay = 2.92>
ST_141 : Operation 382 [1/1] (0.00ns)   --->   "%specinterface_ln0 = specinterface void @_ssdm_op_SpecInterface, i64 %mem, void @ap_fifo_str, i32 0, i32 0, void @p_str, i32 0, i32 0, void @p_str, void @p_str, void @p_str, i32 2, i32 2, i32 16, i32 16, void @p_str, void @ScalarProp_str, i32 4294967295, i32 0, i32 0"   --->   Operation 382 'specinterface' 'specinterface_ln0' <Predicate = true> <Delay = 0.00>
ST_141 : Operation 383 [1/1] (0.00ns)   --->   "%specinterface_ln0 = specinterface void @_ssdm_op_SpecInterface, i480 %taskToWrite, void @empty_4, i32 0, i32 0, void @empty_16, i32 0, i32 0, void @empty_16, void @empty_16, void @empty_16, i32 0, i32 0, i32 0, i32 0, void @empty_16, void @empty_16, i32 4294967295, i32 0, i32 0"   --->   Operation 383 'specinterface' 'specinterface_ln0' <Predicate = true> <Delay = 0.00>
ST_141 : Operation 384 [1/1] (0.00ns)   --->   "%specinterface_ln0 = specinterface void @_ssdm_op_SpecInterface, i32 %sums_stream, void @empty_4, i32 0, i32 0, void @empty_16, i32 0, i32 0, void @empty_16, void @empty_16, void @empty_16, i32 0, i32 0, i32 0, i32 0, void @empty_16, void @empty_16, i32 4294967295, i32 0, i32 0"   --->   Operation 384 'specinterface' 'specinterface_ln0' <Predicate = true> <Delay = 0.00>
ST_141 : Operation 385 [1/1] (0.00ns)   --->   "%specinterface_ln0 = specinterface void @_ssdm_op_SpecInterface, i512 %taskOutGlobal, void @empty_6, i32 1, i32 1, void @empty_5, i32 0, i32 0, void @empty_16, void @empty_16, void @empty_16, i32 0, i32 0, i32 0, i32 0, void @empty_16, void @empty_16, i32 4294967295, i32 0, i32 0"   --->   Operation 385 'specinterface' 'specinterface_ln0' <Predicate = true> <Delay = 0.00>
ST_141 : Operation 386 [1/1] (0.00ns)   --->   "%specinterface_ln0 = specinterface void @_ssdm_op_SpecInterface, i64 %gmem_CHN_5, void @empty_17, i32 0, i32 0, void @empty_16, i32 64, i32 0, void @empty_15, void @empty_14, void @empty_16, i32 64, i32 1, i32 16, i32 16, void @empty_16, void @empty_16, i32 4294967295, i32 0, i32 5"   --->   Operation 386 'specinterface' 'specinterface_ln0' <Predicate = true> <Delay = 0.00>
ST_141 : Operation 387 [1/1] (0.00ns)   --->   "%t = bitconcatenate i32 @_ssdm_op_BitConcatenate.i32.i1.i31, i1 0, i31 %trunc_ln313" [/wrk/ci/prod/2024.1/hls_product/continuous/545/2024.1/src/shared/hls/clib/src/hls/utils/x_hls_utils.h:313->/wrk/ci/prod/2024.1/hls_product/continuous/545/2024.1/src/shared/hls/clib/src/hls/utils/x_hls_utils.h:326->/wrk/ci/prod/2024.1/hls_product/continuous/545/2024.1/src/shared/hls/clib/src/hls/utils/x_hls_utils.h:347->/wrk/ci/prod/2024.1/hls_product/continuous/545/2024.1/src/shared/hls/clib/hlsmath/include/FloatingPoint/hls_copysign.h:14->/wrk/ci/prod/2024.1/hls_product/continuous/545/2024.1/src/shared/hls/clib/hlsmath/include/FloatingPoint/hls_fabs.h:13->/wrk/ci/prod/2024.1/hls_product/continuous/545/2024.1/src/shared/hls/clib/hlsmath/src/c/fabsfloat.cpp:8->/alpha/tools/Xilinx/Vitis_HLS/2024.1/tps/lnx64/gcc-8.3.0/lib/gcc/x86_64-pc-linux-gnu/8.3.0/../../../../include/c++/8.3.0/bits/std_abs.h:75->../pageRankReduce/pageRank.cpp:198]   --->   Operation 387 'bitconcatenate' 't' <Predicate = true> <Delay = 0.00>
ST_141 : Operation 388 [1/68] (2.92ns)   --->   "%empty_35 = writeresp i1 @_ssdm_op_WriteResp.m_axi.p1i64, i64 %gmem_CHN_5_addr_1" [../pageRankReduce/pageRank.cpp:201]   --->   Operation 388 'writeresp' 'empty_35' <Predicate = true> <Delay = 2.92> <CoreInst = "m_axi">   --->   Core 119 'm_axi' <Latency = 0> <II = 1> <Delay = 1.00> <Adapter> <Opcode : 'read' 'write' 'readreq' 'writereq' 'writeresp'>
ST_141 : Operation 389 [1/1] (0.00ns)   --->   "%br_ln204 = br i1 %and_ln204_1, void %if.end, void %if.then" [../pageRankReduce/pageRank.cpp:204]   --->   Operation 389 'br' 'br_ln204' <Predicate = true> <Delay = 0.00>
ST_141 : Operation 390 [1/1] (0.00ns)   --->   "%zext_ln207 = zext i32 %t" [../pageRankReduce/pageRank.cpp:207]   --->   Operation 390 'zext' 'zext_ln207' <Predicate = (and_ln204_1)> <Delay = 0.00>
ST_141 : Operation 391 [2/2] (0.84ns)   --->   "%write_ln207 = write void @_ssdm_op_Write.axis.volatile.i512P128A, i512 %taskOutGlobal, i512 %zext_ln207" [../pageRankReduce/pageRank.cpp:207]   --->   Operation 391 'write' 'write_ln207' <Predicate = (and_ln204_1)> <Delay = 0.84> <CoreInst = "regslice">   --->   Core 148 'regslice' <Latency = 0> <II = 1> <Delay = 0.99> <Adapter> <Opcode : 'read' 'write'>

State 142 <SV = 141> <Delay = 0.84>
ST_142 : Operation 392 [1/2] (0.84ns)   --->   "%write_ln207 = write void @_ssdm_op_Write.axis.volatile.i512P128A, i512 %taskOutGlobal, i512 %zext_ln207" [../pageRankReduce/pageRank.cpp:207]   --->   Operation 392 'write' 'write_ln207' <Predicate = (and_ln204_1)> <Delay = 0.84> <CoreInst = "regslice">   --->   Core 148 'regslice' <Latency = 0> <II = 1> <Delay = 0.99> <Adapter> <Opcode : 'read' 'write'>
ST_142 : Operation 393 [1/1] (0.00ns)   --->   "%br_ln208 = br void %if.end" [../pageRankReduce/pageRank.cpp:208]   --->   Operation 393 'br' 'br_ln208' <Predicate = (and_ln204_1)> <Delay = 0.00>
ST_142 : Operation 394 [1/1] (0.00ns)   --->   "%ret_ln210 = ret" [../pageRankReduce/pageRank.cpp:210]   --->   Operation 394 'ret' 'ret_ln210' <Predicate = true> <Delay = 0.00>


============================================================
+ Verbose Summary: Binding
============================================================
STG Binding: 
---------------- STG Properties BEGIN ----------------
- Is combinational: 0
- Is one-state seq: 0
- Is datapath-only: 0
- Is pipelined: 0
- Is top level: 0
Port [ Return ] is wired: 1; IO mode=ap_ctrl_hs:ce=0
Port [ gmem_CHN_5]:  wired=1; compound=1; hidden=0; nouse=0; global=0; static=0; extern=0; dir=2; type=4; pingpong=0; private_global=0; IO mode=m_axi:ce=0
Port [ mem]:  wired=1; compound=1; hidden=0; nouse=0; global=0; static=0; extern=0; dir=0; type=3; pingpong=0; private_global=0; IO mode=ap_fifo:ce=0
Port [ taskOutGlobal]:  wired=1; compound=1; hidden=0; nouse=0; global=0; static=0; extern=0; dir=1; type=0; pingpong=0; private_global=0; IO mode=axis:ce=0
Port [ taskToWrite]:  wired=1; compound=1; hidden=0; nouse=0; global=0; static=0; extern=0; dir=0; type=3; pingpong=0; private_global=0; IO mode=ap_fifo:ce=0
Port [ sums_stream]:  wired=1; compound=1; hidden=0; nouse=0; global=0; static=0; extern=0; dir=0; type=3; pingpong=0; private_global=0; IO mode=ap_fifo:ce=0
---------------- STG Properties END ------------------

---------------- Datapath Model BEGIN ----------------

<LifeTime>
<method=bitvector/>
mem_1                (read          ) [ 00000000000000000000000000000000000000000000000000000000000000000000000000000000000000000000000000000000000000000000000000000000000000000000000]
val                  (alloca        ) [ 00111111111111111111111111111111111111111111111111111111111111111111111100000000000000000000000000000000000000000000000000000000000000000000000]
sums_stream_read     (read          ) [ 00100000000000000000000000000000000000000000000000000000000000000000000000000000000000000000000000000000000000000000000000000000000000000000000]
taskToWrite_read     (read          ) [ 00000000000000000000000000000000000000000000000000000000000000000000000000000000000000000000000000000000000000000000000000000000000000000000000]
task_pPrCurr         (trunc         ) [ 00000000000000000000000000000000000000000000000000000000000000000000000000000000000000000000000000000000000000000000000000000000000000000000000]
task_pPrNext         (partselect    ) [ 00000000000000000000000000000000000000000000000000000000000000000000000000000000000000000000000000000000000000000000000000000000000000000000000]
task_vertex_count    (partselect    ) [ 00111111100000000000000000000000000000000000000000000000000000000000000000000000000000000000000000000000000000000000000000000000000000000000000]
trunc_ln189_4        (partselect    ) [ 00100000000000000000000000000000000000000000000000000000000000000000000000000000000000000000000000000000000000000000000000000000000000000000000]
tmp_4                (partselect    ) [ 00000000000000000000000000000000000000000000000000000000000000000000000000000000000000000000000000000000000000000000000000000000000000000000000]
and_ln               (bitconcatenate) [ 00000000000000000000000000000000000000000000000000000000000000000000000000000000000000000000000000000000000000000000000000000000000000000000000]
zext_ln197           (zext          ) [ 00000000000000000000000000000000000000000000000000000000000000000000000000000000000000000000000000000000000000000000000000000000000000000000000]
add_ln197            (add           ) [ 00000000000000000000000000000000000000000000000000000000000000000000000000000000000000000000000000000000000000000000000000000000000000000000000]
add_ln197_1          (add           ) [ 00000000000000000000000000000000000000000000000000000000000000000000000000000000000000000000000000000000000000000000000000000000000000000000000]
trunc_ln197_2        (partselect    ) [ 00100000000000000000000000000000000000000000000000000000000000000000000000000000000000000000000000000000000000000000000000000000000000000000000]
trunc_ln197          (trunc         ) [ 00111111111111111111111111111111111111111111111111111111111111111111111111100000000000000000000000000000000000000000000000000000000000000000000]
add_ln201            (add           ) [ 00000000000000000000000000000000000000000000000000000000000000000000000000000000000000000000000000000000000000000000000000000000000000000000000]
add_ln201_1          (add           ) [ 00000000000000000000000000000000000000000000000000000000000000000000000000000000000000000000000000000000000000000000000000000000000000000000000]
trunc_ln201          (trunc         ) [ 00111111111111111111111111111111111111111111111111111111111111111111111110000000000000000000000000000000000000000000000000000000000000000000000]
trunc_ln201_1        (partselect    ) [ 00111111111111111111111111111111111111111111111111111111111111111111111110000000000000000000000000000000000000000000000000000000000000000000000]
sum                  (bitcast       ) [ 00011100000000000000000000000000000000000000000000000000000000000000000000000000000000000000000000000000000000000000000000000000000000000000000]
task_gamma           (bitcast       ) [ 00011111100000000000000000000000000000000000000000000000000000000000000000000000000000000000000000000000000000000000000000000000000000000000000]
sext_ln197           (sext          ) [ 00000000000000000000000000000000000000000000000000000000000000000000000000000000000000000000000000000000000000000000000000000000000000000000000]
gmem_CHN_5_addr      (getelementptr ) [ 00011111111111111111111111111111111111111111111111111111111111111111111111000000000000000000000000000000000000000000000000000000000000000000000]
mul                  (fmul          ) [ 00000011111111111111111111110000000000000000000000000000000000000000000000000000000000000000000000000000000000000000000000000000000000000000000]
sub                  (fsub          ) [ 00000000011111111111100000000000000000000000000000000000000000000000000000000000000000000000000000000000000000000000000000000000000000000000000]
conv                 (uitofp        ) [ 00000000011111111111100000000000000000000000000000000000000000000000000000000000000000000000000000000000000000000000000000000000000000000000000]
div                  (fdiv          ) [ 00000000000000000000011111110000000000000000000000000000000000000000000000000000000000000000000000000000000000000000000000000000000000000000000]
Pnext_v              (fadd          ) [ 00000000000000000000000000001111111111111111111111111111111111111111111111111111110000000000000000000000000000000000000000000000000000000000000]
store_ln202          (store         ) [ 00000000000000000000000000000000000000000000000000000000000000000000000000000000000000000000000000000000000000000000000000000000000000000000000]
store_ln203          (store         ) [ 00000000000000000000000000000000000000000000000000000000000000000000000000000000000000000000000000000000000000000000000000000000000000000000000]
val_load             (load          ) [ 00000000000000000000000000000000000000000000000000000000000000000000000010000000000000000000000000000000000000000000000000000000000000000000000]
bitcast_ln204        (bitcast       ) [ 00000000000000000000000000000000000000000000000000000000000000000000000000000000000000000000000000000000000000000000000000000000000000000000000]
tmp_1                (partselect    ) [ 00000000000000000000000000000000000000000000000000000000000000000000000000000000000000000000000000000000000000000000000000000000000000000000000]
trunc_ln204          (trunc         ) [ 00000000000000000000000000000000000000000000000000000000000000000000000000000000000000000000000000000000000000000000000000000000000000000000000]
icmp_ln204           (icmp          ) [ 00000000000000000000000000000000000000000000000000000000000000000000000010000000000000000000000000000000000000000000000000000000000000000000000]
icmp_ln204_1         (icmp          ) [ 00000000000000000000000000000000000000000000000000000000000000000000000010000000000000000000000000000000000000000000000000000000000000000000000]
gmem_CHN_5_load_req  (readreq       ) [ 00000000000000000000000000000000000000000000000000000000000000000000000000000000000000000000000000000000000000000000000000000000000000000000000]
bitcast_ln201        (bitcast       ) [ 00000000000000000000000000000000000000000000000000000000000000000000000000000000000000000000000000000000000000000000000000000000000000000000000]
zext_ln201           (zext          ) [ 00000000000000000000000000000000000000000000000000000000000000000000000000000000000000000000000000000000000000000000000000000000000000000000000]
zext_ln201_1         (zext          ) [ 00000000000000000000000000000000000000000000000000000000000000000000000000000000000000000000000000000000000000000000000000000000000000000000000]
shl_ln201            (shl           ) [ 00000000000000000000000000000000000000000000000000000000000000000000000001000000000000000000000000000000000000000000000000000000000000000000000]
shl_ln201_1          (bitconcatenate) [ 00000000000000000000000000000000000000000000000000000000000000000000000000000000000000000000000000000000000000000000000000000000000000000000000]
zext_ln201_2         (zext          ) [ 00000000000000000000000000000000000000000000000000000000000000000000000000000000000000000000000000000000000000000000000000000000000000000000000]
shl_ln201_2          (shl           ) [ 00000000000000000000000000000000000000000000000000000000000000000000000001000000000000000000000000000000000000000000000000000000000000000000000]
sext_ln201           (sext          ) [ 00000000000000000000000000000000000000000000000000000000000000000000000000000000000000000000000000000000000000000000000000000000000000000000000]
gmem_CHN_5_addr_1    (getelementptr ) [ 00000000000000000000000000000000000000000000000000000000000000000000000001111111111111111111111111111111111111111111111111111111111111111111110]
empty                (writereq      ) [ 00000000000000000000000000000000000000000000000000000000000000000000000000000000000000000000000000000000000000000000000000000000000000000000000]
tmp_2                (partselect    ) [ 00000000000000000000000000000000000000000000000000000000000000000000000000000000000000000000000000000000000000000000000000000000000000000000000]
trunc_ln204_1        (trunc         ) [ 00000000000000000000000000000000000000000000000000000000000000000000000000000000000000000000000000000000000000000000000000000000000000000000000]
or_ln204             (or            ) [ 00000000000000000000000000000000000000000000000000000000000000000000000000000000000000000000000000000000000000000000000000000000000000000000000]
icmp_ln204_2         (icmp          ) [ 00000000000000000000000000000000000000000000000000000000000000000000000000000000000000000000000000000000000000000000000000000000000000000000000]
icmp_ln204_3         (icmp          ) [ 00000000000000000000000000000000000000000000000000000000000000000000000000000000000000000000000000000000000000000000000000000000000000000000000]
or_ln204_1           (or            ) [ 00000000000000000000000000000000000000000000000000000000000000000000000000000000000000000000000000000000000000000000000000000000000000000000000]
and_ln204            (and           ) [ 00000000000000000000000000000000000000000000000000000000000000000000000000000000000000000000000000000000000000000000000000000000000000000000000]
tmp_3                (fcmp          ) [ 00000000000000000000000000000000000000000000000000000000000000000000000000000000000000000000000000000000000000000000000000000000000000000000000]
and_ln204_1          (and           ) [ 00000000000000000000000000000000000000000000000000000000000000000000000001111111111111111111111111111111111111111111111111111111111111111111111]
gmem_CHN_5_addr_read (read          ) [ 00000000000000000000000000000000000000000000000000000000000000000000000000100000000000000000000000000000000000000000000000000000000000000000000]
write_ln201          (write         ) [ 00000000000000000000000000000000000000000000000000000000000000000000000000000000000000000000000000000000000000000000000000000000000000000000000]
shl_ln               (bitconcatenate) [ 00000000000000000000000000000000000000000000000000000000000000000000000000000000000000000000000000000000000000000000000000000000000000000000000]
zext_ln197_1         (zext          ) [ 00000000000000000000000000000000000000000000000000000000000000000000000000000000000000000000000000000000000000000000000000000000000000000000000]
lshr_ln197           (lshr          ) [ 00000000000000000000000000000000000000000000000000000000000000000000000000000000000000000000000000000000000000000000000000000000000000000000000]
trunc_ln197_1        (trunc         ) [ 00000000000000000000000000000000000000000000000000000000000000000000000000010000000000000000000000000000000000000000000000000000000000000000000]
Pcurrent_v           (bitcast       ) [ 00000000000000000000000000000000000000000000000000000000000000000000000000001111110000000000000000000000000000000000000000000000000000000000000]
dc                   (fsub          ) [ 00000000000000000000000000000000000000000000000000000000000000000000000000000000000000000000000000000000000000000000000000000000000000000000000]
data                 (bitcast       ) [ 00000000000000000000000000000000000000000000000000000000000000000000000000000000000000000000000000000000000000000000000000000000000000000000000]
trunc_ln313          (trunc         ) [ 00000000000000000000000000000000000000000000000000000000000000000000000000000000001111111111111111111111111111111111111111111111111111111111110]
specinterface_ln0    (specinterface ) [ 00000000000000000000000000000000000000000000000000000000000000000000000000000000000000000000000000000000000000000000000000000000000000000000000]
specinterface_ln0    (specinterface ) [ 00000000000000000000000000000000000000000000000000000000000000000000000000000000000000000000000000000000000000000000000000000000000000000000000]
specinterface_ln0    (specinterface ) [ 00000000000000000000000000000000000000000000000000000000000000000000000000000000000000000000000000000000000000000000000000000000000000000000000]
specinterface_ln0    (specinterface ) [ 00000000000000000000000000000000000000000000000000000000000000000000000000000000000000000000000000000000000000000000000000000000000000000000000]
specinterface_ln0    (specinterface ) [ 00000000000000000000000000000000000000000000000000000000000000000000000000000000000000000000000000000000000000000000000000000000000000000000000]
t                    (bitconcatenate) [ 00000000000000000000000000000000000000000000000000000000000000000000000000000000000000000000000000000000000000000000000000000000000000000000000]
empty_35             (writeresp     ) [ 00000000000000000000000000000000000000000000000000000000000000000000000000000000000000000000000000000000000000000000000000000000000000000000000]
br_ln204             (br            ) [ 00000000000000000000000000000000000000000000000000000000000000000000000000000000000000000000000000000000000000000000000000000000000000000000000]
zext_ln207           (zext          ) [ 00000000000000000000000000000000000000000000000000000000000000000000000000000000000000000000000000000000000000000000000000000000000000000000001]
write_ln207          (write         ) [ 00000000000000000000000000000000000000000000000000000000000000000000000000000000000000000000000000000000000000000000000000000000000000000000000]
br_ln208             (br            ) [ 00000000000000000000000000000000000000000000000000000000000000000000000000000000000000000000000000000000000000000000000000000000000000000000000]
ret_ln210            (ret           ) [ 00000000000000000000000000000000000000000000000000000000000000000000000000000000000000000000000000000000000000000000000000000000000000000000000]
</LifeTime>

<model>

<comp_list>
<comp id="0" class="1000" name="gmem_CHN_5">
<pin_list>
<pin id="1" dir="1" index="0" bw="1" slack="0"/>
</pin_list>
<bind>
<StgValue><ssdm name="gmem_CHN_5"/></StgValue>
</bind>
</comp>

<comp id="2" class="1000" name="mem">
<pin_list>
<pin id="3" dir="1" index="0" bw="1" slack="0"/>
</pin_list>
<bind>
<StgValue><ssdm name="mem"/></StgValue>
</bind>
</comp>

<comp id="4" class="1000" name="taskOutGlobal">
<pin_list>
<pin id="5" dir="1" index="0" bw="1" slack="0"/>
</pin_list>
<bind>
<StgValue><ssdm name="taskOutGlobal"/></StgValue>
</bind>
</comp>

<comp id="6" class="1000" name="taskToWrite">
<pin_list>
<pin id="7" dir="1" index="0" bw="1" slack="0"/>
</pin_list>
<bind>
<StgValue><ssdm name="taskToWrite"/></StgValue>
</bind>
</comp>

<comp id="8" class="1000" name="sums_stream">
<pin_list>
<pin id="9" dir="1" index="0" bw="1" slack="0"/>
</pin_list>
<bind>
<StgValue><ssdm name="sums_stream"/></StgValue>
</bind>
</comp>

<comp id="10" class="1001" name="const_10">
<pin_list>
<pin id="11" dir="1" index="0" bw="1" slack="0"/>
</pin_list>
<bind>
<StgValue><ssdm name="_ssdm_op_Read.ap_fifo.i64P0A"/></StgValue>
</bind>
</comp>

<comp id="12" class="1001" name="const_12">
<pin_list>
<pin id="13" dir="1" index="0" bw="1" slack="0"/>
</pin_list>
<bind>
<StgValue><ssdm name=""/></StgValue>
</bind>
</comp>

<comp id="14" class="1001" name="const_14">
<pin_list>
<pin id="15" dir="1" index="0" bw="1" slack="0"/>
</pin_list>
<bind>
<StgValue><ssdm name="_ssdm_op_Read.ap_fifo.volatile.i32P0A"/></StgValue>
</bind>
</comp>

<comp id="16" class="1001" name="const_16">
<pin_list>
<pin id="17" dir="1" index="0" bw="1" slack="0"/>
</pin_list>
<bind>
<StgValue><ssdm name="_ssdm_op_Read.ap_fifo.volatile.i480P0A"/></StgValue>
</bind>
</comp>

<comp id="18" class="1001" name="const_18">
<pin_list>
<pin id="19" dir="1" index="0" bw="1" slack="0"/>
</pin_list>
<bind>
<StgValue><ssdm name="_ssdm_op_PartSelect.i64.i480.i32.i32"/></StgValue>
</bind>
</comp>

<comp id="20" class="1001" name="const_20">
<pin_list>
<pin id="21" dir="1" index="0" bw="1" slack="0"/>
</pin_list>
<bind>
<StgValue><ssdm name=""/></StgValue>
</bind>
</comp>

<comp id="22" class="1001" name="const_22">
<pin_list>
<pin id="23" dir="1" index="0" bw="1" slack="0"/>
</pin_list>
<bind>
<StgValue><ssdm name=""/></StgValue>
</bind>
</comp>

<comp id="24" class="1001" name="const_24">
<pin_list>
<pin id="25" dir="1" index="0" bw="1" slack="0"/>
</pin_list>
<bind>
<StgValue><ssdm name="_ssdm_op_PartSelect.i32.i480.i32.i32"/></StgValue>
</bind>
</comp>

<comp id="26" class="1001" name="const_26">
<pin_list>
<pin id="27" dir="1" index="0" bw="1" slack="0"/>
</pin_list>
<bind>
<StgValue><ssdm name=""/></StgValue>
</bind>
</comp>

<comp id="28" class="1001" name="const_28">
<pin_list>
<pin id="29" dir="1" index="0" bw="1" slack="0"/>
</pin_list>
<bind>
<StgValue><ssdm name=""/></StgValue>
</bind>
</comp>

<comp id="30" class="1001" name="const_30">
<pin_list>
<pin id="31" dir="1" index="0" bw="1" slack="0"/>
</pin_list>
<bind>
<StgValue><ssdm name=""/></StgValue>
</bind>
</comp>

<comp id="32" class="1001" name="const_32">
<pin_list>
<pin id="33" dir="1" index="0" bw="1" slack="0"/>
</pin_list>
<bind>
<StgValue><ssdm name=""/></StgValue>
</bind>
</comp>

<comp id="34" class="1001" name="const_34">
<pin_list>
<pin id="35" dir="1" index="0" bw="1" slack="0"/>
</pin_list>
<bind>
<StgValue><ssdm name=""/></StgValue>
</bind>
</comp>

<comp id="36" class="1001" name="const_36">
<pin_list>
<pin id="37" dir="1" index="0" bw="1" slack="0"/>
</pin_list>
<bind>
<StgValue><ssdm name=""/></StgValue>
</bind>
</comp>

<comp id="38" class="1001" name="const_38">
<pin_list>
<pin id="39" dir="1" index="0" bw="1" slack="0"/>
</pin_list>
<bind>
<StgValue><ssdm name="_ssdm_op_BitConcatenate.i34.i32.i2"/></StgValue>
</bind>
</comp>

<comp id="40" class="1001" name="const_40">
<pin_list>
<pin id="41" dir="1" index="0" bw="1" slack="0"/>
</pin_list>
<bind>
<StgValue><ssdm name=""/></StgValue>
</bind>
</comp>

<comp id="42" class="1001" name="const_42">
<pin_list>
<pin id="43" dir="1" index="0" bw="1" slack="0"/>
</pin_list>
<bind>
<StgValue><ssdm name="_ssdm_op_PartSelect.i61.i64.i32.i32"/></StgValue>
</bind>
</comp>

<comp id="44" class="1001" name="const_44">
<pin_list>
<pin id="45" dir="1" index="0" bw="1" slack="0"/>
</pin_list>
<bind>
<StgValue><ssdm name=""/></StgValue>
</bind>
</comp>

<comp id="46" class="1001" name="const_46">
<pin_list>
<pin id="47" dir="1" index="0" bw="1" slack="0"/>
</pin_list>
<bind>
<StgValue><ssdm name=""/></StgValue>
</bind>
</comp>

<comp id="48" class="1001" name="const_48">
<pin_list>
<pin id="49" dir="1" index="0" bw="1" slack="0"/>
</pin_list>
<bind>
<StgValue><ssdm name=""/></StgValue>
</bind>
</comp>

<comp id="50" class="1001" name="const_50">
<pin_list>
<pin id="51" dir="1" index="0" bw="1" slack="0"/>
</pin_list>
<bind>
<StgValue><ssdm name="_ssdm_op_ReadReq.m_axi.i64P1A"/></StgValue>
</bind>
</comp>

<comp id="52" class="1001" name="const_52">
<pin_list>
<pin id="53" dir="1" index="0" bw="1" slack="0"/>
</pin_list>
<bind>
<StgValue><ssdm name="_ssdm_op_PartSelect.i8.i32.i32.i32"/></StgValue>
</bind>
</comp>

<comp id="54" class="1001" name="const_54">
<pin_list>
<pin id="55" dir="1" index="0" bw="1" slack="0"/>
</pin_list>
<bind>
<StgValue><ssdm name=""/></StgValue>
</bind>
</comp>

<comp id="56" class="1001" name="const_56">
<pin_list>
<pin id="57" dir="1" index="0" bw="1" slack="0"/>
</pin_list>
<bind>
<StgValue><ssdm name=""/></StgValue>
</bind>
</comp>

<comp id="58" class="1001" name="const_58">
<pin_list>
<pin id="59" dir="1" index="0" bw="1" slack="0"/>
</pin_list>
<bind>
<StgValue><ssdm name=""/></StgValue>
</bind>
</comp>

<comp id="60" class="1001" name="const_60">
<pin_list>
<pin id="61" dir="1" index="0" bw="1" slack="0"/>
</pin_list>
<bind>
<StgValue><ssdm name=""/></StgValue>
</bind>
</comp>

<comp id="62" class="1001" name="const_62">
<pin_list>
<pin id="63" dir="1" index="0" bw="1" slack="0"/>
</pin_list>
<bind>
<StgValue><ssdm name=""/></StgValue>
</bind>
</comp>

<comp id="64" class="1001" name="const_64">
<pin_list>
<pin id="65" dir="1" index="0" bw="1" slack="0"/>
</pin_list>
<bind>
<StgValue><ssdm name="_ssdm_op_BitConcatenate.i6.i3.i3"/></StgValue>
</bind>
</comp>

<comp id="66" class="1001" name="const_66">
<pin_list>
<pin id="67" dir="1" index="0" bw="1" slack="0"/>
</pin_list>
<bind>
<StgValue><ssdm name=""/></StgValue>
</bind>
</comp>

<comp id="68" class="1001" name="const_68">
<pin_list>
<pin id="69" dir="1" index="0" bw="1" slack="0"/>
</pin_list>
<bind>
<StgValue><ssdm name="_ssdm_op_WriteReq.m_axi.p1i64"/></StgValue>
</bind>
</comp>

<comp id="70" class="1001" name="const_70">
<pin_list>
<pin id="71" dir="1" index="0" bw="1" slack="0"/>
</pin_list>
<bind>
<StgValue><ssdm name="_ssdm_op_Read.m_axi.i64P1A"/></StgValue>
</bind>
</comp>

<comp id="72" class="1001" name="const_72">
<pin_list>
<pin id="73" dir="1" index="0" bw="1" slack="0"/>
</pin_list>
<bind>
<StgValue><ssdm name="_ssdm_op_Write.m_axi.p1i64"/></StgValue>
</bind>
</comp>

<comp id="74" class="1001" name="const_74">
<pin_list>
<pin id="75" dir="1" index="0" bw="1" slack="0"/>
</pin_list>
<bind>
<StgValue><ssdm name="_ssdm_op_WriteResp.m_axi.p1i64"/></StgValue>
</bind>
</comp>

<comp id="76" class="1001" name="const_76">
<pin_list>
<pin id="77" dir="1" index="0" bw="1" slack="2147483647"/>
</pin_list>
<bind>
<StgValue><ssdm name="_ssdm_op_SpecInterface"/></StgValue>
</bind>
</comp>

<comp id="78" class="1001" name="const_78">
<pin_list>
<pin id="79" dir="1" index="0" bw="1" slack="2147483647"/>
</pin_list>
<bind>
<StgValue><ssdm name="ap_fifo_str"/></StgValue>
</bind>
</comp>

<comp id="80" class="1001" name="const_80">
<pin_list>
<pin id="81" dir="1" index="0" bw="1" slack="2147483647"/>
</pin_list>
<bind>
<StgValue><ssdm name=""/></StgValue>
</bind>
</comp>

<comp id="82" class="1001" name="const_82">
<pin_list>
<pin id="83" dir="1" index="0" bw="1" slack="2147483647"/>
</pin_list>
<bind>
<StgValue><ssdm name="p_str"/></StgValue>
</bind>
</comp>

<comp id="84" class="1001" name="const_84">
<pin_list>
<pin id="85" dir="1" index="0" bw="1" slack="2147483647"/>
</pin_list>
<bind>
<StgValue><ssdm name=""/></StgValue>
</bind>
</comp>

<comp id="86" class="1001" name="const_86">
<pin_list>
<pin id="87" dir="1" index="0" bw="1" slack="2147483647"/>
</pin_list>
<bind>
<StgValue><ssdm name=""/></StgValue>
</bind>
</comp>

<comp id="88" class="1001" name="const_88">
<pin_list>
<pin id="89" dir="1" index="0" bw="1" slack="2147483647"/>
</pin_list>
<bind>
<StgValue><ssdm name="ScalarProp_str"/></StgValue>
</bind>
</comp>

<comp id="90" class="1001" name="const_90">
<pin_list>
<pin id="91" dir="1" index="0" bw="1" slack="2147483647"/>
</pin_list>
<bind>
<StgValue><ssdm name=""/></StgValue>
</bind>
</comp>

<comp id="92" class="1001" name="const_92">
<pin_list>
<pin id="93" dir="1" index="0" bw="1" slack="2147483647"/>
</pin_list>
<bind>
<StgValue><ssdm name="empty_4"/></StgValue>
</bind>
</comp>

<comp id="94" class="1001" name="const_94">
<pin_list>
<pin id="95" dir="1" index="0" bw="1" slack="2147483647"/>
</pin_list>
<bind>
<StgValue><ssdm name="empty_16"/></StgValue>
</bind>
</comp>

<comp id="96" class="1001" name="const_96">
<pin_list>
<pin id="97" dir="1" index="0" bw="1" slack="2147483647"/>
</pin_list>
<bind>
<StgValue><ssdm name="empty_6"/></StgValue>
</bind>
</comp>

<comp id="98" class="1001" name="const_98">
<pin_list>
<pin id="99" dir="1" index="0" bw="1" slack="2147483647"/>
</pin_list>
<bind>
<StgValue><ssdm name=""/></StgValue>
</bind>
</comp>

<comp id="100" class="1001" name="const_100">
<pin_list>
<pin id="101" dir="1" index="0" bw="1" slack="2147483647"/>
</pin_list>
<bind>
<StgValue><ssdm name="empty_5"/></StgValue>
</bind>
</comp>

<comp id="102" class="1001" name="const_102">
<pin_list>
<pin id="103" dir="1" index="0" bw="1" slack="2147483647"/>
</pin_list>
<bind>
<StgValue><ssdm name="empty_17"/></StgValue>
</bind>
</comp>

<comp id="104" class="1001" name="const_104">
<pin_list>
<pin id="105" dir="1" index="0" bw="1" slack="2147483647"/>
</pin_list>
<bind>
<StgValue><ssdm name="empty_15"/></StgValue>
</bind>
</comp>

<comp id="106" class="1001" name="const_106">
<pin_list>
<pin id="107" dir="1" index="0" bw="1" slack="2147483647"/>
</pin_list>
<bind>
<StgValue><ssdm name="empty_14"/></StgValue>
</bind>
</comp>

<comp id="108" class="1001" name="const_108">
<pin_list>
<pin id="109" dir="1" index="0" bw="1" slack="2147483647"/>
</pin_list>
<bind>
<StgValue><ssdm name=""/></StgValue>
</bind>
</comp>

<comp id="110" class="1001" name="const_110">
<pin_list>
<pin id="111" dir="1" index="0" bw="1" slack="0"/>
</pin_list>
<bind>
<StgValue><ssdm name="_ssdm_op_BitConcatenate.i32.i1.i31"/></StgValue>
</bind>
</comp>

<comp id="112" class="1001" name="const_112">
<pin_list>
<pin id="113" dir="1" index="0" bw="1" slack="0"/>
</pin_list>
<bind>
<StgValue><ssdm name=""/></StgValue>
</bind>
</comp>

<comp id="114" class="1001" name="const_114">
<pin_list>
<pin id="115" dir="1" index="0" bw="1" slack="0"/>
</pin_list>
<bind>
<StgValue><ssdm name="_ssdm_op_Write.axis.volatile.i512P128A"/></StgValue>
</bind>
</comp>

<comp id="116" class="1004" name="val_fu_116">
<pin_list>
<pin id="117" dir="0" index="0" bw="1" slack="0"/>
<pin id="118" dir="1" index="1" bw="32" slack="26"/>
</pin_list>
<bind>
<opcode="alloca(26) " fcode="alloca"/>
<opset="val/1 "/>
</bind>
</comp>

<comp id="120" class="1004" name="mem_1_read_fu_120">
<pin_list>
<pin id="121" dir="0" index="0" bw="64" slack="0"/>
<pin id="122" dir="0" index="1" bw="64" slack="0"/>
<pin id="123" dir="1" index="2" bw="64" slack="0"/>
</pin_list>
<bind>
<opcode="read(1150) " fcode="read"/>
<opset="mem_1/1 "/>
</bind>
</comp>

<comp id="126" class="1004" name="sums_stream_read_read_fu_126">
<pin_list>
<pin id="127" dir="0" index="0" bw="32" slack="0"/>
<pin id="128" dir="0" index="1" bw="32" slack="0"/>
<pin id="129" dir="1" index="2" bw="32" slack="1"/>
</pin_list>
<bind>
<opcode="read(1150) " fcode="read"/>
<opset="sums_stream_read/1 "/>
</bind>
</comp>

<comp id="132" class="1004" name="taskToWrite_read_read_fu_132">
<pin_list>
<pin id="133" dir="0" index="0" bw="480" slack="0"/>
<pin id="134" dir="0" index="1" bw="480" slack="0"/>
<pin id="135" dir="1" index="2" bw="480" slack="0"/>
</pin_list>
<bind>
<opcode="read(1150) " fcode="read"/>
<opset="taskToWrite_read/1 "/>
</bind>
</comp>

<comp id="138" class="1004" name="grp_readreq_fu_138">
<pin_list>
<pin id="139" dir="0" index="0" bw="1" slack="0"/>
<pin id="140" dir="0" index="1" bw="64" slack="0"/>
<pin id="141" dir="0" index="2" bw="1" slack="0"/>
<pin id="142" dir="1" index="3" bw="1" slack="2147483647"/>
</pin_list>
<bind>
<opcode="readreq(1154) " fcode="readreq"/>
<opset="gmem_CHN_5_load_req/2 "/>
</bind>
</comp>

<comp id="145" class="1004" name="grp_writeresp_fu_145">
<pin_list>
<pin id="146" dir="0" index="0" bw="1" slack="0"/>
<pin id="147" dir="0" index="1" bw="64" slack="0"/>
<pin id="148" dir="0" index="2" bw="1" slack="0"/>
<pin id="149" dir="1" index="3" bw="1" slack="2147483647"/>
</pin_list>
<bind>
<opcode="writereq(1155) writeresp(1158) " fcode="writeresp"/>
<opset="empty/72 empty_35/74 "/>
</bind>
</comp>

<comp id="152" class="1004" name="gmem_CHN_5_addr_read_read_fu_152">
<pin_list>
<pin id="153" dir="0" index="0" bw="64" slack="0"/>
<pin id="154" dir="0" index="1" bw="64" slack="71"/>
<pin id="155" dir="1" index="2" bw="64" slack="1"/>
</pin_list>
<bind>
<opcode="read(1150) " fcode="read"/>
<opset="gmem_CHN_5_addr_read/73 "/>
</bind>
</comp>

<comp id="157" class="1004" name="write_ln201_write_fu_157">
<pin_list>
<pin id="158" dir="0" index="0" bw="0" slack="0"/>
<pin id="159" dir="0" index="1" bw="64" slack="1"/>
<pin id="160" dir="0" index="2" bw="64" slack="1"/>
<pin id="161" dir="0" index="3" bw="8" slack="1"/>
<pin id="162" dir="1" index="4" bw="0" slack="2147483647"/>
</pin_list>
<bind>
<opcode="write(1151) " fcode="write"/>
<opset="write_ln201/73 "/>
</bind>
</comp>

<comp id="165" class="1004" name="grp_write_fu_165">
<pin_list>
<pin id="166" dir="0" index="0" bw="0" slack="0"/>
<pin id="167" dir="0" index="1" bw="512" slack="0"/>
<pin id="168" dir="0" index="2" bw="32" slack="0"/>
<pin id="169" dir="1" index="3" bw="0" slack="2147483647"/>
</pin_list>
<bind>
<opcode="write(1151) " fcode="write"/>
<opset="write_ln207/141 "/>
</bind>
</comp>

<comp id="172" class="1004" name="grp_fu_172">
<pin_list>
<pin id="173" dir="0" index="0" bw="32" slack="0"/>
<pin id="174" dir="0" index="1" bw="32" slack="0"/>
<pin id="175" dir="1" index="2" bw="32" slack="0"/>
</pin_list>
<bind>
<opcode="fadd(9) fsub(11) " fcode="fadd"/>
<opset="sub/2 Pnext_v/21 dc/75 "/>
</bind>
</comp>

<comp id="177" class="1004" name="grp_fu_177">
<pin_list>
<pin id="178" dir="0" index="0" bw="32" slack="0"/>
<pin id="179" dir="0" index="1" bw="32" slack="0"/>
<pin id="180" dir="1" index="2" bw="32" slack="16"/>
</pin_list>
<bind>
<opcode="fmul(13) " fcode="fmul"/>
<opset="mul/2 "/>
</bind>
</comp>

<comp id="181" class="1004" name="grp_fu_181">
<pin_list>
<pin id="182" dir="0" index="0" bw="32" slack="1"/>
<pin id="183" dir="0" index="1" bw="32" slack="1"/>
<pin id="184" dir="1" index="2" bw="32" slack="1"/>
</pin_list>
<bind>
<opcode="fdiv(16) " fcode="fdiv"/>
<opset="div/9 "/>
</bind>
</comp>

<comp id="185" class="1004" name="grp_fu_185">
<pin_list>
<pin id="186" dir="0" index="0" bw="32" slack="4"/>
<pin id="187" dir="1" index="1" bw="32" slack="1"/>
</pin_list>
<bind>
<opcode="uitofp(38) " fcode="uitofp"/>
<opset="conv/5 "/>
</bind>
</comp>

<comp id="188" class="1004" name="grp_fu_188">
<pin_list>
<pin id="189" dir="0" index="0" bw="32" slack="0"/>
<pin id="190" dir="0" index="1" bw="32" slack="44"/>
<pin id="191" dir="1" index="2" bw="1" slack="0"/>
</pin_list>
<bind>
<opcode="fcmp(46) " fcode="fcmp"/>
<opset="tmp_3/71 "/>
</bind>
</comp>

<comp id="192" class="1005" name="reg_192">
<pin_list>
<pin id="193" dir="0" index="0" bw="32" slack="1"/>
<pin id="194" dir="1" index="1" bw="32" slack="1"/>
</pin_list>
<bind>
<opset="sub Pnext_v "/>
</bind>
</comp>

<comp id="199" class="1004" name="task_pPrCurr_fu_199">
<pin_list>
<pin id="200" dir="0" index="0" bw="480" slack="0"/>
<pin id="201" dir="1" index="1" bw="64" slack="0"/>
</pin_list>
<bind>
<opcode="trunc(33) " fcode="trunc"/>
<opset="task_pPrCurr/1 "/>
</bind>
</comp>

<comp id="203" class="1004" name="task_pPrNext_fu_203">
<pin_list>
<pin id="204" dir="0" index="0" bw="64" slack="0"/>
<pin id="205" dir="0" index="1" bw="480" slack="0"/>
<pin id="206" dir="0" index="2" bw="8" slack="0"/>
<pin id="207" dir="0" index="3" bw="8" slack="0"/>
<pin id="208" dir="1" index="4" bw="64" slack="0"/>
</pin_list>
<bind>
<opcode="partselect(1002) " fcode="partselect"/>
<opset="task_pPrNext/1 "/>
</bind>
</comp>

<comp id="213" class="1004" name="task_vertex_count_fu_213">
<pin_list>
<pin id="214" dir="0" index="0" bw="32" slack="0"/>
<pin id="215" dir="0" index="1" bw="480" slack="0"/>
<pin id="216" dir="0" index="2" bw="10" slack="0"/>
<pin id="217" dir="0" index="3" bw="10" slack="0"/>
<pin id="218" dir="1" index="4" bw="32" slack="4"/>
</pin_list>
<bind>
<opcode="partselect(1002) " fcode="partselect"/>
<opset="task_vertex_count/1 "/>
</bind>
</comp>

<comp id="223" class="1004" name="trunc_ln189_4_fu_223">
<pin_list>
<pin id="224" dir="0" index="0" bw="32" slack="0"/>
<pin id="225" dir="0" index="1" bw="480" slack="0"/>
<pin id="226" dir="0" index="2" bw="10" slack="0"/>
<pin id="227" dir="0" index="3" bw="10" slack="0"/>
<pin id="228" dir="1" index="4" bw="32" slack="1"/>
</pin_list>
<bind>
<opcode="partselect(1002) " fcode="partselect"/>
<opset="trunc_ln189_4/1 "/>
</bind>
</comp>

<comp id="233" class="1004" name="tmp_4_fu_233">
<pin_list>
<pin id="234" dir="0" index="0" bw="32" slack="0"/>
<pin id="235" dir="0" index="1" bw="480" slack="0"/>
<pin id="236" dir="0" index="2" bw="10" slack="0"/>
<pin id="237" dir="0" index="3" bw="10" slack="0"/>
<pin id="238" dir="1" index="4" bw="32" slack="0"/>
</pin_list>
<bind>
<opcode="partselect(1002) " fcode="partselect"/>
<opset="tmp_4/1 "/>
</bind>
</comp>

<comp id="243" class="1004" name="and_ln_fu_243">
<pin_list>
<pin id="244" dir="0" index="0" bw="34" slack="0"/>
<pin id="245" dir="0" index="1" bw="32" slack="0"/>
<pin id="246" dir="0" index="2" bw="1" slack="0"/>
<pin id="247" dir="1" index="3" bw="34" slack="0"/>
</pin_list>
<bind>
<opcode="bitconcatenate(1004) " fcode="bitconcatenate"/>
<opset="and_ln/1 "/>
</bind>
</comp>

<comp id="251" class="1004" name="zext_ln197_fu_251">
<pin_list>
<pin id="252" dir="0" index="0" bw="34" slack="0"/>
<pin id="253" dir="1" index="1" bw="64" slack="0"/>
</pin_list>
<bind>
<opcode="zext(34) " fcode="zext"/>
<opset="zext_ln197/1 "/>
</bind>
</comp>

<comp id="255" class="1004" name="add_ln197_fu_255">
<pin_list>
<pin id="256" dir="0" index="0" bw="64" slack="0"/>
<pin id="257" dir="0" index="1" bw="34" slack="0"/>
<pin id="258" dir="1" index="2" bw="64" slack="0"/>
</pin_list>
<bind>
<opcode="add(8) " fcode="add"/>
<opset="add_ln197/1 "/>
</bind>
</comp>

<comp id="261" class="1004" name="add_ln197_1_fu_261">
<pin_list>
<pin id="262" dir="0" index="0" bw="64" slack="0"/>
<pin id="263" dir="0" index="1" bw="64" slack="0"/>
<pin id="264" dir="1" index="2" bw="64" slack="0"/>
</pin_list>
<bind>
<opcode="add(8) " fcode="add"/>
<opset="add_ln197_1/1 "/>
</bind>
</comp>

<comp id="267" class="1004" name="trunc_ln197_2_fu_267">
<pin_list>
<pin id="268" dir="0" index="0" bw="61" slack="0"/>
<pin id="269" dir="0" index="1" bw="64" slack="0"/>
<pin id="270" dir="0" index="2" bw="3" slack="0"/>
<pin id="271" dir="0" index="3" bw="7" slack="0"/>
<pin id="272" dir="1" index="4" bw="61" slack="1"/>
</pin_list>
<bind>
<opcode="partselect(1002) " fcode="partselect"/>
<opset="trunc_ln197_2/1 "/>
</bind>
</comp>

<comp id="277" class="1004" name="trunc_ln197_fu_277">
<pin_list>
<pin id="278" dir="0" index="0" bw="64" slack="0"/>
<pin id="279" dir="1" index="1" bw="3" slack="73"/>
</pin_list>
<bind>
<opcode="trunc(33) " fcode="trunc"/>
<opset="trunc_ln197/1 "/>
</bind>
</comp>

<comp id="281" class="1004" name="add_ln201_fu_281">
<pin_list>
<pin id="282" dir="0" index="0" bw="64" slack="0"/>
<pin id="283" dir="0" index="1" bw="34" slack="0"/>
<pin id="284" dir="1" index="2" bw="64" slack="0"/>
</pin_list>
<bind>
<opcode="add(8) " fcode="add"/>
<opset="add_ln201/1 "/>
</bind>
</comp>

<comp id="287" class="1004" name="add_ln201_1_fu_287">
<pin_list>
<pin id="288" dir="0" index="0" bw="64" slack="0"/>
<pin id="289" dir="0" index="1" bw="64" slack="0"/>
<pin id="290" dir="1" index="2" bw="64" slack="0"/>
</pin_list>
<bind>
<opcode="add(8) " fcode="add"/>
<opset="add_ln201_1/1 "/>
</bind>
</comp>

<comp id="293" class="1004" name="trunc_ln201_fu_293">
<pin_list>
<pin id="294" dir="0" index="0" bw="64" slack="0"/>
<pin id="295" dir="1" index="1" bw="3" slack="71"/>
</pin_list>
<bind>
<opcode="trunc(33) " fcode="trunc"/>
<opset="trunc_ln201/1 "/>
</bind>
</comp>

<comp id="297" class="1004" name="trunc_ln201_1_fu_297">
<pin_list>
<pin id="298" dir="0" index="0" bw="61" slack="0"/>
<pin id="299" dir="0" index="1" bw="64" slack="0"/>
<pin id="300" dir="0" index="2" bw="3" slack="0"/>
<pin id="301" dir="0" index="3" bw="7" slack="0"/>
<pin id="302" dir="1" index="4" bw="61" slack="71"/>
</pin_list>
<bind>
<opcode="partselect(1002) " fcode="partselect"/>
<opset="trunc_ln201_1/1 "/>
</bind>
</comp>

<comp id="307" class="1004" name="sum_fu_307">
<pin_list>
<pin id="308" dir="0" index="0" bw="32" slack="1"/>
<pin id="309" dir="1" index="1" bw="32" slack="0"/>
</pin_list>
<bind>
<opcode="bitcast(44) " fcode="bitcast"/>
<opset="sum/2 "/>
</bind>
</comp>

<comp id="311" class="1004" name="task_gamma_fu_311">
<pin_list>
<pin id="312" dir="0" index="0" bw="32" slack="1"/>
<pin id="313" dir="1" index="1" bw="32" slack="0"/>
</pin_list>
<bind>
<opcode="bitcast(44) " fcode="bitcast"/>
<opset="task_gamma/2 "/>
</bind>
</comp>

<comp id="316" class="1004" name="sext_ln197_fu_316">
<pin_list>
<pin id="317" dir="0" index="0" bw="61" slack="1"/>
<pin id="318" dir="1" index="1" bw="64" slack="0"/>
</pin_list>
<bind>
<opcode="sext(35) " fcode="sext"/>
<opset="sext_ln197/2 "/>
</bind>
</comp>

<comp id="319" class="1004" name="gmem_CHN_5_addr_fu_319">
<pin_list>
<pin id="320" dir="0" index="0" bw="64" slack="0"/>
<pin id="321" dir="0" index="1" bw="64" slack="0"/>
<pin id="322" dir="1" index="2" bw="64" slack="0"/>
</pin_list>
<bind>
<opcode="getelementptr(29) " fcode="getelementptr"/>
<opset="gmem_CHN_5_addr/2 "/>
</bind>
</comp>

<comp id="326" class="1004" name="store_ln202_store_fu_326">
<pin_list>
<pin id="327" dir="0" index="0" bw="32" slack="0"/>
<pin id="328" dir="0" index="1" bw="32" slack="26"/>
<pin id="329" dir="1" index="2" bw="0" slack="2147483647"/>
</pin_list>
<bind>
<opcode="store(28) " fcode="store"/>
<opset="store_ln202/27 "/>
</bind>
</comp>

<comp id="331" class="1004" name="store_ln203_store_fu_331">
<pin_list>
<pin id="332" dir="0" index="0" bw="32" slack="0"/>
<pin id="333" dir="0" index="1" bw="32" slack="26"/>
<pin id="334" dir="1" index="2" bw="0" slack="2147483647"/>
</pin_list>
<bind>
<opcode="store(28) " fcode="store"/>
<opset="store_ln203/27 "/>
</bind>
</comp>

<comp id="336" class="1004" name="val_load_load_fu_336">
<pin_list>
<pin id="337" dir="0" index="0" bw="32" slack="70"/>
<pin id="338" dir="1" index="1" bw="32" slack="0"/>
</pin_list>
<bind>
<opcode="load(27) " fcode="load"/>
<opset="val_load/71 "/>
</bind>
</comp>

<comp id="340" class="1004" name="bitcast_ln204_fu_340">
<pin_list>
<pin id="341" dir="0" index="0" bw="32" slack="0"/>
<pin id="342" dir="1" index="1" bw="32" slack="0"/>
</pin_list>
<bind>
<opcode="bitcast(44) " fcode="bitcast"/>
<opset="bitcast_ln204/71 "/>
</bind>
</comp>

<comp id="344" class="1004" name="tmp_1_fu_344">
<pin_list>
<pin id="345" dir="0" index="0" bw="8" slack="0"/>
<pin id="346" dir="0" index="1" bw="32" slack="0"/>
<pin id="347" dir="0" index="2" bw="6" slack="0"/>
<pin id="348" dir="0" index="3" bw="6" slack="0"/>
<pin id="349" dir="1" index="4" bw="8" slack="0"/>
</pin_list>
<bind>
<opcode="partselect(1002) " fcode="partselect"/>
<opset="tmp_1/71 "/>
</bind>
</comp>

<comp id="354" class="1004" name="trunc_ln204_fu_354">
<pin_list>
<pin id="355" dir="0" index="0" bw="32" slack="0"/>
<pin id="356" dir="1" index="1" bw="23" slack="0"/>
</pin_list>
<bind>
<opcode="trunc(33) " fcode="trunc"/>
<opset="trunc_ln204/71 "/>
</bind>
</comp>

<comp id="358" class="1004" name="icmp_ln204_fu_358">
<pin_list>
<pin id="359" dir="0" index="0" bw="8" slack="0"/>
<pin id="360" dir="0" index="1" bw="8" slack="0"/>
<pin id="361" dir="1" index="2" bw="1" slack="1"/>
</pin_list>
<bind>
<opcode="icmp(45) " fcode="icmp"/>
<opset="icmp_ln204/71 "/>
</bind>
</comp>

<comp id="364" class="1004" name="icmp_ln204_1_fu_364">
<pin_list>
<pin id="365" dir="0" index="0" bw="23" slack="0"/>
<pin id="366" dir="0" index="1" bw="23" slack="0"/>
<pin id="367" dir="1" index="2" bw="1" slack="1"/>
</pin_list>
<bind>
<opcode="icmp(45) " fcode="icmp"/>
<opset="icmp_ln204_1/71 "/>
</bind>
</comp>

<comp id="370" class="1004" name="bitcast_ln201_fu_370">
<pin_list>
<pin id="371" dir="0" index="0" bw="32" slack="45"/>
<pin id="372" dir="1" index="1" bw="32" slack="0"/>
</pin_list>
<bind>
<opcode="bitcast(44) " fcode="bitcast"/>
<opset="bitcast_ln201/72 "/>
</bind>
</comp>

<comp id="374" class="1004" name="zext_ln201_fu_374">
<pin_list>
<pin id="375" dir="0" index="0" bw="32" slack="0"/>
<pin id="376" dir="1" index="1" bw="64" slack="0"/>
</pin_list>
<bind>
<opcode="zext(34) " fcode="zext"/>
<opset="zext_ln201/72 "/>
</bind>
</comp>

<comp id="378" class="1004" name="zext_ln201_1_fu_378">
<pin_list>
<pin id="379" dir="0" index="0" bw="3" slack="71"/>
<pin id="380" dir="1" index="1" bw="8" slack="0"/>
</pin_list>
<bind>
<opcode="zext(34) " fcode="zext"/>
<opset="zext_ln201_1/72 "/>
</bind>
</comp>

<comp id="381" class="1004" name="shl_ln201_fu_381">
<pin_list>
<pin id="382" dir="0" index="0" bw="5" slack="0"/>
<pin id="383" dir="0" index="1" bw="3" slack="0"/>
<pin id="384" dir="1" index="2" bw="8" slack="1"/>
</pin_list>
<bind>
<opcode="shl(20) " fcode="shl"/>
<opset="shl_ln201/72 "/>
</bind>
</comp>

<comp id="387" class="1004" name="shl_ln201_1_fu_387">
<pin_list>
<pin id="388" dir="0" index="0" bw="6" slack="0"/>
<pin id="389" dir="0" index="1" bw="3" slack="71"/>
<pin id="390" dir="0" index="2" bw="1" slack="0"/>
<pin id="391" dir="1" index="3" bw="6" slack="0"/>
</pin_list>
<bind>
<opcode="bitconcatenate(1004) " fcode="bitconcatenate"/>
<opset="shl_ln201_1/72 "/>
</bind>
</comp>

<comp id="394" class="1004" name="zext_ln201_2_fu_394">
<pin_list>
<pin id="395" dir="0" index="0" bw="6" slack="0"/>
<pin id="396" dir="1" index="1" bw="64" slack="0"/>
</pin_list>
<bind>
<opcode="zext(34) " fcode="zext"/>
<opset="zext_ln201_2/72 "/>
</bind>
</comp>

<comp id="398" class="1004" name="shl_ln201_2_fu_398">
<pin_list>
<pin id="399" dir="0" index="0" bw="32" slack="0"/>
<pin id="400" dir="0" index="1" bw="6" slack="0"/>
<pin id="401" dir="1" index="2" bw="64" slack="1"/>
</pin_list>
<bind>
<opcode="shl(20) " fcode="shl"/>
<opset="shl_ln201_2/72 "/>
</bind>
</comp>

<comp id="404" class="1004" name="sext_ln201_fu_404">
<pin_list>
<pin id="405" dir="0" index="0" bw="61" slack="71"/>
<pin id="406" dir="1" index="1" bw="64" slack="0"/>
</pin_list>
<bind>
<opcode="sext(35) " fcode="sext"/>
<opset="sext_ln201/72 "/>
</bind>
</comp>

<comp id="407" class="1004" name="gmem_CHN_5_addr_1_fu_407">
<pin_list>
<pin id="408" dir="0" index="0" bw="64" slack="0"/>
<pin id="409" dir="0" index="1" bw="64" slack="0"/>
<pin id="410" dir="1" index="2" bw="64" slack="0"/>
</pin_list>
<bind>
<opcode="getelementptr(29) " fcode="getelementptr"/>
<opset="gmem_CHN_5_addr_1/72 "/>
</bind>
</comp>

<comp id="414" class="1004" name="tmp_2_fu_414">
<pin_list>
<pin id="415" dir="0" index="0" bw="8" slack="0"/>
<pin id="416" dir="0" index="1" bw="32" slack="0"/>
<pin id="417" dir="0" index="2" bw="6" slack="0"/>
<pin id="418" dir="0" index="3" bw="6" slack="0"/>
<pin id="419" dir="1" index="4" bw="8" slack="0"/>
</pin_list>
<bind>
<opcode="partselect(1002) " fcode="partselect"/>
<opset="tmp_2/72 "/>
</bind>
</comp>

<comp id="424" class="1004" name="trunc_ln204_1_fu_424">
<pin_list>
<pin id="425" dir="0" index="0" bw="32" slack="0"/>
<pin id="426" dir="1" index="1" bw="23" slack="0"/>
</pin_list>
<bind>
<opcode="trunc(33) " fcode="trunc"/>
<opset="trunc_ln204_1/72 "/>
</bind>
</comp>

<comp id="428" class="1004" name="or_ln204_fu_428">
<pin_list>
<pin id="429" dir="0" index="0" bw="1" slack="1"/>
<pin id="430" dir="0" index="1" bw="1" slack="1"/>
<pin id="431" dir="1" index="2" bw="1" slack="0"/>
</pin_list>
<bind>
<opcode="or(24) " fcode="or"/>
<opset="or_ln204/72 "/>
</bind>
</comp>

<comp id="432" class="1004" name="icmp_ln204_2_fu_432">
<pin_list>
<pin id="433" dir="0" index="0" bw="8" slack="0"/>
<pin id="434" dir="0" index="1" bw="8" slack="0"/>
<pin id="435" dir="1" index="2" bw="1" slack="0"/>
</pin_list>
<bind>
<opcode="icmp(45) " fcode="icmp"/>
<opset="icmp_ln204_2/72 "/>
</bind>
</comp>

<comp id="438" class="1004" name="icmp_ln204_3_fu_438">
<pin_list>
<pin id="439" dir="0" index="0" bw="23" slack="0"/>
<pin id="440" dir="0" index="1" bw="23" slack="0"/>
<pin id="441" dir="1" index="2" bw="1" slack="0"/>
</pin_list>
<bind>
<opcode="icmp(45) " fcode="icmp"/>
<opset="icmp_ln204_3/72 "/>
</bind>
</comp>

<comp id="444" class="1004" name="or_ln204_1_fu_444">
<pin_list>
<pin id="445" dir="0" index="0" bw="1" slack="0"/>
<pin id="446" dir="0" index="1" bw="1" slack="0"/>
<pin id="447" dir="1" index="2" bw="1" slack="0"/>
</pin_list>
<bind>
<opcode="or(24) " fcode="or"/>
<opset="or_ln204_1/72 "/>
</bind>
</comp>

<comp id="450" class="1004" name="and_ln204_fu_450">
<pin_list>
<pin id="451" dir="0" index="0" bw="1" slack="0"/>
<pin id="452" dir="0" index="1" bw="1" slack="0"/>
<pin id="453" dir="1" index="2" bw="1" slack="0"/>
</pin_list>
<bind>
<opcode="and(23) " fcode="and"/>
<opset="and_ln204/72 "/>
</bind>
</comp>

<comp id="456" class="1004" name="and_ln204_1_fu_456">
<pin_list>
<pin id="457" dir="0" index="0" bw="1" slack="0"/>
<pin id="458" dir="0" index="1" bw="1" slack="0"/>
<pin id="459" dir="1" index="2" bw="1" slack="69"/>
</pin_list>
<bind>
<opcode="and(23) " fcode="and"/>
<opset="and_ln204_1/72 "/>
</bind>
</comp>

<comp id="462" class="1004" name="shl_ln_fu_462">
<pin_list>
<pin id="463" dir="0" index="0" bw="6" slack="0"/>
<pin id="464" dir="0" index="1" bw="3" slack="73"/>
<pin id="465" dir="0" index="2" bw="1" slack="0"/>
<pin id="466" dir="1" index="3" bw="6" slack="0"/>
</pin_list>
<bind>
<opcode="bitconcatenate(1004) " fcode="bitconcatenate"/>
<opset="shl_ln/74 "/>
</bind>
</comp>

<comp id="469" class="1004" name="zext_ln197_1_fu_469">
<pin_list>
<pin id="470" dir="0" index="0" bw="6" slack="0"/>
<pin id="471" dir="1" index="1" bw="64" slack="0"/>
</pin_list>
<bind>
<opcode="zext(34) " fcode="zext"/>
<opset="zext_ln197_1/74 "/>
</bind>
</comp>

<comp id="473" class="1004" name="lshr_ln197_fu_473">
<pin_list>
<pin id="474" dir="0" index="0" bw="64" slack="1"/>
<pin id="475" dir="0" index="1" bw="6" slack="0"/>
<pin id="476" dir="1" index="2" bw="64" slack="0"/>
</pin_list>
<bind>
<opcode="lshr(21) " fcode="lshr"/>
<opset="lshr_ln197/74 "/>
</bind>
</comp>

<comp id="478" class="1004" name="trunc_ln197_1_fu_478">
<pin_list>
<pin id="479" dir="0" index="0" bw="64" slack="0"/>
<pin id="480" dir="1" index="1" bw="32" slack="1"/>
</pin_list>
<bind>
<opcode="trunc(33) " fcode="trunc"/>
<opset="trunc_ln197_1/74 "/>
</bind>
</comp>

<comp id="482" class="1004" name="Pcurrent_v_fu_482">
<pin_list>
<pin id="483" dir="0" index="0" bw="32" slack="1"/>
<pin id="484" dir="1" index="1" bw="32" slack="0"/>
</pin_list>
<bind>
<opcode="bitcast(44) " fcode="bitcast"/>
<opset="Pcurrent_v/75 "/>
</bind>
</comp>

<comp id="486" class="1004" name="data_fu_486">
<pin_list>
<pin id="487" dir="0" index="0" bw="32" slack="0"/>
<pin id="488" dir="1" index="1" bw="32" slack="0"/>
</pin_list>
<bind>
<opcode="bitcast(44) " fcode="bitcast"/>
<opset="data/81 "/>
</bind>
</comp>

<comp id="490" class="1004" name="trunc_ln313_fu_490">
<pin_list>
<pin id="491" dir="0" index="0" bw="32" slack="0"/>
<pin id="492" dir="1" index="1" bw="31" slack="60"/>
</pin_list>
<bind>
<opcode="trunc(33) " fcode="trunc"/>
<opset="trunc_ln313/81 "/>
</bind>
</comp>

<comp id="494" class="1004" name="t_fu_494">
<pin_list>
<pin id="495" dir="0" index="0" bw="32" slack="0"/>
<pin id="496" dir="0" index="1" bw="1" slack="0"/>
<pin id="497" dir="0" index="2" bw="31" slack="60"/>
<pin id="498" dir="1" index="3" bw="32" slack="0"/>
</pin_list>
<bind>
<opcode="bitconcatenate(1004) " fcode="bitconcatenate"/>
<opset="t/141 "/>
</bind>
</comp>

<comp id="501" class="1004" name="zext_ln207_fu_501">
<pin_list>
<pin id="502" dir="0" index="0" bw="32" slack="0"/>
<pin id="503" dir="1" index="1" bw="512" slack="0"/>
</pin_list>
<bind>
<opcode="zext(34) " fcode="zext"/>
<opset="zext_ln207/141 "/>
</bind>
</comp>

<comp id="506" class="1005" name="val_reg_506">
<pin_list>
<pin id="507" dir="0" index="0" bw="32" slack="26"/>
<pin id="508" dir="1" index="1" bw="32" slack="26"/>
</pin_list>
<bind>
<opset="val "/>
</bind>
</comp>

<comp id="513" class="1005" name="sums_stream_read_reg_513">
<pin_list>
<pin id="514" dir="0" index="0" bw="32" slack="1"/>
<pin id="515" dir="1" index="1" bw="32" slack="1"/>
</pin_list>
<bind>
<opset="sums_stream_read "/>
</bind>
</comp>

<comp id="518" class="1005" name="task_vertex_count_reg_518">
<pin_list>
<pin id="519" dir="0" index="0" bw="32" slack="4"/>
<pin id="520" dir="1" index="1" bw="32" slack="4"/>
</pin_list>
<bind>
<opset="task_vertex_count "/>
</bind>
</comp>

<comp id="523" class="1005" name="trunc_ln189_4_reg_523">
<pin_list>
<pin id="524" dir="0" index="0" bw="32" slack="1"/>
<pin id="525" dir="1" index="1" bw="32" slack="1"/>
</pin_list>
<bind>
<opset="trunc_ln189_4 "/>
</bind>
</comp>

<comp id="528" class="1005" name="trunc_ln197_2_reg_528">
<pin_list>
<pin id="529" dir="0" index="0" bw="61" slack="1"/>
<pin id="530" dir="1" index="1" bw="61" slack="1"/>
</pin_list>
<bind>
<opset="trunc_ln197_2 "/>
</bind>
</comp>

<comp id="533" class="1005" name="trunc_ln197_reg_533">
<pin_list>
<pin id="534" dir="0" index="0" bw="3" slack="73"/>
<pin id="535" dir="1" index="1" bw="3" slack="73"/>
</pin_list>
<bind>
<opset="trunc_ln197 "/>
</bind>
</comp>

<comp id="538" class="1005" name="trunc_ln201_reg_538">
<pin_list>
<pin id="539" dir="0" index="0" bw="3" slack="71"/>
<pin id="540" dir="1" index="1" bw="3" slack="71"/>
</pin_list>
<bind>
<opset="trunc_ln201 "/>
</bind>
</comp>

<comp id="544" class="1005" name="trunc_ln201_1_reg_544">
<pin_list>
<pin id="545" dir="0" index="0" bw="61" slack="71"/>
<pin id="546" dir="1" index="1" bw="61" slack="71"/>
</pin_list>
<bind>
<opset="trunc_ln201_1 "/>
</bind>
</comp>

<comp id="549" class="1005" name="sum_reg_549">
<pin_list>
<pin id="550" dir="0" index="0" bw="32" slack="1"/>
<pin id="551" dir="1" index="1" bw="32" slack="1"/>
</pin_list>
<bind>
<opset="sum "/>
</bind>
</comp>

<comp id="554" class="1005" name="task_gamma_reg_554">
<pin_list>
<pin id="555" dir="0" index="0" bw="32" slack="1"/>
<pin id="556" dir="1" index="1" bw="32" slack="1"/>
</pin_list>
<bind>
<opset="task_gamma "/>
</bind>
</comp>

<comp id="560" class="1005" name="gmem_CHN_5_addr_reg_560">
<pin_list>
<pin id="561" dir="0" index="0" bw="64" slack="1"/>
<pin id="562" dir="1" index="1" bw="64" slack="1"/>
</pin_list>
<bind>
<opset="gmem_CHN_5_addr "/>
</bind>
</comp>

<comp id="566" class="1005" name="mul_reg_566">
<pin_list>
<pin id="567" dir="0" index="0" bw="32" slack="16"/>
<pin id="568" dir="1" index="1" bw="32" slack="16"/>
</pin_list>
<bind>
<opset="mul "/>
</bind>
</comp>

<comp id="571" class="1005" name="conv_reg_571">
<pin_list>
<pin id="572" dir="0" index="0" bw="32" slack="1"/>
<pin id="573" dir="1" index="1" bw="32" slack="1"/>
</pin_list>
<bind>
<opset="conv "/>
</bind>
</comp>

<comp id="576" class="1005" name="div_reg_576">
<pin_list>
<pin id="577" dir="0" index="0" bw="32" slack="1"/>
<pin id="578" dir="1" index="1" bw="32" slack="1"/>
</pin_list>
<bind>
<opset="div "/>
</bind>
</comp>

<comp id="584" class="1005" name="icmp_ln204_reg_584">
<pin_list>
<pin id="585" dir="0" index="0" bw="1" slack="1"/>
<pin id="586" dir="1" index="1" bw="1" slack="1"/>
</pin_list>
<bind>
<opset="icmp_ln204 "/>
</bind>
</comp>

<comp id="589" class="1005" name="icmp_ln204_1_reg_589">
<pin_list>
<pin id="590" dir="0" index="0" bw="1" slack="1"/>
<pin id="591" dir="1" index="1" bw="1" slack="1"/>
</pin_list>
<bind>
<opset="icmp_ln204_1 "/>
</bind>
</comp>

<comp id="594" class="1005" name="shl_ln201_reg_594">
<pin_list>
<pin id="595" dir="0" index="0" bw="8" slack="1"/>
<pin id="596" dir="1" index="1" bw="8" slack="1"/>
</pin_list>
<bind>
<opset="shl_ln201 "/>
</bind>
</comp>

<comp id="599" class="1005" name="shl_ln201_2_reg_599">
<pin_list>
<pin id="600" dir="0" index="0" bw="64" slack="1"/>
<pin id="601" dir="1" index="1" bw="64" slack="1"/>
</pin_list>
<bind>
<opset="shl_ln201_2 "/>
</bind>
</comp>

<comp id="604" class="1005" name="gmem_CHN_5_addr_1_reg_604">
<pin_list>
<pin id="605" dir="0" index="0" bw="64" slack="1"/>
<pin id="606" dir="1" index="1" bw="64" slack="1"/>
</pin_list>
<bind>
<opset="gmem_CHN_5_addr_1 "/>
</bind>
</comp>

<comp id="610" class="1005" name="and_ln204_1_reg_610">
<pin_list>
<pin id="611" dir="0" index="0" bw="1" slack="69"/>
<pin id="612" dir="1" index="1" bw="1" slack="2147483647"/>
</pin_list>
<bind>
<opset="and_ln204_1 "/>
</bind>
</comp>

<comp id="614" class="1005" name="gmem_CHN_5_addr_read_reg_614">
<pin_list>
<pin id="615" dir="0" index="0" bw="64" slack="1"/>
<pin id="616" dir="1" index="1" bw="64" slack="1"/>
</pin_list>
<bind>
<opset="gmem_CHN_5_addr_read "/>
</bind>
</comp>

<comp id="619" class="1005" name="trunc_ln197_1_reg_619">
<pin_list>
<pin id="620" dir="0" index="0" bw="32" slack="1"/>
<pin id="621" dir="1" index="1" bw="32" slack="1"/>
</pin_list>
<bind>
<opset="trunc_ln197_1 "/>
</bind>
</comp>

<comp id="624" class="1005" name="Pcurrent_v_reg_624">
<pin_list>
<pin id="625" dir="0" index="0" bw="32" slack="1"/>
<pin id="626" dir="1" index="1" bw="32" slack="1"/>
</pin_list>
<bind>
<opset="Pcurrent_v "/>
</bind>
</comp>

<comp id="629" class="1005" name="trunc_ln313_reg_629">
<pin_list>
<pin id="630" dir="0" index="0" bw="31" slack="60"/>
<pin id="631" dir="1" index="1" bw="31" slack="60"/>
</pin_list>
<bind>
<opset="trunc_ln313 "/>
</bind>
</comp>

<comp id="634" class="1005" name="zext_ln207_reg_634">
<pin_list>
<pin id="635" dir="0" index="0" bw="512" slack="1"/>
<pin id="636" dir="1" index="1" bw="512" slack="1"/>
</pin_list>
<bind>
<opset="zext_ln207 "/>
</bind>
</comp>

</comp_list>

<net_list>
<net id="119"><net_src comp="12" pin="0"/><net_sink comp="116" pin=0"/></net>

<net id="124"><net_src comp="10" pin="0"/><net_sink comp="120" pin=0"/></net>

<net id="125"><net_src comp="2" pin="0"/><net_sink comp="120" pin=1"/></net>

<net id="130"><net_src comp="14" pin="0"/><net_sink comp="126" pin=0"/></net>

<net id="131"><net_src comp="8" pin="0"/><net_sink comp="126" pin=1"/></net>

<net id="136"><net_src comp="16" pin="0"/><net_sink comp="132" pin=0"/></net>

<net id="137"><net_src comp="6" pin="0"/><net_sink comp="132" pin=1"/></net>

<net id="143"><net_src comp="50" pin="0"/><net_sink comp="138" pin=0"/></net>

<net id="144"><net_src comp="12" pin="0"/><net_sink comp="138" pin=2"/></net>

<net id="150"><net_src comp="68" pin="0"/><net_sink comp="145" pin=0"/></net>

<net id="151"><net_src comp="12" pin="0"/><net_sink comp="145" pin=2"/></net>

<net id="156"><net_src comp="70" pin="0"/><net_sink comp="152" pin=0"/></net>

<net id="163"><net_src comp="72" pin="0"/><net_sink comp="157" pin=0"/></net>

<net id="164"><net_src comp="74" pin="0"/><net_sink comp="145" pin=0"/></net>

<net id="170"><net_src comp="114" pin="0"/><net_sink comp="165" pin=0"/></net>

<net id="171"><net_src comp="4" pin="0"/><net_sink comp="165" pin=1"/></net>

<net id="176"><net_src comp="48" pin="0"/><net_sink comp="172" pin=0"/></net>

<net id="195"><net_src comp="172" pin="2"/><net_sink comp="192" pin=0"/></net>

<net id="196"><net_src comp="192" pin="1"/><net_sink comp="181" pin=0"/></net>

<net id="197"><net_src comp="192" pin="1"/><net_sink comp="188" pin=1"/></net>

<net id="198"><net_src comp="192" pin="1"/><net_sink comp="172" pin=0"/></net>

<net id="202"><net_src comp="132" pin="2"/><net_sink comp="199" pin=0"/></net>

<net id="209"><net_src comp="18" pin="0"/><net_sink comp="203" pin=0"/></net>

<net id="210"><net_src comp="132" pin="2"/><net_sink comp="203" pin=1"/></net>

<net id="211"><net_src comp="20" pin="0"/><net_sink comp="203" pin=2"/></net>

<net id="212"><net_src comp="22" pin="0"/><net_sink comp="203" pin=3"/></net>

<net id="219"><net_src comp="24" pin="0"/><net_sink comp="213" pin=0"/></net>

<net id="220"><net_src comp="132" pin="2"/><net_sink comp="213" pin=1"/></net>

<net id="221"><net_src comp="26" pin="0"/><net_sink comp="213" pin=2"/></net>

<net id="222"><net_src comp="28" pin="0"/><net_sink comp="213" pin=3"/></net>

<net id="229"><net_src comp="24" pin="0"/><net_sink comp="223" pin=0"/></net>

<net id="230"><net_src comp="132" pin="2"/><net_sink comp="223" pin=1"/></net>

<net id="231"><net_src comp="30" pin="0"/><net_sink comp="223" pin=2"/></net>

<net id="232"><net_src comp="32" pin="0"/><net_sink comp="223" pin=3"/></net>

<net id="239"><net_src comp="24" pin="0"/><net_sink comp="233" pin=0"/></net>

<net id="240"><net_src comp="132" pin="2"/><net_sink comp="233" pin=1"/></net>

<net id="241"><net_src comp="34" pin="0"/><net_sink comp="233" pin=2"/></net>

<net id="242"><net_src comp="36" pin="0"/><net_sink comp="233" pin=3"/></net>

<net id="248"><net_src comp="38" pin="0"/><net_sink comp="243" pin=0"/></net>

<net id="249"><net_src comp="233" pin="4"/><net_sink comp="243" pin=1"/></net>

<net id="250"><net_src comp="40" pin="0"/><net_sink comp="243" pin=2"/></net>

<net id="254"><net_src comp="243" pin="3"/><net_sink comp="251" pin=0"/></net>

<net id="259"><net_src comp="199" pin="1"/><net_sink comp="255" pin=0"/></net>

<net id="260"><net_src comp="251" pin="1"/><net_sink comp="255" pin=1"/></net>

<net id="265"><net_src comp="255" pin="2"/><net_sink comp="261" pin=0"/></net>

<net id="266"><net_src comp="120" pin="2"/><net_sink comp="261" pin=1"/></net>

<net id="273"><net_src comp="42" pin="0"/><net_sink comp="267" pin=0"/></net>

<net id="274"><net_src comp="261" pin="2"/><net_sink comp="267" pin=1"/></net>

<net id="275"><net_src comp="44" pin="0"/><net_sink comp="267" pin=2"/></net>

<net id="276"><net_src comp="46" pin="0"/><net_sink comp="267" pin=3"/></net>

<net id="280"><net_src comp="261" pin="2"/><net_sink comp="277" pin=0"/></net>

<net id="285"><net_src comp="203" pin="4"/><net_sink comp="281" pin=0"/></net>

<net id="286"><net_src comp="251" pin="1"/><net_sink comp="281" pin=1"/></net>

<net id="291"><net_src comp="281" pin="2"/><net_sink comp="287" pin=0"/></net>

<net id="292"><net_src comp="120" pin="2"/><net_sink comp="287" pin=1"/></net>

<net id="296"><net_src comp="287" pin="2"/><net_sink comp="293" pin=0"/></net>

<net id="303"><net_src comp="42" pin="0"/><net_sink comp="297" pin=0"/></net>

<net id="304"><net_src comp="287" pin="2"/><net_sink comp="297" pin=1"/></net>

<net id="305"><net_src comp="44" pin="0"/><net_sink comp="297" pin=2"/></net>

<net id="306"><net_src comp="46" pin="0"/><net_sink comp="297" pin=3"/></net>

<net id="310"><net_src comp="307" pin="1"/><net_sink comp="177" pin=1"/></net>

<net id="314"><net_src comp="311" pin="1"/><net_sink comp="172" pin=1"/></net>

<net id="315"><net_src comp="311" pin="1"/><net_sink comp="177" pin=0"/></net>

<net id="323"><net_src comp="0" pin="0"/><net_sink comp="319" pin=0"/></net>

<net id="324"><net_src comp="316" pin="1"/><net_sink comp="319" pin=1"/></net>

<net id="325"><net_src comp="319" pin="2"/><net_sink comp="138" pin=1"/></net>

<net id="330"><net_src comp="172" pin="2"/><net_sink comp="326" pin=0"/></net>

<net id="335"><net_src comp="172" pin="2"/><net_sink comp="331" pin=0"/></net>

<net id="339"><net_src comp="336" pin="1"/><net_sink comp="188" pin=0"/></net>

<net id="343"><net_src comp="336" pin="1"/><net_sink comp="340" pin=0"/></net>

<net id="350"><net_src comp="52" pin="0"/><net_sink comp="344" pin=0"/></net>

<net id="351"><net_src comp="340" pin="1"/><net_sink comp="344" pin=1"/></net>

<net id="352"><net_src comp="54" pin="0"/><net_sink comp="344" pin=2"/></net>

<net id="353"><net_src comp="56" pin="0"/><net_sink comp="344" pin=3"/></net>

<net id="357"><net_src comp="340" pin="1"/><net_sink comp="354" pin=0"/></net>

<net id="362"><net_src comp="344" pin="4"/><net_sink comp="358" pin=0"/></net>

<net id="363"><net_src comp="58" pin="0"/><net_sink comp="358" pin=1"/></net>

<net id="368"><net_src comp="354" pin="1"/><net_sink comp="364" pin=0"/></net>

<net id="369"><net_src comp="60" pin="0"/><net_sink comp="364" pin=1"/></net>

<net id="373"><net_src comp="192" pin="1"/><net_sink comp="370" pin=0"/></net>

<net id="377"><net_src comp="370" pin="1"/><net_sink comp="374" pin=0"/></net>

<net id="385"><net_src comp="62" pin="0"/><net_sink comp="381" pin=0"/></net>

<net id="386"><net_src comp="378" pin="1"/><net_sink comp="381" pin=1"/></net>

<net id="392"><net_src comp="64" pin="0"/><net_sink comp="387" pin=0"/></net>

<net id="393"><net_src comp="66" pin="0"/><net_sink comp="387" pin=2"/></net>

<net id="397"><net_src comp="387" pin="3"/><net_sink comp="394" pin=0"/></net>

<net id="402"><net_src comp="374" pin="1"/><net_sink comp="398" pin=0"/></net>

<net id="403"><net_src comp="394" pin="1"/><net_sink comp="398" pin=1"/></net>

<net id="411"><net_src comp="0" pin="0"/><net_sink comp="407" pin=0"/></net>

<net id="412"><net_src comp="404" pin="1"/><net_sink comp="407" pin=1"/></net>

<net id="413"><net_src comp="407" pin="2"/><net_sink comp="145" pin=1"/></net>

<net id="420"><net_src comp="52" pin="0"/><net_sink comp="414" pin=0"/></net>

<net id="421"><net_src comp="370" pin="1"/><net_sink comp="414" pin=1"/></net>

<net id="422"><net_src comp="54" pin="0"/><net_sink comp="414" pin=2"/></net>

<net id="423"><net_src comp="56" pin="0"/><net_sink comp="414" pin=3"/></net>

<net id="427"><net_src comp="370" pin="1"/><net_sink comp="424" pin=0"/></net>

<net id="436"><net_src comp="414" pin="4"/><net_sink comp="432" pin=0"/></net>

<net id="437"><net_src comp="58" pin="0"/><net_sink comp="432" pin=1"/></net>

<net id="442"><net_src comp="424" pin="1"/><net_sink comp="438" pin=0"/></net>

<net id="443"><net_src comp="60" pin="0"/><net_sink comp="438" pin=1"/></net>

<net id="448"><net_src comp="438" pin="2"/><net_sink comp="444" pin=0"/></net>

<net id="449"><net_src comp="432" pin="2"/><net_sink comp="444" pin=1"/></net>

<net id="454"><net_src comp="428" pin="2"/><net_sink comp="450" pin=0"/></net>

<net id="455"><net_src comp="444" pin="2"/><net_sink comp="450" pin=1"/></net>

<net id="460"><net_src comp="450" pin="2"/><net_sink comp="456" pin=0"/></net>

<net id="461"><net_src comp="188" pin="2"/><net_sink comp="456" pin=1"/></net>

<net id="467"><net_src comp="64" pin="0"/><net_sink comp="462" pin=0"/></net>

<net id="468"><net_src comp="66" pin="0"/><net_sink comp="462" pin=2"/></net>

<net id="472"><net_src comp="462" pin="3"/><net_sink comp="469" pin=0"/></net>

<net id="477"><net_src comp="469" pin="1"/><net_sink comp="473" pin=1"/></net>

<net id="481"><net_src comp="473" pin="2"/><net_sink comp="478" pin=0"/></net>

<net id="485"><net_src comp="482" pin="1"/><net_sink comp="172" pin=1"/></net>

<net id="489"><net_src comp="172" pin="2"/><net_sink comp="486" pin=0"/></net>

<net id="493"><net_src comp="486" pin="1"/><net_sink comp="490" pin=0"/></net>

<net id="499"><net_src comp="110" pin="0"/><net_sink comp="494" pin=0"/></net>

<net id="500"><net_src comp="112" pin="0"/><net_sink comp="494" pin=1"/></net>

<net id="504"><net_src comp="494" pin="3"/><net_sink comp="501" pin=0"/></net>

<net id="505"><net_src comp="501" pin="1"/><net_sink comp="165" pin=2"/></net>

<net id="509"><net_src comp="116" pin="1"/><net_sink comp="506" pin=0"/></net>

<net id="510"><net_src comp="506" pin="1"/><net_sink comp="326" pin=1"/></net>

<net id="511"><net_src comp="506" pin="1"/><net_sink comp="331" pin=1"/></net>

<net id="512"><net_src comp="506" pin="1"/><net_sink comp="336" pin=0"/></net>

<net id="516"><net_src comp="126" pin="2"/><net_sink comp="513" pin=0"/></net>

<net id="517"><net_src comp="513" pin="1"/><net_sink comp="307" pin=0"/></net>

<net id="521"><net_src comp="213" pin="4"/><net_sink comp="518" pin=0"/></net>

<net id="522"><net_src comp="518" pin="1"/><net_sink comp="185" pin=0"/></net>

<net id="526"><net_src comp="223" pin="4"/><net_sink comp="523" pin=0"/></net>

<net id="527"><net_src comp="523" pin="1"/><net_sink comp="311" pin=0"/></net>

<net id="531"><net_src comp="267" pin="4"/><net_sink comp="528" pin=0"/></net>

<net id="532"><net_src comp="528" pin="1"/><net_sink comp="316" pin=0"/></net>

<net id="536"><net_src comp="277" pin="1"/><net_sink comp="533" pin=0"/></net>

<net id="537"><net_src comp="533" pin="1"/><net_sink comp="462" pin=1"/></net>

<net id="541"><net_src comp="293" pin="1"/><net_sink comp="538" pin=0"/></net>

<net id="542"><net_src comp="538" pin="1"/><net_sink comp="378" pin=0"/></net>

<net id="543"><net_src comp="538" pin="1"/><net_sink comp="387" pin=1"/></net>

<net id="547"><net_src comp="297" pin="4"/><net_sink comp="544" pin=0"/></net>

<net id="548"><net_src comp="544" pin="1"/><net_sink comp="404" pin=0"/></net>

<net id="552"><net_src comp="307" pin="1"/><net_sink comp="549" pin=0"/></net>

<net id="553"><net_src comp="549" pin="1"/><net_sink comp="177" pin=1"/></net>

<net id="557"><net_src comp="311" pin="1"/><net_sink comp="554" pin=0"/></net>

<net id="558"><net_src comp="554" pin="1"/><net_sink comp="172" pin=1"/></net>

<net id="559"><net_src comp="554" pin="1"/><net_sink comp="177" pin=0"/></net>

<net id="563"><net_src comp="319" pin="2"/><net_sink comp="560" pin=0"/></net>

<net id="564"><net_src comp="560" pin="1"/><net_sink comp="138" pin=1"/></net>

<net id="565"><net_src comp="560" pin="1"/><net_sink comp="152" pin=1"/></net>

<net id="569"><net_src comp="177" pin="2"/><net_sink comp="566" pin=0"/></net>

<net id="570"><net_src comp="566" pin="1"/><net_sink comp="172" pin=1"/></net>

<net id="574"><net_src comp="185" pin="1"/><net_sink comp="571" pin=0"/></net>

<net id="575"><net_src comp="571" pin="1"/><net_sink comp="181" pin=1"/></net>

<net id="579"><net_src comp="181" pin="2"/><net_sink comp="576" pin=0"/></net>

<net id="580"><net_src comp="576" pin="1"/><net_sink comp="172" pin=0"/></net>

<net id="587"><net_src comp="358" pin="2"/><net_sink comp="584" pin=0"/></net>

<net id="588"><net_src comp="584" pin="1"/><net_sink comp="428" pin=1"/></net>

<net id="592"><net_src comp="364" pin="2"/><net_sink comp="589" pin=0"/></net>

<net id="593"><net_src comp="589" pin="1"/><net_sink comp="428" pin=0"/></net>

<net id="597"><net_src comp="381" pin="2"/><net_sink comp="594" pin=0"/></net>

<net id="598"><net_src comp="594" pin="1"/><net_sink comp="157" pin=3"/></net>

<net id="602"><net_src comp="398" pin="2"/><net_sink comp="599" pin=0"/></net>

<net id="603"><net_src comp="599" pin="1"/><net_sink comp="157" pin=2"/></net>

<net id="607"><net_src comp="407" pin="2"/><net_sink comp="604" pin=0"/></net>

<net id="608"><net_src comp="604" pin="1"/><net_sink comp="157" pin=1"/></net>

<net id="609"><net_src comp="604" pin="1"/><net_sink comp="145" pin=1"/></net>

<net id="613"><net_src comp="456" pin="2"/><net_sink comp="610" pin=0"/></net>

<net id="617"><net_src comp="152" pin="2"/><net_sink comp="614" pin=0"/></net>

<net id="618"><net_src comp="614" pin="1"/><net_sink comp="473" pin=0"/></net>

<net id="622"><net_src comp="478" pin="1"/><net_sink comp="619" pin=0"/></net>

<net id="623"><net_src comp="619" pin="1"/><net_sink comp="482" pin=0"/></net>

<net id="627"><net_src comp="482" pin="1"/><net_sink comp="624" pin=0"/></net>

<net id="628"><net_src comp="624" pin="1"/><net_sink comp="172" pin=1"/></net>

<net id="632"><net_src comp="490" pin="1"/><net_sink comp="629" pin=0"/></net>

<net id="633"><net_src comp="629" pin="1"/><net_sink comp="494" pin=2"/></net>

<net id="637"><net_src comp="501" pin="1"/><net_sink comp="634" pin=0"/></net>

<net id="638"><net_src comp="634" pin="1"/><net_sink comp="165" pin=2"/></net>

</net_list>

</model> 
---------------- Datapath Model END ------------------

* FSMD analyzer results:
  - Output states:
	Port: gmem_CHN_5 | {72 73 74 75 76 77 78 79 80 81 82 83 84 85 86 87 88 89 90 91 92 93 94 95 96 97 98 99 100 101 102 103 104 105 106 107 108 109 110 111 112 113 114 115 116 117 118 119 120 121 122 123 124 125 126 127 128 129 130 131 132 133 134 135 136 137 138 139 140 141 }
	Port: taskOutGlobal | {142 }
 - Input state : 
	Port: write_arg : gmem_CHN_5 | {2 3 4 5 6 7 8 9 10 11 12 13 14 15 16 17 18 19 20 21 22 23 24 25 26 27 28 29 30 31 32 33 34 35 36 37 38 39 40 41 42 43 44 45 46 47 48 49 50 51 52 53 54 55 56 57 58 59 60 61 62 63 64 65 66 67 68 69 70 71 72 73 }
	Port: write_arg : mem | {1 }
	Port: write_arg : taskOutGlobal | {}
	Port: write_arg : taskToWrite | {1 }
	Port: write_arg : sums_stream | {1 }
  - Chain level:
	State 1
		and_ln : 1
		zext_ln197 : 2
		add_ln197 : 3
		add_ln197_1 : 4
		trunc_ln197_2 : 5
		trunc_ln197 : 5
		add_ln201 : 3
		add_ln201_1 : 4
		trunc_ln201 : 5
		trunc_ln201_1 : 5
	State 2
		sub : 1
		mul : 1
		gmem_CHN_5_addr : 1
		gmem_CHN_5_load_req : 2
	State 3
	State 4
	State 5
	State 6
	State 7
	State 8
	State 9
	State 10
	State 11
	State 12
	State 13
	State 14
	State 15
	State 16
	State 17
	State 18
	State 19
	State 20
	State 21
	State 22
	State 23
	State 24
	State 25
	State 26
	State 27
		store_ln202 : 1
		store_ln203 : 1
	State 28
	State 29
	State 30
	State 31
	State 32
	State 33
	State 34
	State 35
	State 36
	State 37
	State 38
	State 39
	State 40
	State 41
	State 42
	State 43
	State 44
	State 45
	State 46
	State 47
	State 48
	State 49
	State 50
	State 51
	State 52
	State 53
	State 54
	State 55
	State 56
	State 57
	State 58
	State 59
	State 60
	State 61
	State 62
	State 63
	State 64
	State 65
	State 66
	State 67
	State 68
	State 69
	State 70
	State 71
		bitcast_ln204 : 1
		tmp_1 : 2
		trunc_ln204 : 2
		icmp_ln204 : 3
		icmp_ln204_1 : 3
		tmp_3 : 1
	State 72
		zext_ln201 : 1
		shl_ln201 : 1
		zext_ln201_2 : 1
		shl_ln201_2 : 2
		gmem_CHN_5_addr_1 : 1
		empty : 2
		tmp_2 : 1
		trunc_ln204_1 : 1
		icmp_ln204_2 : 2
		icmp_ln204_3 : 2
		or_ln204_1 : 3
		and_ln204 : 3
		and_ln204_1 : 3
	State 73
	State 74
		zext_ln197_1 : 1
		lshr_ln197 : 2
		trunc_ln197_1 : 3
	State 75
		dc : 1
	State 76
	State 77
	State 78
	State 79
	State 80
	State 81
		data : 1
		trunc_ln313 : 2
	State 82
	State 83
	State 84
	State 85
	State 86
	State 87
	State 88
	State 89
	State 90
	State 91
	State 92
	State 93
	State 94
	State 95
	State 96
	State 97
	State 98
	State 99
	State 100
	State 101
	State 102
	State 103
	State 104
	State 105
	State 106
	State 107
	State 108
	State 109
	State 110
	State 111
	State 112
	State 113
	State 114
	State 115
	State 116
	State 117
	State 118
	State 119
	State 120
	State 121
	State 122
	State 123
	State 124
	State 125
	State 126
	State 127
	State 128
	State 129
	State 130
	State 131
	State 132
	State 133
	State 134
	State 135
	State 136
	State 137
	State 138
	State 139
	State 140
	State 141
		zext_ln207 : 1
		write_ln207 : 2
	State 142


============================================================
+ Verbose Summary: Datapath Resource usage 
============================================================

* Functional unit list:
|----------|----------------------------------|---------|---------|---------|
| Operation|          Functional Unit         |   DSP   |    FF   |   LUT   |
|----------|----------------------------------|---------|---------|---------|
|   fadd   |            grp_fu_172            |    2    |   318   |   198   |
|----------|----------------------------------|---------|---------|---------|
|          |         add_ln197_fu_255         |    0    |    0    |    64   |
|    add   |        add_ln197_1_fu_261        |    0    |    0    |    64   |
|          |         add_ln201_fu_281         |    0    |    0    |    64   |
|          |        add_ln201_1_fu_287        |    0    |    0    |    64   |
|----------|----------------------------------|---------|---------|---------|
|   fmul   |            grp_fu_177            |    3    |   143   |    78   |
|----------|----------------------------------|---------|---------|---------|
|   lshr   |         lshr_ln197_fu_473        |    0    |    0    |   182   |
|----------|----------------------------------|---------|---------|---------|
|    shl   |         shl_ln201_fu_381         |    0    |    0    |    11   |
|          |        shl_ln201_2_fu_398        |    0    |    0    |    92   |
|----------|----------------------------------|---------|---------|---------|
|          |         icmp_ln204_fu_358        |    0    |    0    |    15   |
|   icmp   |        icmp_ln204_1_fu_364       |    0    |    0    |    30   |
|          |        icmp_ln204_2_fu_432       |    0    |    0    |    15   |
|          |        icmp_ln204_3_fu_438       |    0    |    0    |    30   |
|----------|----------------------------------|---------|---------|---------|
|    or    |          or_ln204_fu_428         |    0    |    0    |    2    |
|          |         or_ln204_1_fu_444        |    0    |    0    |    2    |
|----------|----------------------------------|---------|---------|---------|
|    and   |         and_ln204_fu_450         |    0    |    0    |    2    |
|          |        and_ln204_1_fu_456        |    0    |    0    |    2    |
|----------|----------------------------------|---------|---------|---------|
|          |         mem_1_read_fu_120        |    0    |    0    |    0    |
|   read   |   sums_stream_read_read_fu_126   |    0    |    0    |    0    |
|          |   taskToWrite_read_read_fu_132   |    0    |    0    |    0    |
|          | gmem_CHN_5_addr_read_read_fu_152 |    0    |    0    |    0    |
|----------|----------------------------------|---------|---------|---------|
|  readreq |        grp_readreq_fu_138        |    0    |    0    |    0    |
|----------|----------------------------------|---------|---------|---------|
| writeresp|       grp_writeresp_fu_145       |    0    |    0    |    0    |
|----------|----------------------------------|---------|---------|---------|
|   write  |     write_ln201_write_fu_157     |    0    |    0    |    0    |
|          |         grp_write_fu_165         |    0    |    0    |    0    |
|----------|----------------------------------|---------|---------|---------|
|   fdiv   |            grp_fu_181            |    0    |    0    |    0    |
|----------|----------------------------------|---------|---------|---------|
|  uitofp  |            grp_fu_185            |    0    |    0    |    0    |
|----------|----------------------------------|---------|---------|---------|
|   fcmp   |            grp_fu_188            |    0    |    0    |    0    |
|----------|----------------------------------|---------|---------|---------|
|          |        task_pPrCurr_fu_199       |    0    |    0    |    0    |
|          |        trunc_ln197_fu_277        |    0    |    0    |    0    |
|          |        trunc_ln201_fu_293        |    0    |    0    |    0    |
|   trunc  |        trunc_ln204_fu_354        |    0    |    0    |    0    |
|          |       trunc_ln204_1_fu_424       |    0    |    0    |    0    |
|          |       trunc_ln197_1_fu_478       |    0    |    0    |    0    |
|          |        trunc_ln313_fu_490        |    0    |    0    |    0    |
|----------|----------------------------------|---------|---------|---------|
|          |        task_pPrNext_fu_203       |    0    |    0    |    0    |
|          |     task_vertex_count_fu_213     |    0    |    0    |    0    |
|          |       trunc_ln189_4_fu_223       |    0    |    0    |    0    |
|partselect|           tmp_4_fu_233           |    0    |    0    |    0    |
|          |       trunc_ln197_2_fu_267       |    0    |    0    |    0    |
|          |       trunc_ln201_1_fu_297       |    0    |    0    |    0    |
|          |           tmp_1_fu_344           |    0    |    0    |    0    |
|          |           tmp_2_fu_414           |    0    |    0    |    0    |
|----------|----------------------------------|---------|---------|---------|
|          |           and_ln_fu_243          |    0    |    0    |    0    |
|bitconcatenate|        shl_ln201_1_fu_387        |    0    |    0    |    0    |
|          |           shl_ln_fu_462          |    0    |    0    |    0    |
|          |             t_fu_494             |    0    |    0    |    0    |
|----------|----------------------------------|---------|---------|---------|
|          |         zext_ln197_fu_251        |    0    |    0    |    0    |
|          |         zext_ln201_fu_374        |    0    |    0    |    0    |
|   zext   |        zext_ln201_1_fu_378       |    0    |    0    |    0    |
|          |        zext_ln201_2_fu_394       |    0    |    0    |    0    |
|          |        zext_ln197_1_fu_469       |    0    |    0    |    0    |
|          |         zext_ln207_fu_501        |    0    |    0    |    0    |
|----------|----------------------------------|---------|---------|---------|
|   sext   |         sext_ln197_fu_316        |    0    |    0    |    0    |
|          |         sext_ln201_fu_404        |    0    |    0    |    0    |
|----------|----------------------------------|---------|---------|---------|
|   Total  |                                  |    5    |   461   |   915   |
|----------|----------------------------------|---------|---------|---------|

Memories:
N/A

* Register list:
+----------------------------+--------+
|                            |   FF   |
+----------------------------+--------+
|     Pcurrent_v_reg_624     |   32   |
|     and_ln204_1_reg_610    |    1   |
|        conv_reg_571        |   32   |
|         div_reg_576        |   32   |
|  gmem_CHN_5_addr_1_reg_604 |   64   |
|gmem_CHN_5_addr_read_reg_614|   64   |
|   gmem_CHN_5_addr_reg_560  |   64   |
|    icmp_ln204_1_reg_589    |    1   |
|     icmp_ln204_reg_584     |    1   |
|         mul_reg_566        |   32   |
|           reg_192          |   32   |
|     shl_ln201_2_reg_599    |   64   |
|      shl_ln201_reg_594     |    8   |
|         sum_reg_549        |   32   |
|  sums_stream_read_reg_513  |   32   |
|     task_gamma_reg_554     |   32   |
|  task_vertex_count_reg_518 |   32   |
|    trunc_ln189_4_reg_523   |   32   |
|    trunc_ln197_1_reg_619   |   32   |
|    trunc_ln197_2_reg_528   |   61   |
|     trunc_ln197_reg_533    |    3   |
|    trunc_ln201_1_reg_544   |   61   |
|     trunc_ln201_reg_538    |    3   |
|     trunc_ln313_reg_629    |   31   |
|         val_reg_506        |   32   |
|     zext_ln207_reg_634     |   512  |
+----------------------------+--------+
|            Total           |  1322  |
+----------------------------+--------+

* Multiplexer (MUX) list: 
|----------------------|------|------|------|--------||---------||---------||---------|
|         Comp         |  Pin | Size |  BW  | S x BW ||  Delay  ||    FF   ||   LUT   |
|----------------------|------|------|------|--------||---------||---------||---------|
|  grp_readreq_fu_138  |  p1  |   2  |  64  |   128  ||    0    ||    9    |
| grp_writeresp_fu_145 |  p0  |   2  |   1  |    2   |
| grp_writeresp_fu_145 |  p1  |   2  |  64  |   128  ||    0    ||    9    |
|   grp_write_fu_165   |  p2  |   2  |  32  |   64   ||    0    ||    9    |
|      grp_fu_172      |  p0  |   3  |  32  |   96   ||    0    ||    14   |
|      grp_fu_172      |  p1  |   5  |  32  |   160  ||    0    ||    26   |
|      grp_fu_177      |  p0  |   2  |  32  |   64   ||    0    ||    9    |
|      grp_fu_177      |  p1  |   2  |  32  |   64   ||    0    ||    9    |
|----------------------|------|------|------|--------||---------||---------||---------|
|         Total        |      |      |      |   706  || 3.22743 ||    0    ||    85   |
|----------------------|------|------|------|--------||---------||---------||---------|



* Summary:
+-----------+--------+--------+--------+--------+
|           |   DSP  |  Delay |   FF   |   LUT  |
+-----------+--------+--------+--------+--------+
|  Function |    5   |    -   |   461  |   915  |
|   Memory  |    -   |    -   |    -   |    -   |
|Multiplexer|    -   |    3   |    0   |   85   |
|  Register |    -   |    -   |  1322  |    -   |
+-----------+--------+--------+--------+--------+
|   Total   |    5   |    3   |  1783  |  1000  |
+-----------+--------+--------+--------+--------+
